rank,name,followers,er,audience_country,topic_of_influence,potential_reach,_platform,_country,_is_global,_year,category_unified,category_status
1,Маргарита Дьяченкова @margo_flury,18700000.0,1.6,Russia,Acting and Drama Celebrity,5600000.0,tiktok,russia,False,2024,Entertainment,MAPPED
2,Katy Vine @katy.vine,12500000.0,,Russia,Entertainment and Music,3800000.0,tiktok,russia,False,2024,Music,MAPPED
3,Даня Бум @danilis_boom,12200000.0,,Russia,Entertainment and Music Animation and Cosplay,3700000.0,tiktok,russia,False,2024,Tech&Gaming,MAPPED
4,КЛАВА КОКА 💃🏼 @klavacoca,10300000.0,,Russia,Entertainment and Music,3100000.0,tiktok,russia,False,2024,Music,MAPPED
5,Настя Монахова @monakhovan_,8900000.0,0.1,Russia,family,2700000.0,tiktok,russia,False,2024,Lifestyle,MAPPED
6,Близнецы Верзаковы @twins.verz.parodies,8500000.0,,Russia,Animation and Cosplay Entertainment and Music,2600000.0,tiktok,russia,False,2024,Tech&Gaming,MAPPED
7,Ольга Бузова @buzova86,8100000.0,,Russia,Entertainment and Music Fashion and Accessories,2400000.0,tiktok,russia,False,2024,Beauty&Fashion,MAPPED
8,Steff @steff_happy,7700000.0,,Russia,,2300000.0,tiktok,russia,False,2024,,
9,Даша Боровик @borovikdashaa,7100000.0,,Russia,Entertainment and Music Product Showcase,2100000.0,tiktok,russia,False,2024,Beauty&Fashion,MAPPED
10,hahadetka @hahadetka,6900000.0,,Russia,Entertainment and Music Funny,2100000.0,tiktok,russia,False,2024,Music,MAPPED
11,Макс и Катя Филаретовы @filaretiki,6800000.0,,Russia,Entertainment and Music Arts and Crafts,2000000.0,tiktok,russia,False,2024,Music,MAPPED
12,ПАША ОСАДЧИЙ @ossadchiy,6500000.0,,Russia,Entertainment and Music,2000000.0,tiktok,russia,False,2024,Music,MAPPED
13,SUPER HOUSE🦸 @superhouse_ru,6400000.0,,Russia,Home and Garden,1900000.0,tiktok,russia,False,2024,Lifestyle,MAPPED
14,Dasha Chepizhko @dashachepizhko,5900000.0,,Russia,,1800000.0,tiktok,russia,False,2024,,
15,Елена Завидова @zavidova9,5900000.0,,Russia,Food Product Showcase,1800000.0,tiktok,russia,False,2024,Beauty&Fashion,MAPPED
16,Эльдар Джарахов @dzharakhov,5800000.0,,Russia,,1700000.0,tiktok,russia,False,2024,,
17,Anastasyia Prichinina @anastasyiaqueen,5700000.0,,Russia,Animation and Cosplay,1700000.0,tiktok,russia,False,2024,Tech&Gaming,MAPPED
18,Sokolov Artyom @sokolov_artyom,5400000.0,,Russia,Arts and Crafts,1600000.0,tiktok,russia,False,2024,Lifestyle,MAPPED
19,Hanna11 @hanna11_anna,4700000.0,,Russia,,1400000.0,tiktok,russia,False,2024,,
20,Hello It’s me SerJay @ser_jay,4700000.0,0.4,Russia,Entertainment and Music,1400000.0,tiktok,russia,False,2024,Music,MAPPED
21,SLEEPY @sleepy.princess.8,4600000.0,,Russia,Entertainment and Music,1400000.0,tiktok,russia,False,2024,Music,MAPPED
22,Никита Морозов Перфе @morozovq,4600000.0,,Russia,,1400000.0,tiktok,russia,False,2024,,
23,Туман Настя @nastyatyman,4500000.0,,Russia,,1400000.0,tiktok,russia,False,2024,,
24,Вова Блэк @vovablackk,4500000.0,,Russia,Fashion and Accessories,1400000.0,tiktok,russia,False,2024,Beauty&Fashion,MAPPED
25,CHERRY DADDY SHOW @cherry_daddy_show,4400000.0,,Russia,Entertainment and Music,1300000.0,tiktok,russia,False,2024,Music,MAPPED
26,Антон @kireev_voice,4400000.0,,Russia,Entertainment and Music,1300000.0,tiktok,russia,False,2024,Music,MAPPED
27,Кушать хочу @kushat_hochu,4300000.0,,Russia,Romance and Wedding Food,1300000.0,tiktok,russia,False,2024,Beauty&Fashion,MAPPED
28,PROSTO MODNO @exterlylove,4300000.0,,Russia,Entertainment and Music,1300000.0,tiktok,russia,False,2024,Music,MAPPED
29,Апасный @aparyk,4200000.0,0.1,Russia,Entertainment and Music,1300000.0,tiktok,russia,False,2024,Music,MAPPED
30,Eva Elfie @theevaelfie,4099999.9999999995,0.1,Russia,Beauty and Self Care Fashion and Accessories,1200000.0,tiktok,russia,False,2024,Beauty&Fashion,MAPPED
31,Войнов Кирилл @voy.nov,4099999.9999999995,,Russia,Funny,1200000.0,tiktok,russia,False,2024,Entertainment,MAPPED
32,Yason Cat 🐾 @yasoncat,3900000.0,0.3,Russia,,1200000.0,tiktok,russia,False,2024,,
33,zotov @zotov.13,3900000.0,,Russia,Entertainment and Music,1200000.0,tiktok,russia,False,2024,Music,MAPPED
34,Зубарев Александр @zubarefff,3900000.0,0.4,Russia,,1200000.0,tiktok,russia,False,2024,,
35,Дворецкий Павел @dvoretsky11,3700000.0,,Russia,Entertainment and Music,1100000.0,tiktok,russia,False,2024,Music,MAPPED
36,АНТОН ФИНИК 🔥 @anton_finik,3600000.0,,Russia,Entertainment and Music,1100000.0,tiktok,russia,False,2024,Music,MAPPED
37,🤩NIKLY🤩 @___nikly___,3500000.0,0.3,Russia,Arts and Crafts Photography Funny,1100000.0,tiktok,russia,False,2024,Entertainment,MAPPED
38,Kiss Kate 🥨 @kisskate_blog,3500000.0,,Russia,Fashion and Accessories Beauty and Self Care Life and Society,1100000.0,tiktok,russia,False,2024,Beauty&Fashion,MAPPED
39,БЕЛКА 🐿️ @anny_myrrr_,3500000.0,,Russia,,1100000.0,tiktok,russia,False,2024,,
40,Troom Troom @troomtroom,3400000.0,,Russia,DIY and Life Hacks,1000000.0,tiktok,russia,False,2024,Lifestyle,MAPPED
41,Мятная Фанта @_mint_fanta_,3400000.0,,Russia,,1000000.0,tiktok,russia,False,2024,,
42,ROB SY @robsyman,3400000.0,,Russia,,1000000.0,tiktok,russia,False,2024,,
43,Michael Galustyan @m_galustyan,3400000.0,0.1,Russia,Entertainment and Music Funny,1000000.0,tiktok,russia,False,2024,Music,MAPPED
44,$opha Kuper @sophakuper,3400000.0,,Russia,Entertainment and Music,1000000.0,tiktok,russia,False,2024,Music,MAPPED
45,ТИЛЭКС🧊🧊🧊 @tilexofficial,3200000.0,,Russia,,960000.0,tiktok,russia,False,2024,,
46,Краснодарская Крошка 🌸 @kentang_bayi,3200000.0,,Russia,Entertainment and Music,960000.0,tiktok,russia,False,2024,Music,MAPPED
47,Это Питер Детка @janka_sega,3200000.0,,Russia,Entertainment and Music,960000.0,tiktok,russia,False,2024,Music,MAPPED
48,Л'Этуаль @letoile_official,3200000.0,,Russia,Beauty and Self Care,960000.0,tiktok,russia,False,2024,Beauty&Fashion,MAPPED
49,Иван Ржевский @xolidayboy,3200000.0,,Russia,Entertainment and Music,960000.0,tiktok,russia,False,2024,Music,MAPPED
50,Камбаров Никита @kambar0v,3100000.0,,Russia,Food,930000.0,tiktok,russia,False,2024,Lifestyle,MAPPED
51,🇧 🇮 🇿 🇴 🇷 🇺 🇸 @bizorus,3100000.0,,Russia,Arts and Crafts,930000.0,tiktok,russia,False,2024,Lifestyle,MAPPED
52,Белладонна Милославская @belladonnamiloslavskaya,3000000.0,,Russia,,900000.0,tiktok,russia,False,2024,,
53,"Привет, я Оля) @lelikolikk",2900000.0,,Russia,Entertainment and Music,870000.0,tiktok,russia,False,2024,Music,MAPPED
54,Потерянный Войсер @saigack,2900000.0,,Russia,Entertainment and Music,870000.0,tiktok,russia,False,2024,Music,MAPPED
55,Элджей @sayonaraboy,2800000.0,,Russia,,840000.0,tiktok,russia,False,2024,,
56,Каролина Моисеенко @karolinna.ru,2800000.0,,Russia,,840000.0,tiktok,russia,False,2024,,
57,Тайны мира @10factov,2800000.0,,Russia,Education,840000.0,tiktok,russia,False,2024,Knowledge&Info,MAPPED
58,Золотое Яблоко @goldapple,2800000.0,,Russia,Beauty and Self Care,840000.0,tiktok,russia,False,2024,Beauty&Fashion,MAPPED
59,Елена Райтман @elena.raytman,2800000.0,,Russia,Education,840000.0,tiktok,russia,False,2024,Knowledge&Info,MAPPED
60,Соня Кодолова @happy56dawn,2800000.0,0.2,Russia,,840000.0,tiktok,russia,False,2024,,
61,Виктор Евгеньч ♠️ @victorblud,2800000.0,,Russia,,840000.0,tiktok,russia,False,2024,,
62,👾T-killah🍸 @t_killah,2800000.0,,Russia,,840000.0,tiktok,russia,False,2024,,
63,Луч Настя @luch.nastya,2700000.0,,Russia,Acting and Drama Entertainment and Music,810000.0,tiktok,russia,False,2024,Music,MAPPED
64,Русский Дэдпул @russiandeadpool,2600000.0,,Russia,,780000.0,tiktok,russia,False,2024,,
65,Weloe / Велое @totweloe,2500000.0,,Russia,,750000.0,tiktok,russia,False,2024,,
66,bittuevv @bittuevv1,2500000.0,,Russia,Funny DIY and Life Hacks Education Upskilling,750000.0,tiktok,russia,False,2024,Knowledge&Info,MAPPED
67,Олег Артемьев (Oleg Artemyev) @olegmks,2500000.0,3.5,Russia,,750000.0,tiktok,russia,False,2024,,
68,Константин Ивлев @ivlev.chef,2400000.0,0.3,Russia,Food,720000.0,tiktok,russia,False,2024,Lifestyle,MAPPED
69,Danechka Blade @daniil_blade,2400000.0,,Russia,Animation and Cosplay,720000.0,tiktok,russia,False,2024,Tech&Gaming,MAPPED
70,Tarlavina Svetlana @svetlana_tarlavina,2400000.0,0.1,Russia,Nature Home and Garden,720000.0,tiktok,russia,False,2024,Lifestyle,MAPPED
71,rus_offf @rus_offf,2300000.0,,Russia,,690000.0,tiktok,russia,False,2024,,
72,лыгаLOVE❤️ @lygalov,2300000.0,,Russia,,690000.0,tiktok,russia,False,2024,,
73,AZAMAT AITALIEV @azamataytaliev25,2300000.0,,Russia,Entertainment and Music,690000.0,tiktok,russia,False,2024,Music,MAPPED
74,NikBoy🤍 @nikindurr,2300000.0,,Russia,Fashion and Accessories,690000.0,tiktok,russia,False,2024,Beauty&Fashion,MAPPED
75,Григорий Мартовский @grishamartovskiy,2300000.0,,Russia,Entertainment and Music Funny Life and Society,690000.0,tiktok,russia,False,2024,Knowledge&Info,MAPPED
76,nekao_official @nekao_official,2300000.0,,Russia,Animation and Cosplay Entertainment and Music,690000.0,tiktok,russia,False,2024,Tech&Gaming,MAPPED
77,ЛУНТИК @lunteek,2300000.0,,Russia,Entertainment and Music,690000.0,tiktok,russia,False,2024,Music,MAPPED
78,Скапмастер Хайтекович @xautek,2300000.0,0.1,Russia,Entertainment and Music,690000.0,tiktok,russia,False,2024,Music,MAPPED
79,Максим Высоцкий @beatbox_max,2300000.0,0.2,Russia,Entertainment and Music,690000.0,tiktok,russia,False,2024,Music,MAPPED
80,Safronov Brothers @safronovbrothers,2300000.0,0.1,Russia,Entertainment and Music,690000.0,tiktok,russia,False,2024,Music,MAPPED
81,Mark Kalinin🖤 @2cutemark,2300000.0,,Russia,,690000.0,tiktok,russia,False,2024,,
82,Волосатая медичка @mazanik_aliona,2200000.0,,Russia,Beauty and Self Care,660000.0,tiktok,russia,False,2024,Beauty&Fashion,MAPPED
83,Lina @linawinme,2200000.0,,Russia,,660000.0,tiktok,russia,False,2024,,
84,Стас Ёрник @stas.yornik,2200000.0,,Russia,,660000.0,tiktok,russia,False,2024,,
85,Valeria Voronina @voronina_valeria_,2200000.0,0.1,Russia,,660000.0,tiktok,russia,False,2024,,
86,avi @avivuni,2100000.0,,Russia,Entertainment and Music,630000.0,tiktok,russia,False,2024,Music,MAPPED
87,Екатерина Куличенко @tetya_mottya,2100000.0,,Russia,,630000.0,tiktok,russia,False,2024,,
88,YanGo @yango,2100000.0,,Russia,,630000.0,tiktok,russia,False,2024,,
89,@sport03tv @sport03tv,2100000.0,,Russia,,630000.0,tiktok,russia,False,2024,,
90,Маша и Медведь @mashaandthebear_official,2100000.0,,Russia,Animation and Cosplay,630000.0,tiktok,russia,False,2024,Tech&Gaming,MAPPED
91,Софья Темникова @sonyatemnikova,2100000.0,,Russia,Auto and Vehicles,630000.0,tiktok,russia,False,2024,Tech&Gaming,MAPPED
92,Дамир Томсон @damir_tomson,2100000.0,,Russia,,630000.0,tiktok,russia,False,2024,,
93,🔥like.meli🔥 @like.meli,2100000.0,,Russia,,630000.0,tiktok,russia,False,2024,,
94,Alan Enileev @alan_enileev,2000000.0,,Russia,Auto and Vehicles Automotive,600000.0,tiktok,russia,False,2024,Tech&Gaming,MAPPED
95,Nika.Family @nika.family,2000000.0,,Russia,Pets Entertainment and Music,600000.0,tiktok,russia,False,2024,Music,MAPPED
96,Инна 👩‍👦Серж @innessa.sib,2000000.0,,Russia,Entertainment and Music,600000.0,tiktok,russia,False,2024,Music,MAPPED
97,Kristina Shmidt @theprincesskris,2000000.0,,Russia,Beauty and Self Care,600000.0,tiktok,russia,False,2024,Beauty&Fashion,MAPPED
98,Артур Томашевский @arthurtomashevskyi,2000000.0,,Russia,Education Entertainment and Music,600000.0,tiktok,russia,False,2024,Knowledge&Info,MAPPED
99,СТС @tv_ctc,1900000.0,,Russia,Entertainment and Music,570000.0,tiktok,russia,False,2024,Music,MAPPED
100,FINIK @finik.finya,1900000.0,0.1,Russia,Entertainment and Music,570000.0,tiktok,russia,False,2024,Music,MAPPED
