original,english
Animacija i Cosplay,Animation and Cosplay
Animation och cosplay,Animation and cosplay
Animação e Cosplay Entretenimento e Música Viagem Artes e Artesanato,Animation and Cosplay Entertainment and Music Travel Arts and Crafts
Arte Cantor,Singer Art
Artes e Artesanato,Arts and Crafts
Artes e Artesanato Cantor,Singer Arts and Crafts
Artes e Artesanato Entretenimento e Música Moda e Acessórios Apresentador de TV,Arts and Crafts Entertainment and Music Fashion and Accessories TV Presenter
Atores,Actors
Atuação e Drama Entretenimento e Música Celebridade,Acting and Drama Entertainment and Music Celebrity
Atuação e Drama Entretenimento e Música Celebridade Celebridades,Acting and Drama Entertainment and Music Celebrities Celebrities
Atuação e Drama Jornalistas,Acting and Drama Journalists
Auto und Fahrzeuge,Car and vehicles
Automóveis e Veículos Automotivo Negócios e Finanças Casa e Jardim,Cars and Vehicles Automotive Business and Finance Home and Garden
Automóveis e Veículos Empreendedor Negócios,Automobiles and Vehicles Entrepreneur Business
Automóveis e Veículos Negócios e Finanças Estilo Estilo de Vida,Automobiles and Vehicles Business and Finance Style Lifestyle
Beauty and Self Care Pets,Beauty and Self Care Pets
Beleza e Cuidados Pessoais Blogueiro Criadores e Celebridades,Beauty and Personal Care Blogger Creators and Celebrities
Beleza e Cuidados Pessoais Educação Entretenimento e Música,Beauty and Personal Care Education Entertainment and Music
Beleza e Cuidados Pessoais Entretenimento e Música,Beauty and Personal Care Entertainment and Music
Beleza e Cuidados Pessoais Entretenimento e Música Música,Beauty and Personal Care Entertainment and Music Music
Beleza e Cuidados Pessoais Estilo,Beauty and Personal Care Style
Beleza e Cuidados Pessoais Moda e Acessórios,Beauty and Personal Care Fashion and Accessories
Beleza e Cuidados Pessoais Moda e Acessórios Educação de Produtos Modelagem,Beauty and Personal Care Fashion and Accessories Product Education Modeling
Beleza e Cuidados Pessoais Moda e Acessórios Negócios e Finanças,Beauty and Personal Care Fashion and Accessories Business and Finance
Beleza e Cuidados Pessoais Negócios e Finanças Atores Modelagem,Beauty and Personal Care Business and Finance Actors Modeling
Beleza e Cuidados Pessoais Negócios e Finanças Estilo de Vida Saúde & Fitness,Beauty & Personal Care Business & Finance Lifestyle Health & Fitness
Beleza e Cuidados Pessoais Viagem Negócios e Finanças Celebridades,Beauty & Personal Care Travel Business & Finance Celebrities
Bildung,Education
Bildung Unterhaltung und Musik,Education entertainment and music
Blogueiro Criadores e Celebridades,Blogger Creators and Celebrities
Careers கொள்முதல்,Careers Purchase
Celebridad,Celebrity
Celebridade,Celebrity
Crianças,Children
DIY und Lebenshacks Unterhaltung und Musik,DIY and life hacks entertainment and music
Datorspel,Computer games
Djur Datorspel,Animals Computer Games
Education Upskilling Business and Finance,Education Upskilling Business and Finance
Educação Família Modelagem,Education Family Modeling
Educação Fitness e Saúde Coach Treinamento,Education Fitness and Health Coach Training
"Educação Negócios e Finanças Comida Cinema, Música & Livros","Education Business & Finance Food Cinema, Music & Books"
Entertainment and Music,Entertainment and Music
Entretenimento e Música,Entertainment and Music
Entretenimento e Música Apresentador de TV,Entertainment and Music TV Presenter
Entretenimento e Música Atores,Entertainment and Music Actors
Entretenimento e Música Beleza e Cuidados Pessoais Educação,Entertainment and Music Beauty and Personal Care Education
Entretenimento e Música Cantor,Entertainment and Music Singer
Entretenimento e Música Cantor Música Composição de Músicas,Entertainment & Music Singer Music Songwriting
Entretenimento e Música Careers,Entertainment and Music Careers
Entretenimento e Música Celebridade,Celebrity Entertainment and Music
Entretenimento e Música Celebridade Atores Modelagem,Entertainment & Music Celebrities Actors Modeling
Entretenimento e Música Celebridade Música Estilo de Vida,Entertainment & Music Celebrity Music Lifestyle
Entretenimento e Música Crianças,Entertainment and Music Children
Entretenimento e Música Engraçado,Funny Entertainment and Music
Entretenimento e Música Marketing e Publicidade Celebridade,Entertainment and Music Marketing and Advertising Celebrity
Entretenimento e Música Moda e Acessórios Paternidade Estilo de Vida,Entertainment & Music Fashion & Accessories Parenting Lifestyle
Entretenimento e Música Música,Entertainment and Music Music
Entretenimento e Música Negócios,Entertainment and Music Business
Entretenimento e Música Paternidade Atores,Entertainment & Music Parenthood Actors
Entretenimento e Música Viagem Romance e Casamento Modelagem,Entertainment and Music Travel Romance and Wedding Modeling
Esportes Entretenimento e Música Fitness e Saúde Tênis,Sports Entertainment & Music Fitness & Health Tennis
Esportes Eventos Futebol,Sports Events Football
Essen und Trinken Mode,Food and drink fashion
Estilo de Vida,Lifestyle
Familj,Family
Família Comida Estilo de Vida,Family Food Lifestyle
Família Vlogger,Vlogger Family
Finanças Negócios e Finanças Celebridade Medical Health,Finance Business and Finance Celebrity Medical Health
Fitness Moda Moda e Acessórios,Fitness Fashion Fashion and Accessories
Fitness e Saúde,Fitness and Health
Fitness e Saúde Moda e Acessórios Beleza e Cuidados Pessoais Negócios e Finanças,Fitness and Health Fashion and Accessories Beauty and Personal Care Business and Finance
Fitness och hälsa,Fitness and health
Food,Food
Fotografering,Photography
Fotografie,Photo
Fotografija Zabava i glazba,Photo Entertainment and music
Glazba,Music
Gluma i drama,Acting and drama
Hrana,Food
Husdjur,Pets
Jogos Entretenimento e Música Vlogger,Games Entertainment and Music Vlogger
Jogos de Vídeo,Video games
Konst och hantverk Hem och trädgård,Arts and Crafts Home and Garden
Kunst und Handwerk,Arts and crafts
Kućni ljubimci,Pets
Kućni ljubimci Zabava i glazba,Pets Entertainment and music
Livros Estilo de Vida,Lifestyle Books
Ljepota i briga za sebe,Beauty and self-care
Lustig Familie,Funny family
Moda e Acessórios,Fashion and Accessories
Moda e Acessórios Celebridade Atores,Fashion and Accessories Celebrities Actors
Moda e Acessórios Educação,Fashion and Accessories Education
Moda e Acessórios Estilo de Vida Estilo Cabelo & Beleza,Fashion & Accessories Lifestyle Hair & Beauty
Moda e Acessórios Fitness e Saúde Viagem Negócios,Fashion and Accessories Fitness and Health Travel Business
Moda e Acessórios Fotografia Educação de Produtos Aperfeiçoamento de Habilidades,Fashion and Accessories Photography Product Education Skills Improvement
Moda e Acessórios Negócios e Finanças Estilo de Vida Celebridades,Fashion and Accessories Business and Finance Lifestyle Celebrities
Moda e Acessórios Viagem Atuação e Drama,Fashion and Accessories Travel Acting and Drama
Moda i pribor Dom i vrt,Fashion and accessories Home and garden
Moda i pribor Uradi sam i savjeti za život,Fashion and accessories DIY and life tips
Mode och accessoarer,Fashion and accessories
Mode och accessoarer Fitness och hälsa,Fashion and accessories Fitness and health
Mode och accessoarer Skönhet och personlig vård,Fashion and accessories Beauty and personal care
Mode und Accessoires,Fashion and accessories
Mode und Accessoires Reisen,Fashion and accessories travel
Modelagem Moda,Fashion Modeling
Música,Music
Música Automotivo Modelagem Carros & Motos,Music Automotive Modeling Cars & Motorcycles
Música Modelagem Cantor,Music Modeling Singer
Natur,Nature
Negócios e Finanças,Business and Finance
Negócios e Finanças Empreendedor Negócios Marketing,Business and Finance Entrepreneur Business Marketing
Negócios e Finanças Finanças Empreendedor Modelagem,Business and Finance Finance Entrepreneur Modeling
Negócios e Finanças Humor,Business and Finance Humor
Negócios e Finanças Música Finanças,Business and Finance Music Finance
Obrazovanje,Education
Obrazovanje Usavršavanje,Education Training
Política,Policy
Política Fundador Empreendedor,Politics Founder Entrepreneur
Predstavljanje proizvoda,Product presentation
Priroda Životinje Fotografija,Nature Animals Photography
Prominenter,Celebrity
Reisen,Travel
Resor,Travels
Roligt,Funny
Romantik och bröllop,Romance and weddings
Romantik und Hochzeit,Romance and wedding
Schauspiel und Drama,Acting and drama
Schönheit und Selbstpflege,Beauty and self care
Skönhet,Beauty
Skönhet och personlig vård,Beauty and personal care
Skönhet och personlig vård Mode och accessoarer,Beauty and personal care Fashion and accessories
Smišno,Funny
Sport,Sport
Television,Television
Tiere Haustiere,Animals pets
Umjetnost,Art
Umjetnost i zanati,Arts and crafts
Umjetnost i zanati Zabava i glazba,Arts and Crafts Entertainment and Music
Umjetnost i zanati Zabava i glazba Obitelj,Arts and Crafts Entertainment and Music Family
Underhållning och musik,Entertainment and music
Underhållning och musik Mode och accessoarer,Entertainment and Music Fashion and Accessories
Underhållning och musik Roligt,Entertainment and music Fun
Unterhaltung und Musik,Entertainment and music
Unterhaltung und Musik Business und Finanzen,Entertainment and music business and finance
Unterhaltung und Musik Essen,Entertainment and music food
Utbildning Uppgradering av färdigheter,Education Upgrading skills
Viagem,Trip
Viagem Apresentador de TV Celebridades Humor,Travel TV Presenter Celebrities Humor
Viagem Celebridade Eventos Retratos,Travel Celebrity Events Portraits
Viagem Comida Comida e Bebida,Travel Food Food and Drink
Viagem Educação Aperfeiçoamento de Habilidades Modelagem,Travel Education Skills Development Modeling
Viagem Estilo de Vida,Travel Lifestyle
Viagem Fotografia Celebridade Natureza & Ar Livre,Travel Photography Celebrity Nature & Outdoors
Vida e Sociedade Política,Life and Political Society
Videospiel,Video game
Zabava i glazba,Entertainment and music
Zabava i glazba Smišno,Entertainment and music Funny
family,family
Životinje Smišno,Animals Funny
Автомобили и превозни средства,Cars and vehicles
Актьорство и драма Забавление и музика,Acting and Drama Entertainment and Music
Актьорство и драма Знаменитост,Acting and Drama Celebrity
Анимация и косплей,Animation and cosplay
Бизнес и финанси Храни и напитки,Business & Finance Food & Beverage
Забавление и музика,Fun and music
Забавление и музика Careers,Entertainment and Music Careers
Забавление и музика Новини,Entertainment and Music News
Забавление и музика Образование,Entertainment and Music Education
Забавно,funny
Игри,Games
Красота и грижа за себе си,Beauty and self care
Мода и аксесоари,Fashion and accessories
Новини,News
Образование,Education
Образование Бизнес и финанси,Education Business and Finance
Образование Повишаване на квалификацията,Education Upskilling
Образование Фитнес и здраве,Education Fitness and Health
Продуктови представяния,Product presentations
Пътувания,Trips
Спорт,Sports
Храна,Food
آموزش ارتقای مهارت ها مشهور مشاهیر,Training to improve the skills of famous celebrities
أخبار,news
أزياء,Fashion
أمهات,Mothers
اتومبیل و سایر خودروها ورزش مرور اینترنتی بازیگران,Cars and other cars sports internet browsing actors
الأزياء والإكسسوارات,Fashion and accessories
الأزياء والإكسسوارات الأعمال والتمويل Television,Fashion & Accessories Business & Finance Television
الأزياء والإكسسوارات الترفيه والموسيقى التسويق والإعلان فنان,"Fashion, accessories, entertainment, music, marketing and advertising artist"
الأزياء والإكسسوارات الترفيه والموسيقى مشاهير,Fashion accessories entertainment music celebrities
الأزياء والإكسسوارات التمثيل والدراما مشهور ممثلين,Fashion & Accessories Acting & Drama Famous Actors
الأزياء والإكسسوارات الفنون والحرف اليدوية الترفيه والموسيقى الأعمال والتمويل,Fashion and accessories arts and crafts entertainment and music business and finance
الأزياء والإكسسوارات الفنون والحرف اليدوية الترفيه والموسيقى تمثيل,Fashion and accessories arts and crafts entertainment and music acting
الأزياء والإكسسوارات الفنون والحرف اليدوية عرض المنتج,Fashion accessories arts and crafts product display
الأزياء والإكسسوارات تربية الأطفال أمهات فنان,Fashion accessories parenting mothers artist
الأزياء والإكسسوارات تربية الأطفال تمثيل,Costumes and accessories raising children representation
الأزياء والإكسسوارات عرض المنتج,Fashion accessories product display
الأزياء والإكسسوارات نمط الحياة,Fashion and lifestyle accessories
الأسرة تدريب تدريب,Family training training
الأسرة تمثيل,Family representation
الأعمال والتمويل,Business and finance
الأعمال والتمويل التمويل الشخصي,Business and Finance Personal Finance
الترفيه والموسيقى,Entertainment and music
الترفيه والموسيقى Musicians موسيقى,Entertainment and Music Musicians Music
الترفيه والموسيقى الأزياء والإكسسوارات,"Entertainment, music, fashion and accessories"
الترفيه والموسيقى الأزياء والإكسسوارات الأعمال والتمويل تمثيل,"Entertainment, Music, Fashion and Accessories, Business and Finance Representation"
الترفيه والموسيقى الأزياء والإكسسوارات موسيقى,Entertainment & Music Fashion & Accessories Music
الترفيه والموسيقى الأسرة الطعام والشراب,"Entertainment, music, family, food and drink"
الترفيه والموسيقى الأسرة موسيقى,Entertainment Music Family Music
الترفيه والموسيقى الألعاب ألعاب فيديو,"Entertainment, music, gaming, video games"
الترفيه والموسيقى التسويق والإعلان,"Entertainment, music, marketing and advertising"
الترفيه والموسيقى التسويق والإعلان موسيقى,"Entertainment, Music, Marketing and Advertising Music"
الترفيه والموسيقى التمثيل والدراما الأزياء والإكسسوارات مشهور,"Entertainment, Music, Acting, Drama, Fashion and Accessories Famous"
الترفيه والموسيقى الفنون والحرف اليدوية ممثلين تمثيل,"Entertainment, music, arts and crafts, actors, acting"
الترفيه والموسيقى تحسين المهارات مشهور,"Entertainment, music, skill improvement, popular"
الترفيه والموسيقى رقص مخرج رقص,"Entertainment, music, dance, dance director"
الترفيه والموسيقى رومانسية وزفاف,"Entertainment, romantic and wedding music"
الترفيه والموسيقى طعام موسيقى تمثيل,"Entertainment, music, food, music, acting"
الترفيه والموسيقى مشهور ممثلين,Entertainment and music famous actors
الترفيه والموسيقى مضحك التسويق والإعلان ممثلين,"Entertainment, Funny Music, Marketing and Advertising Representatives"
الترفيه والموسيقى مضحك موسيقى,Entertainment music funny music
الترفيه والموسيقى مغني موسيقى تأليف الأغاني,Entertainment Music Singer Songwriting Music
الترفيه والموسيقى ممثلين,Entertainment and music actors
الترفيه والموسيقى موسيقى منتجون ترفيه,Entertainment & Music Music Entertainment Producers
التمثيل والدراما الأزياء والإكسسوارات تمثيل,Acting and Drama Fashion and Accessories Acting
التمثيل والدراما الأسرة تعليم مشهور,Acting and drama family education is famous
التمثيل والدراما الترفيه والموسيقى مشهور,"Famous for his acting, drama, entertainment and music"
التمثيل والدراما تعليم مشهور التسويق والإعلان,"Acting and Drama, Famous Education, Marketing and Advertising"
التمثيل والدراما طعام مشهور أمهات,Acting and drama are famous food moms
التمثيل والدراما مشهور,Famous for his acting and drama
التمثيل والدراما موسيقى مشهور ممثلين,"Acting, drama, music, famous actors"
الجمال والعناية الذاتية الأعمال والتمويل تمثيل مشاهير,Beauty & Self Care Business & Finance Celebrity Acting
السيارات,Cars
السيارات والمركبات,Cars and vehicles
الطعام والشراب Television طعام,Food and Drink Television Food
الفنون والحرف اليدوية,Arts and crafts
الفنون والحرف اليدوية الأزياء والإكسسوارات موسيقى تمثيل,Arts & Crafts Fashion & Accessories Music Acting
الفنون والحرف اليدوية الترفيه والموسيقى ممثلين,Arts and crafts entertainment and music actors
الفنون والحرف اليدوية موسيقى مغني تمثيل,Arts and crafts music singer acting
اللياقة البدنية والصحة,Fitness and health
بازیگران,actors
بازیگران مشاهیر مد موها و زیبایی,Famous hair and beauty fashion actors
بازیگری و درام زندگی بازیگران,Acting and life drama of actors
بازیگری و درام مد و لوازم جانبی مشهور بازیگران,Acting and drama fashion and accessories of famous actors
بازیگری و درام مشهور بازیگران سلامتی و تناسب اندام,Acting and drama famous actors health and fitness
بازیگری و درام مشهور تجسم,Famous actor and drama personification
بازیگری و درام مشهور موسیقی طنز,Famous actor and drama musical comedy
بازیگری و درام موسیقی خواننده,Acting and music drama singer
بسیار خنده دار,very funny
بسیار خنده دار بازیگران مشاهیر حیوانات و خانمانی,Very funny actors of famous animals and household
تعليم أمهات,Educating mothers
تعليم الحياة والمجتمع,Teaching life and society
تعليم السيارات ممثلين,Car education representatives
تعليم تحسين المهارات,Skills improvement education
تعليم تحسين المهارات تمثيل مشاهير,Teaching to improve the skills of acting celebrities
تعليم تحسين المهارات نمط الحياة,Teaching improving lifestyle skills
تمثيل,acting
تمويل مشهور كرة قدم مشاهير,Celebrity Finance Celebrity Football
تناسب اندام و سلامتی سرگرمی و موسیقی مدلسازی,Fitness and health entertainment and music modeling
تناسب اندام و سلامتی مدلسازی,Modeling fitness and health
جمال,beauty
خانواده زیبایی و مراقبت از خود سرگرمی و موسیقی مدلسازی,Family beauty and self care entertainment and modeling music
خانواده سرگرمی و موسیقی مشهور مدلسازی,Famous entertainment and music modeling family
رياضة تنس تمثيل,Acting tennis
رياضة مغني موسيقى,Sports singer music
زندگی و جامعه مدلسازی,Life and modeling community
زیبایی و مراقبت از خود استایلینگ هنرمند,Beauty and self-care artist styling
زیبایی و مراقبت از خود تجارت و امور مالی موسیقی زندگی,Beauty and self care business and finance life music
زیبایی و مراقبت از خود مشاهیر حیوانات و خانمانی,Beauty and self-care of animals and household celebrities
سرگرمی مجری تلویزیونی برنامه های تلویزیونی,Entertainment TV host of TV shows
سرگرمی و موسیقی,Entertainment and music
سرگرمی و موسیقی بازاریابی و تبلیغات,Entertainment and music marketing and advertising
سرگرمی و موسیقی بازاریابی و تبلیغات مدلسازی,Entertainment and music marketing and advertising modeling
سرگرمی و موسیقی بازی های ویدئویی بازاریابی و تبلیغات بازیگران,Entertainment and music video games marketing and advertising actors
سرگرمی و موسیقی بازیگران,entertainment and music actors
سرگرمی و موسیقی بازیگران مشاهیر فیلم، موسیقی و کتاب,"Entertainment and music of famous movie actors, music and books"
سرگرمی و موسیقی بازیگران هنرمند,Entertainment and music of artist actors
سرگرمی و موسیقی بازیگری و درام اتومبیل مجری تلویزیونی,Entertainment and Music Acting and Drama Car TV Presenter
سرگرمی و موسیقی باند مشاهیر حیوانات و خانمانی,Entertainment and music of the famous animal and household band
سرگرمی و موسیقی بسیار خنده دار مشهور کمدی,Fun and very funny music famous comedy
سرگرمی و موسیقی تجارت و امور مالی مشهور,Entertainment and Music Famous Business and Finance
سرگرمی و موسیقی تجارت و امور مالی ویدئوبلاگ نویس طنز,Entertainment & Music Business & Finance Humorous Videoblogger
سرگرمی و موسیقی ترانه سرا,Entertainment and music songwriters
سرگرمی و موسیقی خواننده,Singer entertainment and music
سرگرمی و موسیقی خواننده مشاهیر سلامتی و تناسب اندام,Entertainment and music celebrity health and fitness singer
سرگرمی و موسیقی خواننده موسیقی,Entertainment and music singer
سرگرمی و موسیقی رقص سلامتی و تناسب اندام موها و زیبایی,Entertainment and music dance health and fitness hair and beauty
سرگرمی و موسیقی روزنامه نگاران شخصیت عمومی,Entertainment and music of journalists and public figures
سرگرمی و موسیقی زندگی,Entertainment and life music
سرگرمی و موسیقی زندگی و جامعه فوتبال,Entertainment and music life and football community
سرگرمی و موسیقی عشق و ازدواج خواننده,Entertainment and music of love and marriage singer
سرگرمی و موسیقی مجری تلویزیونی,TV presenter entertainment and music
سرگرمی و موسیقی مجری تلویزیونی بازیگران موسیقی,Entertainment and Music Television Host Music Actors
سرگرمی و موسیقی مد و لوازم جانبی خواننده بازیگران,Entertainment and music fashion and accessories singer actors
سرگرمی و موسیقی مد و لوازم جانبی مشهور موسیقی,Entertainment and music fashion and famous music accessories
سرگرمی و موسیقی مشاهیر فیلم، موسیقی و کتاب حیوانات و خانمانی,"Entertainment and music of movie celebrities, music and books of animals and household"
سرگرمی و موسیقی مشهور بازیگران مدلسازی,Entertainment and famous music actors modeling
سرگرمی و موسیقی مشهور بازیگران کمدی,Entertainment and music of famous comedians
سرگرمی و موسیقی مشهور خواننده بازیگران,Entertainment and music of famous singers and actors
سرگرمی و موسیقی موسیقی,Entertainment and music music
سرگرمی و موسیقی موسیقی خواننده,Entertainment and music singer
سرگرمی و موسیقی موسیقی خواننده ترانه سرا,Entertainment and music singer songwriter music
سرگرمی و موسیقی موسیقی خواننده مشاهیر,Entertainment and music of famous singers
سرگرمی و موسیقی موسیقی زندگی خواننده,"Entertainment and music, the music of the singer's life"
سرگرمی و موسیقی هنرمند,Entertainment and music artist
سرگرمی و موسیقی ویدئوبلاگ نویس,Entertainment and music video blogger
سفر,travel
سیاست,Politics
صحافيين,Journalists
طعام,food
طنز,comedy
فن,Art
فن الترفيه والموسيقى موسيقى تمثيل,"Entertainment art, music, music, acting"
فن جمال,Beauty art
فن ممثلين,Art of actors
فن موسيقى,Art music
فن موسيقى فنان,Art music artist
فوتبال,football
فٹنس خبریں,Fitness news
مارکیٹنگ اور اشتہار موسیقی,Marketing and advertising music
مد بازیگران هنر,Fashion actors art
مد مدلسازی,Fashion modeling
مد و لوازم جانبی خانواده مدلسازی مشاهیر,Fashion and accessories of the celebrity modeling family
مد و لوازم جانبی زیبایی و مراقبت از خود بازاریابی و تبلیغات زندگی,"Fashion and accessories, beauty and self care, marketing and lifestyle advertising"
مد و لوازم جانبی طنز مشاهیر حیوانات و خانمانی,"Fashion and accessories, celebrity humor, animals and household"
مد و لوازم جانبی مدلسازی مشاهیر طنز,Humorous celebrity modeling fashion and accessories
مد و لوازم جانبی ویدئوبلاگ نویس,Video blogger fashion and accessories
مشهور,famous
مشهور بازیگران مشاهیر طراحی,"Famous actors, famous designers"
مشهور بازیگران مشاهیر طنز,Famous comedian actors
مشہور شخصیت,celebrity
مشہور شخصیت پالتو جانوروں,Celebrity Pets
مضحك تعليم ممثلين نمط الحياة,Funny teaching actors lifestyle
موسيقى,music
موسیقی,music
موسیقی خواننده ترانه سرا موسیقی دان,Music singer songwriter musician
موسیقی خواننده راک,Rock singer's music
هنر بازیگران,The art of actors
هنر بازیگری و درام مد و لوازم جانبی سرگرمی و موسیقی,Acting art and fashion drama and entertainment and music accessories
هنر برنامه های تلویزیونی موسیقی بازیگران,"The art of TV shows, music, actors"
هنر خواننده بازیگران موسیقی,"The art of singers, actors, musicians"
هنر خواننده زندگی,The art of life singer
هنر زندگی بازیگران مشاهیر,The art of living famous actors
هنر زیبایی و مراقبت از خود مد و لوازم جانبی هنرهای تجربی,Beauty art and self care fashion and accessories experimental arts
هنر سرگرمی و موسیقی موسیقی خواننده,Entertainment art and singer's music
هنر مشهور زندگی بازیگران,The famous art of actors' lives
ورزش,exercise
ورزش اتومبیل فوتبال,Football car sports
ورزش تجارت و امور مالی فوتبال,Sports business and football finance
ورزش فوتبال,Football sport
ورزش فوتبال ورزشکار,Sports athlete football
ویڈیو گیمنگ,Video gaming
प्रसिद्धि,fame
भिडियो गेमिङ,Video gaming
यात्रा,Travel
सङ्गीत,Music
समाचारहरू,the news
இசை,Music
இசை பிரபலங்கள்,Music celebrities
健身,fitness
Näitlejad Näitleja,Actors Actor
Meelelahutus ja muusika Lõbus Elustiil Kuulsused,Entertainment and Music Fun Lifestyle Celebrities
Elustiil,Lifestyle
Romantika ja pulmad Kunst ja käsitöö Korvpall,Romance and Weddings Arts and Crafts Basketball
Näitlejad,Actors
Näitlemine ja draama,Acting and Drama
Toit Ilutooted ja enesehooldus Näitlejad,Food Beauty and Self Care Actors
Meelelahutus ja muusika,Entertainment and Music
Näitlejad Muusika,Actors Music
Pere Meelelahutus ja muusika Lapsevanemlus Muusika,Family Entertainment and Music Parenting Music
Meelelahutus ja muusika Jalgpall,Entertainment and Music Football
Meelelahutus ja muusika Muusika Rock Laulja,Entertainment and Music Music Rock Singer
Meelelahutus ja muusika Muusika,Entertainment and Music Music
Meelelahutus ja muusika Lõbus Elu ja ühiskond Kuulsus,Entertainment and Music Fun Life and Society Celebrity
Meelelahutus ja muusika Modellindus,Entertainment and Music Modeling
Meelelahutus ja muusika Romantika ja pulmad Lapsevanemlus Telejuht,Entertainment and Music Romance and Weddings Parenting TV Host
Meelelahutus ja muusika Pere Kodu ja aed Kuulsus,Entertainment and Music Family Home and Garden Celebrity
Kuulsus Ajakirjanikud,Celebrity Journalists
Meelelahutus ja muusika Muusika Modellindus Laulja,Entertainment and Music Music Modeling Singer
Meelelahutus ja muusika Lapsevanemlus Laulja,Entertainment and Music Parenting Singer
آموزش مالیات,Tax Training Education Finance
Arte,Art
Moda i pribor,Fashion and Accessories
Trips,Travel
Product presentation,Product Showcase
Photo,Photography
Lustig,Funny
Product presentations,Product Showcase
שחקנות ודרמה,Acting and Drama
Travels,Travel
مشہور شخصیت موسیقی,Celebrity Music
音樂,Music
ألعاب فيديو,Video Games
fame,Celebrity
موسیقی مشہور شخصیت,Music Celebrity
Chakula na Vinywaji,Food and Drinks
Vitabu,Books
Masoko na Utangazaji,Marketing and Advertising
Muziki,Music
電子遊戲,Video Games
藝術,Art
Automobile Éducation,Automotive Education
Musique,Music
Jeux Vidéo,Video Games
Photographie,Photography
