rank,handle_tiktok,name_tiktok,followers,views_avg,likes_avg,comments_avg,shares_avg,_platform,_month,_year
1,ekin.721,MOMO’s,221700.0,26000000.0,2800000.0,29400.0,116400.0,tiktok,march,2022
2,dojacat,Doja Cat,22200000.0,25400000.0,5000000.0,36700.0,46800.0,tiktok,march,2022
3,kiet.ac.quy,Kiệt Ắk Wỷ,2100000.0,20700000.0,3500000.0,38800.0,33900.0,tiktok,march,2022
4,charlidamelio,charli d’amelio,135400000.0,18700000.0,2600000.0,54700.0,35200.0,tiktok,march,2022
5,luvadepedreiro,Iran Ferreira (Lai),11400000.0,24800000.0,2600000.0,32700.000000000004,26800.0,tiktok,march,2022
6,badbunny,Bad Bunny,16100000.000000002,17600000.0,4000000.0,28000.0,26200.0,tiktok,march,2022
7,khaby.lame,Khabane lame,135200000.0,17700000.0,2300000.0,18000.0,11200.0,tiktok,march,2022
8,leomahalo,Leo Mahalo,6800000.0,19000000.0,2200000.0,11800.0,14400.0,tiktok,march,2022
9,swagboygorringe,Daniel Gorringe,5600000.0,9900000.0,1800000.0,25300.0,35900.0,tiktok,march,2022
10,jennmelon,Jenn Melon,2000000.0,11000000.0,2300000.0,15100.0,24500.0,tiktok,march,2022
11,jounggustav,Joung Gustav,1900000.0,16399999.999999998,2200000.0,9900.0,13400.0,tiktok,march,2022
12,txt.bighitent,TOMORROW X TOGETHER,16200000.0,7700000.0,1800000.0,33200.0,12200.0,tiktok,march,2022
13,pongamoslo_a_prueba,Pongámoslo a Prueba,30400000.0,16000000.0,2500000.0,6300.0,7300.0,tiktok,march,2022
14,bdylanhollis,B. Dylan Hollis,7600000.0,8600000.0,1600000.0,11500.0,20000.0,tiktok,march,2022
15,lyczak,👑Łyczuu👑,1500000.0,11800000.0,1400000.0,16100.000000000002,8600.0,tiktok,march,2022
16,juandamc,JuanDa.,17100000.0,7500000.0,1700000.0,9100.0,19500.0,tiktok,march,2022
17,lifeinanimati0n,A <3,745200.0,6200000.0,1100000.0,8800.0,40200.0,tiktok,march,2022
18,zlusha,Zlusha,2000000.0,7200000.0,1100000.0,12900.0,29500.0,tiktok,march,2022
19,amauryguichon,Amaury Guichon,5400000.0,11000000.0,1600000.0,5800.0,13300.0,tiktok,march,2022
20,eupereiraoficial,Eu Pereira,4600000.0,12200000.0,1200000.0,5700.0,11500.0,tiktok,march,2022
21,druskitv,DRUSKI,3200000.0,6400000.0,1200000.0,7700.0,25900.0,tiktok,march,2022
22,adrianbliss,Adrian Bliss,5200000.0,7700000.0,1500000.0,5400.0,16000.0,tiktok,march,2022
23,kimberly.loaiza,Kimberly Loaiza,61000000.0,9900000.0,1300000.0,14100.0,4500.0,tiktok,march,2022
24,deborahyowa,Deborah yowa,10300000.0,12600000.0,688700.0,17000.0,9100.0,tiktok,march,2022
25,nekoglai,Николай,9400000.0,8500000.0,982300.0,22500.0,4400.0,tiktok,march,2022
26,domelipa,Dominik,50700000.0,7900000.0,1200000.0,17300.0,6200.0,tiktok,march,2022
27,diego.cr_,Diego Rodríguez,238100.0,9100000.0,845000.0,9100.0,19500.0,tiktok,march,2022
28,addisonre,Addison Rae,87300000.0,9300000.0,1200000.0,13400.0,5900.0,tiktok,march,2022
29,mastertingus,mastertingus,1500000.0,4200000.0,859200.0,25100.0,33800.0,tiktok,march,2022
30,santandave,Santan,1100000.0,6200000.0,1000000.0,21300.0,12000.0,tiktok,march,2022
31,machinegunkelly,Colson,3400000.0,10800000.0,822600.0,13700.0,9000.0,tiktok,march,2022
32,bellapoarch,Bella Poarch,88500000.0,11100000.0,1000000.0,14300.0,1600.0,tiktok,march,2022
33,daddyyankee,daddyyankee,10400000.0,6000000.0,696300.0,18100.0,20600.0,tiktok,march,2022
34,official_nct,NCT Official,7300000.0,3200000.0,1200000.0,23100.0,17600.0,tiktok,march,2022
35,zeth,Zeth,10800000.0,6600000.0,1300000.0,4100.0,12800.0,tiktok,march,2022
36,larrayeeee,LARRAY,25600000.0,5400000.0,1200000.0,17600.0,4100.0,tiktok,march,2022
37,mrbeast,MrBeast,34700000.0,6800000.0,1100000.0,16100.000000000002,1500.0,tiktok,march,2022
38,jypestraykids,Stray Kids,10800000.0,2900000.0,1100000.0,27600.0,12000.0,tiktok,march,2022
39,iamferv,Fernanda,26100000.0,7800000.0,1100000.0,10300.0,3800.0,tiktok,march,2022
40,nicocaponecomedy,nicocapone.comedy,20300000.0,11800000.0,691800.0,3900.0,10200.0,tiktok,march,2022
41,honeybobabear,HoneyBobaBear,7800000.0,10100000.0,1400000.0,5000.0,2400.0,tiktok,march,2022
42,masondenverr,mason,2000000.0,4400000.0,1200000.0,7300.0,11300.0,tiktok,march,2022
43,nicoletv,Kayla Nicole,10200000.0,6100000.0,999300.0,4900.0,10000.0,tiktok,march,2022
44,aquajock_h2bro,JæBæ,509700.0,5400000.0,966400.0,5400.0,10600.0,tiktok,march,2022
45,terryreloaded,Terry Reloaded,3900000.0,4900000.0,1000000.0,6300.0,10200.0,tiktok,march,2022
46,soysuco,soysuco,9600000.0,6300000.0,999500.0,11100.0,2000.0,tiktok,march,2022
47,itzyofficial,ITZY,7300000.0,4700000.0,1200000.0,10400.0,3600.0,tiktok,march,2022
48,oldtimehawkey,Old Time Hawkey,5100000.0,4800000.0,831600.0,11000.0,7000.0,tiktok,march,2022
49,missionaryjack,Jack Harlow,3300000.0,8300000.000000001,837000.0,4900.0,5500.0,tiktok,march,2022
50,conormaynard,Conor Maynard,6200000.0,5800000.0,794300.0,8900.0,6600.0,tiktok,march,2022
51,conormaynard,Conor Maynard,6200000.0,5800000.0,794300.0,8900.0,6600.0,tiktok,march,2022
52,itssassagurl,Sassa Gurl,5300000.0,6000000.0,969600.0,6200.0,6000.0,tiktok,march,2022
53,terryreloaded,Terry Reloaded,4000000.0,4400000.0,955300.0,6200.0,9400.0,tiktok,march,2022
54,jimmydarts,Jimmy Darts,8100000.0,5300000.0,893400.0,10300.0,2900.0,tiktok,march,2022
55,alshad95,Alshad Ahmad,1600000.0,7300000.0,761900.0,6200.0,5000.0,tiktok,march,2022
56,bayashi.tiktok,バヤシ🥑Bayashi,24100000.0,7700000.0,958000.0,5800.0,2500.0,tiktok,march,2022
57,rosalia,La Rosalia,18300000.0,9800000.0,978500.0,3800.0,2300.0,tiktok,march,2022
58,daniel.labelle,Daniel LaBelle,25500000.0,4600000.0,754900.0,5500.0,11800.0,tiktok,march,2022
59,masonmount,Mason Mount,2800000.0,4800000.0,806900.0,9900.0,5100.0,tiktok,march,2022
60,theandrewschulz,Andrew Schulz,3000000.0,4000000.0,602200.0,2200.0,21600.0,tiktok,march,2022
61,activesufi,activesufi,364600.0,13800000.0,1100000.0,2200.0,1500.0,tiktok,march,2022
62,hayleygeorgiamorris,Hayley Morris,2900000.0,4600000.0,586900.0,1900.0,18400.0,tiktok,march,2022
63,lilnasx,lil nas x,27700000.0,5700000.0,804600.0,9000.0,3000.0,tiktok,march,2022
64,willsmith,Will Smith,67400000.0,6900000.0,658500.0,10000.0,2000.0,tiktok,march,2022
65,clarissaperezlara,Clari,129500.0,3900000.0,370000.0,2700.0,34200.0,tiktok,march,2022
66,spriteder_spd,Prite Netijen Netirattanapaiboon,2700000.0,8000000.0,924800.0,3700.0,3500.0,tiktok,march,2022
67,paytonking,Payton King,5100000.0,2800000.0,685400.0,11800.0,15800.0,tiktok,march,2022
68,lexibrookerivera,Lexi Rivera,21100000.0,7000000.0,937400.0,6200.0,1900.0,tiktok,march,2022
69,snoopdogg,Snoop Dogg,19700000.0,7400000.0,647200.0,6600.0,4300.0,tiktok,march,2022
70,tuckerbudzyn,tuckerbudzyn,10100000.0,4000000.0,638600.0,3300.0,16700.0,tiktok,march,2022
71,jaykindafunny8,Jaykindafunny,23300000.0,9600000.0,685700.0,2400.0,5200.0,tiktok,march,2022
72,solsito.pe,Solsito.pe,80200.0,3500000.0,503100.0,10600.0,17800.0,tiktok,march,2022
73,jake2r,"Jake2r, Ph.D.",2100000.0,2800000.0,739600.0,5200.0,17100.0,tiktok,march,2022
74,thejoeyswoll,Joey Swoll,2400000.0,5300000.0,804500.0,8400.0,2500.0,tiktok,march,2022
75,kallmekris,Kris HC,43300000.0,5400000.0,988000.0,5500.0,3100.0,tiktok,march,2022
76,jdpantoja,JD Pantoja,26800000.0,4800000.0,942200.0,8700.0,1300.0,tiktok,march,2022
77,datvilla94,🔥Đạt Villa🔥,5200000.0,5700000.0,659100.0,8100.0,3100.0,tiktok,march,2022
78,haileybieber,Hailey Bieber,7700000.0,5700000.0,810500.0,6300.0,2700.0,tiktok,march,2022
79,big.johns,Big Johns,140300.0,3100000.0,476500.0,18400.0,8700.0,tiktok,march,2022
80,cleanpuppy,Chloe Cherry,1700000.0,4800000.0,980200.0,5700.0,2900.0,tiktok,march,2022
81,arabstay,𝕊𝕥𝕣𝕒𝕪 𝕜𝕚𝕕𝕤,219000.0,2600000.0,770200.0,11700.0,8200.0,tiktok,march,2022
82,aitch12,Aitch,1800000.0,5300000.0,421100.0,7600.0,9800.0,tiktok,march,2022
83,doctorgraves,Dr.Graves,2700000.0,5000000.0,879700.0,2800.0,5900.0,tiktok,march,2022
84,fredziownik_art,Franek Bielak,11800000.0,6300000.0,781900.0,6500.0,1200.0,tiktok,march,2022
85,vibin.wit.tay,Tay,3300000.0,3300000.0,689400.0,4000.0,12600.0,tiktok,march,2022
86,cedriklorenzen,Cedrik Lorenzen,2100000.0,4000000.0,457000.0,7900.0,12400.0,tiktok,march,2022
87,vanessalopesr,Vanessa Lopes,21300000.0,5900000.0,637100.0,6400.0,2900.0,tiktok,march,2022
88,rustam_mayer_djavid,RUSTAM MAYER,4300000.0,7800000.0,390800.0,1600.0,9700.0,tiktok,march,2022
89,soojinicoreana,Chingu Amiga,17300000.0,6500000.0,1000000.0,3900.0,1400.0,tiktok,march,2022
90,jinisprotips,💡 Jini 💡,713700.0,3700000.0,467600.0,6900.0,12900.0,tiktok,march,2022
91,esen_alva,Esen,3100000.0,3300000.0,536300.0,3300.0,15500.0,tiktok,march,2022
92,drew.nori,Drew Nori,4700000.0,8100000.0,387900.0,9700.0,733.0,tiktok,march,2022
93,wuesilva,Wue Silva,11800000.0,4500000.0,584000.0,10600.0,1800.0,tiktok,march,2022
94,thallyssonsb,Thallysson Borges,8500000.0,3600000.0,629000.0,6000.0,8200.0,tiktok,march,2022
95,natemyburgh,Nate,306400.0,3400000.0,724900.0,3600.0,9000.0,tiktok,march,2022
96,soso_aroundtheworld,Sosonebieridze,109800.0,3000000.0,420000.0,10800.0,13200.0,tiktok,march,2022
97,newboyjosh,Newboyjosh,340500.0,4000000.0,445000.0,6400.0,10400.0,tiktok,march,2022
98,initiaraandini,tiara andini,4099999.9999999995,7400000.0,651600.0,4400.0,1800.0,tiktok,march,2022
99,iamkevingates,Kevin Gates,2100000.0,3500000.0,413600.0,9400.0,11300.0,tiktok,march,2022
100,max7424453118,Max Taylor,2800000.0,3500000.0,572600.0,5200.0,9500.0,tiktok,march,2022
101,danya_milokhin,danya_milokhin,16500000.0,6300000.0,733200.0,4600.0,1700.0,tiktok,march,2022
102,samanthalogan,Samantha Logan,1800000.0,6000000.0,840900.0,3000.0,2800.0,tiktok,march,2022
103,jakekrantz1,Jake Krantz,2100000.0,3600000.0,772300.0,3200.0,7100.0,tiktok,march,2022
104,fujiiian,Fuji,12700000.0,6200000.0,760400.0,3400.0,2600.0,tiktok,march,2022
105,vincentmarcus,VincentMarcus,2500000.0,10700000.0,250400.0,2300.0,8200.0,tiktok,march,2022
106,hongthanhofficial,HongThanhOfficial,1300000.0,7700000.0,675600.0,2700.0,2700.0,tiktok,march,2022
107,kervo.dolo,Kervo.dolo,7500000.0,3900000.0,606400.0,4400.0,7100.0,tiktok,march,2022
108,zachjustice,Zach Justice,3900000.0,6000000.0,793700.0,1000.0,4600.0,tiktok,march,2022
109,qamar_altaey,𓆩𝑄𝐴𝑀𝐴𝑅¹⁶𓆪,2800000.0,3600000.0,348000.0,10200.0,10800.0,tiktok,march,2022
110,fortnitekanal.exe,Fortnitekanal.exe,1400000.0,2200000.0,539400.0,14000.0,7800.0,tiktok,march,2022
111,m.wardy_14,وردى,67600.0,1900000.0,465500.0,3800.0,24800.0,tiktok,march,2022
112,ynchq,ЯN,3700000.0,3900000.0,645100.0,4100.0,5800.0,tiktok,march,2022
113,nilered,NileRed,8700000.0,4000000.0,725800.0,5400.0,3200.0,tiktok,march,2022
114,besttoks,besttoks,2200000.0,17400000.0,451600.0,1100.0,2100.0,tiktok,march,2022
115,miketoks,Miketoks,11600000.0,6200000.0,599700.0,2500.0,4000.0,tiktok,march,2022
116,tiktokmena,TikTok MENA,5700000.0,39500000.0,179200.0,1200.0,2200.0,tiktok,march,2022
117,eyavanana,Eya,10800000.0,4600000.0,725300.0,5000.0,2100.0,tiktok,march,2022
118,john.leitao,John Leitão,2700000.0,4300000.0,380900.0,7800.0,6400.0,tiktok,march,2022
119,brunodiferente2022,Bruno Diferente,4000000.0,6600000.0,116700.0,6000.0,22400.0,tiktok,march,2022
120,sugarcoatedsisters,Tabby and Chloe,320300.0,3200000.0,523799.99999999994,2600.0,10500.0,tiktok,march,2022
121,hesfinatia,PINAT🍅|| IG: @hesfinatia,8300000.000000001,8600000.0,936900.0,1800.0,837.0,tiktok,march,2022
122,vadik_dikiy,vadik_dikiy,914800.0,3200000.0,489100.0,2000.0,11800.0,tiktok,march,2022
123,championsleague,Champions League,11600000.0,3600000.0,628300.0,4200.0,5100.0,tiktok,march,2022
124,esnyrrr,Esnyr Ranollo,4400000.0,3500000.0,645300.0,4500.0,4800.0,tiktok,march,2022
125,savanahmosss,Savanah Moss,9300000.0,4500000.0,703000.0,4100.0,2500.0,tiktok,march,2022
126,dindahw14,Dinda Hauw,3000000.0,7900000.0,689200.0,2000.0,1800.0,tiktok,march,2022
127,joshiiwuhhh,Joshua Alden,3200000.0,2900000.0,555500.0,3700.0,8800.0,tiktok,march,2022
128,j3ipy_,Jeipy,7800000.0,4300000.0,760700.0,3300.0,2800.0,tiktok,march,2022
129,morganpresleyxo,Morgan Presley,5300000.0,4800000.0,638500.0,3100.0,3500.0,tiktok,march,2022
130,skaijackson,Skai Jackson 🥰,19700000.0,5200000.0,824000.0,3100.0,1500.0,tiktok,march,2022
131,ssmaaaryy,Razi Monroe,6800000.0,6400000.0,586300.0,2800.0,2400.0,tiktok,march,2022
132,vhackerr,Vinnie,13900000.0,2900000.0,593700.0,7800.0,3600.0,tiktok,march,2022
133,tranvantre992,Trần Tre Vlogs 🐉,759300.0,9100000.0,472900.0,3700.0,799.0,tiktok,march,2022
134,jwaltonnn,ᴊ⚡️,733400.0,1700000.0,369400.0,28000.0,2500.0,tiktok,march,2022
135,kubenjoy,KUBenjoy,3500000.0,4200000.0,476300.0,5000.0,4500.0,tiktok,march,2022
136,jdiasss_,João Dias,7000000.0,3500000.0,817000.0,4500.0,2000.0,tiktok,march,2022
137,evcnoble,Everett Noble,9800000.0,3400000.0,844500.0,3200.0,3400.0,tiktok,march,2022
138,victormelo,Victor Melo,19400000.0,4600000.0,642200.0,3800.0,2400.0,tiktok,march,2022
139,emilen_im,Эмильен,4000000.0,5300000.0,663100.0,4000.0,1200.0,tiktok,march,2022
140,ehlija,Eh Lija,3300000.0,4000000.0,506000.0,4700.0,4300.0,tiktok,march,2022
141,thoriqhal,thariqhalilintar,3800000.0,5800000.0,662000.0,2400.0,2200.0,tiktok,march,2022
142,afgsuga,Afg Suga Official,161700.0,3300000.0,490300.0,4100.0,6800.0,tiktok,march,2022
143,jen_wolff,jenny,187600.0,2900000.0,371600.0,5700.0,10500.0,tiktok,march,2022
144,tubbynugget,Tubby Nugget,3500000.0,2600000.0,518200.00000000006,2100.0,10800.0,tiktok,march,2022
145,rescuerestore,Rescue & Restore,1500000.0,9200000.0,430000.0,1500.0,2900.0,tiktok,march,2022
146,baddest4bitches,Edda,1500000.0,2500000.0,580200.0,8500.0,3400.0,tiktok,march,2022
147,_itsstefano_,It'sStefano,4400000.0,4600000.0,553800.0,5800.0,856.0,tiktok,march,2022
148,guryan_off,Гурьянов Максим,2600000.0,3300000.0,479500.0,3100.0,7700.0,tiktok,march,2022
149,thebenjishow,benji,5500000.0,3400000.0,549600.0,3800.0,5200.0,tiktok,march,2022
150,mikaelatesta,Mikaela Testa,1700000.0,4300000.0,960300.0,3300.0,749.0,tiktok,march,2022
151,grillervm,GrillerVM,2900000.0,4300000.0,549300.0,2900.0,4000.0,tiktok,march,2022
152,riaricis,Ria Ricis,25500000.0,5500000.0,665100.0,2200.0,2100.0,tiktok,march,2022
153,lizzza,Liza Koshy,29400000.0,5200000.0,1200000.0,1900.0,616.0,tiktok,march,2022
154,elmarianaa,ElMariana,6500000.0,3800000.0,834800.0,1600.0,3300.0,tiktok,march,2022
155,somi_official_,JEON SOMI,6100000.0,3000000.0,746300.0,4600.0,2300.0,tiktok,march,2022
156,craggygames,Craggy Games,306800.0,7000000.0,189300.0,726.0,10900.0,tiktok,march,2022
157,gritside,gritside,3600000.0,3500000.0,446400.0,1500.0,8300.0,tiktok,march,2022
158,charlieputh,Charlie Puth,16100000.000000002,3500000.0,509100.0,5800.0,2600.0,tiktok,march,2022
159,spencer_serafica,Xspencer,12300000.0,4000000.0,663200.0,4100.0,1600.0,tiktok,march,2022
160,mikaylahau,Mikaylah,4200000.0,3000000.0,386400.0,9900.0,3200.0,tiktok,march,2022
161,kevinprieto077,kevinprieto077,1800000.0,3800000.0,589300.0,3400.0,3100.0,tiktok,march,2022
162,christianfabiannn,Christian Fabián D.,12000000.0,4800000.0,733200.0,3700.0,398.0,tiktok,march,2022
163,brotherofcolor,Heyimparis,12700000.0,5000000.0,609500.0,3600.0,1100.0,tiktok,march,2022
164,gavrilinaa,Юлька Шпулька🕷🕸,16300000.0,3900000.0,522200.00000000006,4000.0,3000.0,tiktok,march,2022
165,phun.anh,Phùn Anh,2700000.0,6800000.0,374200.0,3800.0,1700.0,tiktok,march,2022
166,tooturnttony,Tooturnttony,15600000.0,5400000.0,464600.0,2800.0,2800.0,tiktok,march,2022
167,baimwong,Baim Wong,7500000.0,5100000.0,392400.0,3700.0,3300.0,tiktok,march,2022
168,maxtaylorlifts,Max Taylor,7600000.0,3000000.0,529000.0,4400.0,4500.0,tiktok,march,2022
169,kimberly11sofia,✨Kimberly11sofia✨,576600.0,1900000.0,208000.0,27000.0,7800.0,tiktok,march,2022
170,lourdasprec,LOURD,8700000.0,2400000.0,592100.0,5300.0,4300.0,tiktok,march,2022
171,katiavlogss,KATIAVLOGS🐒,13800000.0,4600000.0,638200.0,3500.0,1100.0,tiktok,march,2022
172,itslennnie,lennnie,1900000.0,1900000.0,319200.0,2400.0,20000.0,tiktok,march,2022
173,couragejd,Jack CouRage Dunlop,3100000.0,3400000.0,391500.0,2900.0,7100.0,tiktok,march,2022
174,karimmahmoudabdelaziz,Karim Mahmoud Abdel Aziz,3400000.0,5300000.0,375600.0,2500.0,4100.0,tiktok,march,2022
175,jbdjebb,Jean-Baptiste Djebbari,1100000.0,2900000.0,448600.0,6200.0,3800.0,tiktok,march,2022
176,dailymug69,It’s a sad story...,4200000.0,4099999.9999999995,544200.0,5600.0,251.0,tiktok,march,2022
177,superfirsthero,СУПЕРПЕРВЫЙГЕРОЙ,1600000.0,2800000.0,526100.0,4400.0,4500.0,tiktok,march,2022
178,cookingwithlynja,Lynja,9900000.0,5200000.0,649000.0,2500.0,1400.0,tiktok,march,2022
179,gordonramsayofficial,Gordon Ramsay,31700000.0,5700000.0,557200.0,3200.0,835.0,tiktok,march,2022
180,nabela,nabela,7200000.0,5400000.0,627100.0,2600.0,1200.0,tiktok,march,2022
181,alexwaarren,Alex warren,15200000.0,4600000.0,769000.0,1300.0,2300.0,tiktok,march,2022
182,ayesebastien,Sebastien,7200000.0,3100000.0,565300.0,2800.0,4600.0,tiktok,march,2022
183,jamie32bsh,Jamie Big Sorrel Hor,7100000.0,5800000.0,313600.0,4700.0,2200.0,tiktok,march,2022
184,maxthemeatguy,Max The Meat Guy,3800000.0,6200000.0,681900.0,1700.0,1200.0,tiktok,march,2022
185,andy.and.michelle,Andy & Michelle,3700000.0,3100000.0,438100.0,2800.0,6100.0,tiktok,march,2022
186,realmsp,RealMsP,349100.0,4900000.0,771900.0,2000.0,1100.0,tiktok,march,2022
187,gameofthrones,Game of Thrones,647300.0,3000000.0,359500.0,1900.0,9000.0,tiktok,march,2022
188,ameliadimz,ameliadimz,1300000.0,3700000.0,529800.0,4100.0,1800.0,tiktok,march,2022
189,chris,Chris Olsen,7200000.0,6100000.0,712100.0,1600.0,1100.0,tiktok,march,2022
190,isaach.p,Isaac H.P,1600000.0,2400000.0,230000.0,11000.0,9700.0,tiktok,march,2022
191,billlnai,nai,8400000.0,3100000.0,797100.0,3200.0,1400.0,tiktok,march,2022
192,samseats,Sam Way,8700000.0,3600000.0,618500.0,2800.0,2200.0,tiktok,march,2022
193,soysuco_ff,Suco Ismael,3700000.0,3400000.0,430500.0,6600.0,981.0,tiktok,march,2022
194,gaynadia,nadia,287900.0,2200000.0,583800.0,4400.0,4100.0,tiktok,march,2022
195,thatlittlepuff,ThatLittlePuff,25000000.0,5100000.0,612900.0,1400.0,2100.0,tiktok,march,2022
196,lachama4_ff,LA CHAMA ᴰ,8300000.000000001,2900000.0,477000.0,7300.0,693.0,tiktok,march,2022
197,envydo,envy,198700.0,1800000.0,476100.0,9200.0,3300.0,tiktok,march,2022
198,k1lauea,killazz,128199.99999999999,1800000.0,451400.0,9100.0,3700.0,tiktok,march,2022
199,noreportar08,noreportar08,265300.0,4000000.0,104900.0,11100.0,12900.0,tiktok,march,2022
200,elrodcontreras,ROD🥴,40100000.0,3300000.0,521000.0,4800.0,1000.0,tiktok,march,2022
201,k1lauea,killazz,128199.99999999999,1800000.0,451400.0,9100.0,3700.0,tiktok,march,2022
202,noreportar08,noreportar08,265300.0,4000000.0,104900.0,11100.0,12900.0,tiktok,march,2022
203,elrodcontreras,ROD🥴,40100000.0,3300000.0,521000.0,4800.0,1000.0,tiktok,march,2022
204,kpp2179393999,きゃりーぱみゅぱみゅの裏垢,834900.0,6500000.0,345500.0,1300.0,3200.0,tiktok,march,2022
205,elgato,Rodrigo EL GATO,3200000.0,3300000.0,454000.0,4000.0,2700.0,tiktok,march,2022
206,carolfermichh,CarolFerMichh,6200000.0,4300000.0,664800.0,2400.0,1100.0,tiktok,march,2022
207,montpantoja,Montpantoja,32299999.999999996,3500000.0,652500.0,3200.0,1200.0,tiktok,march,2022
208,mmmjoemele,Joe Mele,21000000.0,4300000.0,608400.0,2200.0,1500.0,tiktok,march,2022
209,1xgoku,goku,74800.0,1900000.0,345600.0,2500.0,12200.0,tiktok,march,2022
210,anthonnyswagg3,anthonnyswagg,8500000.0,8100000.0,469600.0,1700.0,797.0,tiktok,march,2022
211,bjjojo_,j🐞j🦋fan,61600.0,2000000.0,354500.0,6200.0,7300.0,tiktok,march,2022
212,uberkuloz,Berk Keklik,1000000.0,5200000.0,394700.0,2100.0,2500.0,tiktok,march,2022
213,nilskue,Nils Kuesel,9500000.0,2600000.0,515400.0,5200.0,1800.0,tiktok,march,2022
214,mcsilsiloficial,@mcsilsiloficial,5800000.0,2600000.0,201700.0,4700.0,13700.0,tiktok,march,2022
215,labrinth,Labrinth,924900.0,4200000.0,416900.0,3400.0,1900.0,tiktok,march,2022
216,oilywhitehat,🔌,197300.0,5500000.0,373500.0,3100.0,1400.0,tiktok,march,2022
217,jacksepticeye,Jacksepticeye,4200000.0,2900000.0,512700.00000000006,4300.0,1900.0,tiktok,march,2022
218,marisol.viola,marisol viola,1100000.0,2600000.0,504800.0,4100.0,3100.0,tiktok,march,2022
219,strangehumano,strangehumman NOVA,7800000.0,3200000.0,386300.0,4500.0,3000.0,tiktok,march,2022
220,playboyjuju,🕷,259399.99999999997,3300000.0,291200.0,5500.0,4200.0,tiktok,march,2022
221,itsjessibaby,Jessi,5000000.0,3100000.0,738500.0,3200.0,835.0,tiktok,march,2022
222,bbykevv_,Kevin Nguyen,1600000.0,3200000.0,633100.0,2100.0,2400.0,tiktok,march,2022
223,nykolasteles,Nykolas Teles,3800000.0,2700000.0,368800.0,5800.0,3400.0,tiktok,march,2022
224,morimura,MoriMura🍕,6400000.0,2200000.0,483000.0,4400.0,4100.0,tiktok,march,2022
225,danisoomin,daniela kim,8400000.0,3400000.0,492700.0,4100.0,1200.0,tiktok,march,2022
226,tenderlybaemusic,tenderlybae,14400000.0,3600000.0,409500.0,4600.0,1500.0,tiktok,march,2022
227,ig_alongwiranda,🕌🏃,880700.0,3200000.0,129400.0,1200.0,20000.0,tiktok,march,2022
228,crisdevilgamer7,CrisDevilGamer,4500000.0,3500000.0,388100.0,5200.0,1200.0,tiktok,march,2022
229,meishmoe,meishmoe,3900000.0,2500000.0,534500.0,2400.0,4100.0,tiktok,march,2022
230,maylathanzin,Maylathanzin,1900000.0,3500000.0,417600.0,1200.0,4700.0,tiktok,march,2022
231,zuuzina,👽,1200000.0,2700000.0,342400.0,4200.0,5100.0,tiktok,march,2022
232,jennifergarner,Jen Garner,2100000.0,3400000.0,315000.0,5600.0,2400.0,tiktok,march,2022
233,seventeen17_official,SEVENTEEN,3900000.0,1500000.0,375900.0,11100.0,4100.0,tiktok,march,2022
234,meosimmyyt,Mèo Simmy,3900000.0,2700000.0,367100.0,7100.0,1500.0,tiktok,march,2022
235,mariabecerra_22,Maria Becerra,6100000.0,3200000.0,553900.0,3600.0,1200.0,tiktok,march,2022
236,frostech,FROSTECH,321000.0,3400000.0,411000.0,1500.0,4600.0,tiktok,march,2022
237,p0_2,مشاري بن عبدالعزيز  -,1700000.0,4900000.0,233700.0,6000.0,1500.0,tiktok,march,2022
238,joelbergs,JoelBergs,11200000.0,3400000.0,636300.0,1700.0,2200.0,tiktok,march,2022
239,euro2024,EURO2024,6800000.0,2500000.0,407300.0,2900.0,5400.0,tiktok,march,2022
240,daz_black,daz_black,7000000.0,2300000.0,506400.0,4300.0,2900.0,tiktok,march,2022
241,claragnds,Maria Clara Garcia,16000000.0,2800000.0,401500.0,5200.0,2100.0,tiktok,march,2022
242,desartdestro,desartdestro,7800000.0,5400000.0,368300.0,2000.0,2100.0,tiktok,march,2022
243,camilacabello,Camila Cabello,15300000.0,5200000.0,321800.0,2800.0,2000.0,tiktok,march,2022
244,berkcoskunofficial,Berk Coşkun,3500000.0,5600000.0,194200.0,2900.0,4500.0,tiktok,march,2022
245,ser.geybin,Ser Geybin,1700000.0,3800000.0,383500.0,2200.0,3300.0,tiktok,march,2022
246,anthpo,Anthony Po,688300.0,1700000.0,414200.0,4700.0,6900.0,tiktok,march,2022
247,erikarichardo,erika,7900000.0,4600000.0,578700.0,2500.0,472.0,tiktok,march,2022
248,thegnshow,The Graham Norton Show,1200000.0,4900000.0,491000.0,807.0,2500.0,tiktok,march,2022
249,cx_.q,مصطفى البصراوي 62,2100000.0,3900000.0,234700.0,3100.0,5400.0,tiktok,march,2022
250,owen.han,MANGIAMOH,1500000.0,4800000.0,376200.0,1200.0,3100.0,tiktok,march,2022
251,keniaos,KeniaOs,13700000.0,2200000.0,371200.0,7500.0,2000.0,tiktok,march,2022
252,angryreactions,Oneya D’Amelio,25800000.0,2800000.0,406200.0,6200.0,680.0,tiktok,march,2022
253,saraecheagaray,sara,7000000.0,3600000.0,700700.0,2000.0,1000.0,tiktok,march,2022
254,ana_eusse,Ana Maria,10500000.0,4400000.0,665500.0,2100.0,560.0,tiktok,march,2022
255,ani__mel,Melody 🌱,798600.0,1900000.0,359700.0,2700.0,8500.0,tiktok,march,2022
256,julianjacob,Julian Jacob,1200000.0,3800000.0,496500.0,2400.0,1600.0,tiktok,march,2022
257,averywit,Avery,1000000.0,5400000.0,724100.0,1600.0,293.0,tiktok,march,2022
258,buithanhtuyen2003,𝐓𝐮𝐲𝐞̂̀𝐧 𝐗𝐮 𝐓𝐕 💦,1800000.0,1600000.0,228800.0,18500.0,1900.0,tiktok,march,2022
259,emilythetrimmer,Emily Mohring,492600.0,5800000.0,267900.0,1700.0,3100.0,tiktok,march,2022
260,fabru_blacutt,Fabru,17000000.0,5300000.0,544800.0,1900.0,642.0,tiktok,march,2022
261,yoangelolo,Angelo Bahu,1200000.0,2400000.0,224300.0,12200.0,1500.0,tiktok,march,2022
262,virginiafonseca,Virginia,30600000.0,4400000.0,566400.0,2300.0,679.0,tiktok,march,2022
263,haritsuuu,ハリツ🌿極,1300000.0,4099999.9999999995,158100.0,4900.0,6400.0,tiktok,march,2022
264,thekapelariz,The Kapelari Family,1100000.0,2800000.0,464200.0,3500.0,2100.0,tiktok,march,2022
265,camavinga,Eduardo Camavinga,1000000.0,3300000.0,522299.99999999994,2500.0,1600.0,tiktok,march,2022
266,feezius,feezius,2100000.0,4000000.0,525800.0,2800.0,654.0,tiktok,march,2022
267,lights.are.off,LIGHTS ARE OFF,18700000.0,2900000.0,292700.0,6300.0,2100.0,tiktok,march,2022
268,benjaminmaissecret,benjamin,174400.0,7000000.0,39200.0,24000.0,1700.0,tiktok,march,2022
269,calebrownn,Cale Brown,5000000.0,2700000.0,459500.0,1500.0,4200.0,tiktok,march,2022
270,realuser_1,Jrm,1600000.0,4099999.9999999995,411500.0,2500.0,1700.0,tiktok,march,2022
271,anas_elshayib,انس الشايب,3600000.0,4600000.0,194000.0,6100.0,1800.0,tiktok,march,2022
272,caleb.finn,Ｓｔａｙ　ｈｙｄｒａｔｅｄ　緯俺な,15200000.0,3500000.0,691500.0,2500.0,428.0,tiktok,march,2022
273,hi_arvans,arvanss,201400.0,1300000.0,320300.0,1200.0,15500.0,tiktok,march,2022
274,theestallion,Megan Thee Stallion,10900000.0,1900000.0,499700.0,4400.0,2900.0,tiktok,march,2022
275,rubentuestaok,Ruben Tuesta,12300000.0,4500000.0,418300.0,1100.0,2600.0,tiktok,march,2022
276,kingbach,KingBach,26300000.0,3100000.0,582200.0,1800.0,2000.0,tiktok,march,2022
277,rdcworld1,Mark Phillips,2800000.0,1800000.0,336000.0,2300.0,9100.0,tiktok,march,2022
278,anna..paull,Anna Paul,3000000.0,2800000.0,655600.0,2900.0,838.0,tiktok,march,2022
279,drewafualo,Drew Afualo,6800000.0,2200000.0,446500.0,5100.0,2100.0,tiktok,march,2022
280,scottkress_,scottkress,2900000.0,1500000.0,402700.0,7400.0,4100.0,tiktok,march,2022
281,dixiedamelio,dixie,57200000.0,4400000.0,275200.0,4600.0,1100.0,tiktok,march,2022
282,nianaguerrero,Niana Guerrero,30500000.0,3200000.0,493000.0,2700.0,1700.0,tiktok,march,2022
283,benoftheweek,ben de almeida,10600000.0,3500000.0,512799.99999999994,3100.0,722.0,tiktok,march,2022
284,maiaknight,Maia Knight,8100000.0,3500000.0,628800.0,2500.0,647.0,tiktok,march,2022
285,theovon,Theo Von,1400000.0,2400000.0,230600.0,2700.0,9800.0,tiktok,march,2022
286,abbieherbert,AbbieHerbert,12200000.0,4600000.0,619200.0,1600.0,772.0,tiktok,march,2022
287,yazidoe,YaziDoe,958900.0,2000000.0,297400.0,2800.0,8400.0,tiktok,march,2022
288,loewhaley,Laura,1400000.0,2500000.0,232000.0,1200.0,10600.0,tiktok,march,2022
289,georgieanthony,georgie munoz,2200000.0,1800000.0,294300.0,3000.0,9500.0,tiktok,march,2022
290,.blue_devil,Why Not ? ✧,941900.0,4800000.0,486400.0,1500.0,1300.0,tiktok,march,2022
291,ya_gazdanova,Нина Газданова,3400000.0,3700000.0,184000.0,932.0,8800.0,tiktok,march,2022
292,piperrockelle,Piperrockelle,9000000.0,2400000.0,275400.0,9300.0,517.0,tiktok,march,2022
293,incorrectlyroce,Roce Ordoñez,5000000.0,3100000.0,499500.0,1900.0,2200.0,tiktok,march,2022
294,wayeelkaboy10,Wayeelka boy10,852400.0,3700000.0,169600.0,5600.0,4300.0,tiktok,march,2022
295,joaoferdnan,João Ferdnan,7400000.0,2000000.0,238500.0,4200.0,9100.0,tiktok,march,2022
296,simpleputin,Просто Путин,6000000.0,3100000.0,157900.0,10600.0,2200.0,tiktok,march,2022
297,chapaevva,чапаева,1900000.0,3800000.0,347700.0,2900.0,1700.0,tiktok,march,2022
298,lyna_com,lyna_com2000,4400000.0,3400000.0,451300.0,3000.0,1100.0,tiktok,march,2022
299,arigameplays,AriGameplays,19300000.0,2600000.0,444600.0,4500.0,915.0,tiktok,march,2022
300,tommyinnit,Tommy,11500000.0,1500000.0,432100.0,7600.0,1900.0,tiktok,march,2022
301,arigameplays,AriGameplays,19300000.0,2600000.0,444600.0,4500.0,915.0,tiktok,march,2022
302,tommyinnit,Tommy,11500000.0,1500000.0,432100.0,7600.0,1900.0,tiktok,march,2022
303,alexisomman,Alexis Omman,9200000.0,1600000.0,330000.0,5100.0,6500.0,tiktok,march,2022
304,samadhiza_,samadhiza,7400000.0,3700000.0,418300.0,2100.0,1800.0,tiktok,march,2022
305,joerauth_,Joe rauth,4900000.0,2900000.0,463000.0,1600.0,2900.0,tiktok,march,2022
306,danielarodrice,Daniela Rodrice,9900000.0,4200000.0,735700.0,1500.0,391.0,tiktok,march,2022
307,official_kep1er,Kep1er,3500000.0,1800000.0,395000.0,5500.0,2700.0,tiktok,march,2022
308,sucss.s,Açucena Guirra,9700000.0,2600000.0,468100.0,3000.0,1900.0,tiktok,march,2022
309,veydi_rush,veydi_rush,8000000.0,2900000.0,456800.0,2600.0,1800.0,tiktok,march,2022
310,davidsiwonchoi,최시원 • Siwon Choi,1900000.0,1300000.0,314300.0,8600.0,5600.0,tiktok,march,2022
311,livvy,Olivia Dunne,5100000.0,2700000.0,316000.0,4900.0,1800.0,tiktok,march,2022
312,catherineealicia,catheez,1300000.0,2300000.0,306400.0,5900.0,2200.0,tiktok,march,2022
313,bonjee,Bonjee,1800000.0,1800000.0,382900.0,2500.0,5900.0,tiktok,march,2022
314,tuckercomedy,Tucker Reynolds,2000000.0,1600000.0,225200.0,2900.0,12700.0,tiktok,march,2022
315,jennifer_aplicano,Jennifer Aplícano,1000000.0,2500000.0,248500.0,3700.0,5400.0,tiktok,march,2022
316,qonitcah,Qonitcah | Health Education,1400000.0,3100000.0,277500.0,4400.0,2000.0,tiktok,march,2022
317,carolcastromx,Carol Castro,9700000.0,3400000.0,564200.0,2400.0,508.0,tiktok,march,2022
318,vorostwins,vorostwins,2600000.0,2700000.0,344100.0,3800.0,2100.0,tiktok,march,2022
319,tiagodionisio,Tiago_Dionisio,5500000.0,2400000.0,227000.0,1100.0,8900.0,tiktok,march,2022
320,magic_daniell,Magic Daniell,9000000.0,4500000.0,503400.0,2000.0,427.0,tiktok,march,2022
321,3tl.team,3TL,1600000.0,4400000.0,380900.0,2700.0,493.0,tiktok,march,2022
322,nessaabarrett,Nessa Barrett,17900000.0,2800000.0,338200.0,3800.0,2000.0,tiktok,march,2022
323,saeemm2002,Samantha Ancheta,4099999.9999999995,1800000.0,396900.0,4000.0,3600.0,tiktok,march,2022
324,nate.dawg.com,Nate dawg,230200.0,2400000.0,434500.0,3300.0,1900.0,tiktok,march,2022
325,larissagloor,𝗟𝗮𝗿𝗶𝘀𝘀𝗮 𝗚𝗹𝗼𝗼𝗿,2600000.0,2900000.0,489400.0,2400.0,1300.0,tiktok,march,2022
326,xshueur,ғᴇᴇʟɪɴɢ,256600.00000000003,2400000.0,186000.0,0.0,11700.0,tiktok,march,2022
327,cleanpuppy,Chloe Cherry,1700000.0,3600000.0,617400.0,1700.0,612.0,tiktok,march,2022
328,tootymcnooty,TootyMcNooty,7300000.0,1500000.0,401100.0,2200.0,6400.0,tiktok,march,2022
329,miakhalifa,Mia K.,32500000.0,3700000.0,340300.0,3500.0,644.0,tiktok,march,2022
330,notraymodeli,Modeli,1900000.0,1800000.0,404300.0,2700.0,4300.0,tiktok,march,2022
331,axelwebber,Axel,4200000.0,2400000.0,544700.0,3400.0,522.0,tiktok,march,2022
332,baebyshaa,shalynne,324600.0,3000000.0,650300.0,1400.0,1200.0,tiktok,march,2022
333,momonatamada,Momona Tamada,3700000.0,2700000.0,489400.0,3300.0,473.0,tiktok,march,2022
334,nikkietutorials,nikkietutorials,5100000.0,4300000.0,536600.0,1200.0,987.0,tiktok,march,2022
335,spicyycam_,Spicy Cam,18200000.0,3500000.0,428100.0,3000.0,295.0,tiktok,march,2022
336,sa_ro01,sara💜,3400000.0,3300000.0,265900.0,4600.0,1100.0,tiktok,march,2022
337,byniaromero,Nia Romero,10400000.0,4000000.0,531100.0,2000.0,291.0,tiktok,march,2022
338,_vqsngi.03_,Ghét môn Toán =))),87700.0,2600000.0,367500.0,3300.0,1800.0,tiktok,march,2022
339,oblomoffrecipe,oblomoffrecipe,5300000.0,3000000.0,271800.0,1200.0,4800.0,tiktok,march,2022
340,yg_treasure_tiktok,yg_treasure_official,3500000.0,1700000.0,355300.0,4100.0,4200.0,tiktok,march,2022
341,luq_music,LUQ_MUSIC,165700.0,2000000.0,237000.0,5900.0,4300.0,tiktok,march,2022
342,bradtheboxer,Just brad,2000000.0,2500000.0,216700.0,3600.0,5300.0,tiktok,march,2022
343,ftedooda,🛄,23500.0,1200000.0,219400.0,2800.0,16400.0,tiktok,march,2022
344,kurtisconner,kurtis conner,1800000.0,2200000.0,465800.0,3100.0,1500.0,tiktok,march,2022
345,maskrayy1,maskrayy1,4500000.0,7000000.0,280900.0,1200.0,1200.0,tiktok,march,2022
346,babybella777,Bella Hadid,4400000.0,3000000.0,504500.0,2600.0,614.0,tiktok,march,2022
347,trainee_a,Trainee A,2700000.0,1300000.0,384000.0,5300.0,4200.0,tiktok,march,2022
348,texasbushman,Texas BUSHMAN,1200000.0,2400000.0,242600.0,1500.0,6700.0,tiktok,march,2022
349,ugolord,⚖️ The TikTok Attorney ⚖️,5300000.0,2800000.0,281000.0,5600.0,497.0,tiktok,march,2022
350,fedevigevani,Fede Vigevani,12600000.0,2700000.0,370400.0,4000.0,721.0,tiktok,march,2022
351,nam_patcharaporn,Namfon,656500.0,2200000.0,374000.0,3000.0,2600.0,tiktok,march,2022
352,endomarf,☻☆EndoMarfa☆☻,517200.00000000006,1700000.0,516500.0,3400.0,2000.0,tiktok,march,2022
353,dasigantung,Dasi Gantung,5100000.0,3500000.0,497800.0,1500.0,1200.0,tiktok,march,2022
354,llucastorresg,Lucas Torres,831400.0,1500000.0,328500.0,4500.0,4900.0,tiktok,march,2022
355,bungalow_jonathan,Bungalow Jonathan,251200.0,1500000.0,116600.0,994.0,25100.0,tiktok,march,2022
356,.aidenbeaudry,.aidenbeaudry_official,483300.0,2000000.0,344800.0,3100.0,3500.0,tiktok,march,2022
357,cbum,Chris Bumstead,2000000.0,2000000.0,389100.0,2600.0,3200.0,tiktok,march,2022
358,rebeccazamolo,rebecca zamolo,16800000.0,2300000.0,233900.0,7900.0,701.0,tiktok,march,2022
359,farrelhkeem,FA🧛,179100.0,1800000.0,292900.0,2100.0,6400.0,tiktok,march,2022
360,cellat36,cellat36,8199999.999999999,2400000.0,212300.0,6400.0,2400.0,tiktok,march,2022
361,clexxd,clexxd,8900000.0,2400000.0,227300.0,8100.0,118.0,tiktok,march,2022
362,yodeege,Deege,905900.0,2300000.0,366900.0,1900.0,3500.0,tiktok,march,2022
363,brentrivera,Brent Rivera,42800000.0,2600000.0,492800.0,3000.0,433.0,tiktok,march,2022
364,herranwalt,Herr Anwalt,5300000.0,2200000.0,302700.0,3800.0,3000.0,tiktok,march,2022
365,europaleague,Europa League,2100000.0,2800000.0,346800.0,2000.0,2500.0,tiktok,march,2022
366,danivallem,Dani Valle,3900000.0,1600000.0,130500.0,1100.0,19900.0,tiktok,march,2022
367,nourmar5,nourmar5,14300000.0,1300000.0,145900.0,13000.0,10100.0,tiktok,march,2022
368,nada_m7amed,دودا🦹🏻🤍,5800000.0,3400000.0,281200.0,2300.0,2300.0,tiktok,march,2022
369,ox_zung,원정맨 WonJeong,41100000.0,2800000.0,399400.0,3200.0,727.0,tiktok,march,2022
370,thor.aya,Thoraya Maronesy,1500000.0,2700000.0,468300.0,2100.0,1300.0,tiktok,march,2022
371,caocuongvu,caocuongvu,3400000.0,2900000.0,346000.0,3100.0,1300.0,tiktok,march,2022
372,renpc_,✨Ren PC✨,3200000.0,1700000.0,318000.0,2400.0,5600.0,tiktok,march,2022
373,julesleblanc,jules,18600000.0,2900000.0,657500.0,1800.0,516.0,tiktok,march,2022
374,alexhook2303,Александр,4300000.0,1300000.0,253600.0,10800.0,2300.0,tiktok,march,2022
375,laurahfritz,laura & lena,2500000.0,2200000.0,400800.0,1500.0,3300.0,tiktok,march,2022
376,corvii_ff,EL CORVII 🍭,10500000.0,2500000.0,427700.0,3800.0,215.0,tiktok,march,2022
377,gabimfmoura,Gabriela Moura,7700000.0,2600000.0,381300.0,1900.0,2400.0,tiktok,march,2022
378,bottleofdjinn,HIM,706300.0,2800000.0,582700.0,1600.0,1100.0,tiktok,march,2022
379,mohmadtra,ترفولتا,1800000.0,4400000.0,304700.0,2000.0,1200.0,tiktok,march,2022
380,respectme90,Football  ⚽️ футбол,658100.0,2000000.0,243100.0,3700.0,5000.0,tiktok,march,2022
381,soycintiacossio,Cintia Cossio,4099999.9999999995,5700000.0,480000.0,702.0,838.0,tiktok,march,2022
382,thegoodhype,Goodlin Siblings,1700000.0,2500000.0,443500.0,1600.0,2200.0,tiktok,march,2022
383,carolvillanes,Carol Villanes,4099999.9999999995,1800000.0,312300.0,7000.0,458.0,tiktok,march,2022
384,just_jenoah_,Jenoah Santiago,1400000.0,2400000.0,488500.0,1500.0,2000.0,tiktok,march,2022
385,datdo0803,Đỗ Đạt,6500000.0,4600000.0,368800.0,1700.0,732.0,tiktok,march,2022
386,robgronkowski,gronk,2400000.0,2400000.0,332000.0,1700.0,3500.0,tiktok,march,2022
387,___nicoichi___,NICO【平成フラミンゴ】,1300000.0,2700000.0,288900.0,3200.0,2100.0,tiktok,march,2022
388,pablitocastilloo,pablitocastilloo,4500000.0,1800000.0,225600.0,1400.0,9000.0,tiktok,march,2022
389,iamjonathanpeter,Jonathan Peter,12700000.0,3200000.0,379000.0,999.0,2400.0,tiktok,march,2022
390,meowlife7,Cats is life,876400.0,2300000.0,311500.0,1600.0,4100.0,tiktok,march,2022
391,pimpiriya1,PIM PIRIYA,1300000.0,2900000.0,567900.0,1200.0,1300.0,tiktok,march,2022
392,ferchugimenez,Fernanda,4300000.0,3300000.0,456500.0,1400.0,1300.0,tiktok,march,2022
393,homm9k,ХОМЯК,39000000.0,2800000.0,385800.0,3000.0,752.0,tiktok,march,2022
394,mndiaye_97,mndiaye_97,14200000.0,2200000.0,411900.0,2300.0,2200.0,tiktok,march,2022
395,linatejeiro8,Lina Tejeiro,4000000.0,4000000.0,295900.0,992.0,2400.0,tiktok,march,2022
396,www.m4th.com,math!eu,6900.0,1300000.0,309200.0,6500.0,3500.0,tiktok,march,2022
397,dovecameron,Dove Cameron,9000000.0,1800000.0,380500.0,4500.0,1300.0,tiktok,march,2022
398,sjbleau,SJ,12300000.0,3600000.0,420300.0,1700.0,914.0,tiktok,march,2022
399,ginescorreguela,Ginés correguela,776400.0,2800000.0,140500.0,2600.0,7700.0,tiktok,march,2022
400,mrzeooficial,MR ZEO 🇩🇴,16100000.000000002,2000000.0,251100.0,2000.0,5900.0,tiktok,march,2022
401,stellajero16,Vester Ajero,1200000.0,1100000.0,265700.0,10900.0,2500.0,tiktok,march,2022
402,teokun711abc,テオくん@幸せ者,1200000.0,2800000.0,317600.0,1800.0,2600.0,tiktok,march,2022
403,ajo.ozil,𝙆𝙪𝙧𝙣𝙞𝙖 van 𝙂𝙪𝙨𝙢𝙖𝙣,900000.0,6400000.0,250800.0,825.0,1600.0,tiktok,march,2022
404,mr_paul.boy,"Паул, либо просто Паша",7200000.0,2200000.0,426000.0,3000.0,1100.0,tiktok,march,2022
405,rblx.dreyzon,🤍 ДРЭЙЗОН • РОБЛОКС 🤍,1300000.0,1900000.0,234000.0,7400.0,1200.0,tiktok,march,2022
406,mattiastanga,Mattia Stanga,2300000.0,1600000.0,242400.0,1300.0,8600.0,tiktok,march,2022
407,hannahbahng,hannahbahng,1900000.0,1500000.0,471300.0,4100.0,1300.0,tiktok,march,2022
408,haositofficial,HaositOfficial,1200000.0,1700000.0,344600.0,5600.0,936.0,tiktok,march,2022
409,kdramas_klis,✨KLIS✨,860300.0,2800000.0,368500.0,1400.0,2300.0,tiktok,march,2022
410,mhc_f_f,✧☽ 𝒹 𝓇 𝑒 𝒶 𝓂 𝒾 𝓃 𝑔 ☾✧,1100000.0,1700000.0,269900.0,1400.0,7000.0,tiktok,march,2022
411,yurielkysojeda,Yurielkys Ojeda,12200000.0,4000000.0,481000.0,1300.0,667.0,tiktok,march,2022
412,elsalsely00,🥇 السلسيلي 🥇,4300000.0,4600000.0,177200.0,612.0,4000.0,tiktok,march,2022
413,mayanelsayed,Mayan El Sayed,3500000.0,4400000.0,263500.0,1200.0,2100.0,tiktok,march,2022
414,wasyanka,Василий,2500000.0,1700000.0,124000.0,1000.0,16800.0,tiktok,march,2022
415,vidhia_r,Vidhi_R,4400000.0,2700000.0,290600.0,3200.0,1600.0,tiktok,march,2022
416,com.yamato0515,【コムドット】やまと,1700000.0,2000000.0,271000.0,4900.0,1900.0,tiktok,march,2022
417,kaylamalecc,kayla,6600000.0,2200000.0,363100.0,4400.0,267.0,tiktok,march,2022
418,munchieslab,Martín,2700000.0,2400000.0,180500.0,796.0,7600.0,tiktok,march,2022
419,albert_cancook,Albert Niazhvinski,4000000.0,4200000.0,403400.0,1400.0,712.0,tiktok,march,2022
420,juaniquilador,JuanSGuarnizo,8600000.0,2000000.0,452200.0,1600.0,2500.0,tiktok,march,2022
421,cerenyaldz,Ceren Yaldız,9200000.0,2200000.0,164500.0,8500.0,1300.0,tiktok,march,2022
422,thedannyphantom,danny,80100.0,1900000.0,177100.0,7800.0,2700.0,tiktok,march,2022
423,cindylauw,CindyLauw,148600.0,2200000.0,323900.0,4500.0,439.0,tiktok,march,2022
424,gehadhassann,Gehad hassan👸🏻,7300000.0,1400000.0,177000.0,3500.0,10700.0,tiktok,march,2022
425,dudamaryah,dudamaryah,4099999.9999999995,3000000.0,340700.0,2000.0,1400.0,tiktok,march,2022
426,the.revival,Revival,392800.0,2200000.0,283800.0,1200.0,4400.0,tiktok,march,2022
427,gavinmagnus,GavinMagnus,5200000.0,2000000.0,254900.0,6400.0,412.0,tiktok,march,2022
428,ermmm.umm,user569215425698,2100.0,1900000.0,254500.0,2300.0,4800.0,tiktok,march,2022
429,thegerbers_,🧡Маша и Роберт🧡,5300000.0,3700000.0,375300.0,2100.0,344.0,tiktok,march,2022
430,hiagodosvideos,Hiago Marques,1200000.0,2600000.0,365400.0,2000.0,1600.0,tiktok,march,2022
431,andweaso,Andrea,5900000.0,3000000.0,542100.0,1200.0,884.0,tiktok,march,2022
432,luisvelody,Luis Velody,6200000.0,3300000.0,459900.0,910.0,1300.0,tiktok,march,2022
433,yoshi30244781481,にっしー,3900000.0,4000000.0,409600.0,1200.0,837.0,tiktok,march,2022
434,the_joe_gatto,joe_gatto,6500000.0,2900000.0,247700.0,1400.0,3200.0,tiktok,march,2022
435,frankielapenna,Frankie LaPenna,1800000.0,4900000.0,411700.0,735.0,943.0,tiktok,march,2022
436,.diana__tc,Diana TC,2900000.0,3200000.0,348700.0,1900.0,1100.0,tiktok,march,2022
437,matsudake,M2DK/マツダ家の日常,4700000.0,8100000.0,199800.0,1200.0,833.0,tiktok,march,2022
438,anokhinalz,Аnokhina Liza,35600000.0,2800000.0,374000.0,2800.0,379.0,tiktok,march,2022
439,mranto,Anto Garcia,8199999.999999999,6500000.0,274700.0,1300.0,570.0,tiktok,march,2022
440,iheartmemphis,iHeartMemphis🔥,12500000.0,4300000.0,260200.0,2300.0,687.0,tiktok,march,2022
441,sobrevivente13,Edelson Ribeiro,4099999.9999999995,2200000.0,188300.0,1700.0,6200.0,tiktok,march,2022
442,pam_a_cake,Pam,4099999.9999999995,3500000.0,487400.0,1600.0,334.0,tiktok,march,2022
443,ardkth,𝐊𝐢𝐦 𝐀𝐑𝐝,1300000.0,1100000.0,350400.0,2000.0,6500.0,tiktok,march,2022
444,cemresolmaz,cemre solmaz,10200000.0,2200000.0,180900.0,7200.0,976.0,tiktok,march,2022
445,philipdefranco,Philip DeFranco,1900000.0,2500000.0,319200.0,2800.0,1300.0,tiktok,march,2022
446,otakoyakisoba,otakoyakisoba,14100000.0,2800000.0,278800.0,1800.0,2300.0,tiktok,march,2022
447,freeritzyralph,Ritzyralph,1400000.0,1500000.0,375400.0,3300.0,2400.0,tiktok,march,2022
448,jhothsa,jhothsa,12300000.0,1700000.0,224700.0,1700.0,6700.0,tiktok,march,2022
449,icebox,icebox,6200000.0,3000000.0,277200.0,3300.0,517.0,tiktok,march,2022
450,tatiana1964_2,Татьяна,31000.0,1700000.0,12400.0,207.0,151800.0,tiktok,march,2022
451,nmixx_official,NMIXX,1100000.0,1600000.0,318500.0,4200.0,2100.0,tiktok,march,2022
452,bmbsh7,بمبش السيد♦️bimbsh♦️,3800000.0,1800000.0,289500.0,3800.0,2300.0,tiktok,march,2022
453,jackjos3ph,Jack Joseph,2400000.0,1400000.0,246300.0,3500.0,5700.0,tiktok,march,2022
454,bikedasher,Patrick,2200000.0,3300000.0,370400.0,2200.0,427.0,tiktok,march,2022
455,benjikrol,Benji Krol,30300000.0,2400000.0,338900.0,3400.0,488.0,tiktok,march,2022
456,djmariio,DjMaRiiO,983800.0,2200000.0,329200.0,1300.0,3000.0,tiktok,march,2022
457,reeh__augusto,Reeh Augusto,3700000.0,2100000.0,371800.0,2500.0,1600.0,tiktok,march,2022
458,onlyjayus,Bella Avila,17600000.0,2300000.0,344700.0,2600.0,1300.0,tiktok,march,2022
459,sabrinacarpenter,Sabrina Carpenter,12000000.0,2200000.0,298800.0,2800.0,1900.0,tiktok,march,2022
460,barbaracoura,Bárbara Coura,8000000.0,2400000.0,384300.0,2200.0,1200.0,tiktok,march,2022
461,ngikuttrendaja,Ahmad Rizki,192800.0,3700000.0,304500.0,1500.0,1200.0,tiktok,march,2022
462,rayssabuq,Rayssa Buq,5400000.0,1800000.0,326800.0,2600.0,2600.0,tiktok,march,2022
463,olisboa,LISBOA,612000.0,3000000.0,505000.0,944.0,1100.0,tiktok,march,2022
464,mimiermakeup,Mirta Miler,14500000.0,2700000.0,448600.0,2200.0,367.0,tiktok,march,2022
465,verycooll_real,Very Cool,1400000.0,3100000.0,234500.0,1300.0,3000.0,tiktok,march,2022
466,just.hamilton,Just Hamilton,2300000.0,1700000.0,271600.0,2900.0,3900.0,tiktok,march,2022
467,michou_yt,Michou,6700000.0,3600000.0,256399.99999999997,2800.0,456.0,tiktok,march,2022
468,gregisms,Gregisms’ Neighborhood,2200000.0,975500.0,168000.0,6700.0,11600.0,tiktok,march,2022
469,butt.erhand,Lucie,176400.0,2200000.0,201500.0,514.0,6200.0,tiktok,march,2022
470,gbandme,GB and ME,5700000.0,1600000.0,250100.0,4800.0,2700.0,tiktok,march,2022
471,fransfaisal_real,frans faisal,272900.0,2500000.0,278800.0,3300.0,926.0,tiktok,march,2022
472,officialjellyroll,Jelly Roll,2400000.0,2300000.0,290800.0,2600.0,1800.0,tiktok,march,2022
473,lossiblings_,Lossiblings🍭,23600000.0,2800000.0,396900.0,1800.0,863.0,tiktok,march,2022
474,davidgetial,deivis,13300000.0,3200000.0,439400.0,1800.0,302.0,tiktok,march,2022
475,zodiac.boyfriend,Zodiac Boyfriend🪐🔮,1600000.0,1600000.0,219700.0,3600.0,4700.0,tiktok,march,2022
476,michellerenaud,Michelle Renaud,2300000.0,4200000.0,357800.0,1100.0,801.0,tiktok,march,2022
477,kelvin__silvaa,Kelvin__silvaaa,3400000.0,2000000.0,163600.0,1100.0,7700.0,tiktok,march,2022
478,user4350486101671,user4350486101671,16200000.0,1600000.0,302300.0,4700.0,1300.0,tiktok,march,2022
479,jeison_giraldo,JeisonGiraldo,24600000.0,3400000.0,426500.0,1700.0,300.0,tiktok,march,2022
480,chrisdelia,ChrisDElia,1700000.0,1800000.0,268500.0,643.0,5500.0,tiktok,march,2022
481,lightskinkeisha,LightSkinKeisha,1900000.0,2000000.0,303200.0,1200.0,3500.0,tiktok,march,2022
482,larasilvan,Tik Toker,15900000.0,1800000.0,351300.0,3400.0,1100.0,tiktok,march,2022
483,la_lerma,LERMITA,11600000.0,2700000.0,354300.0,1200.0,1800.0,tiktok,march,2022
484,duolingo,Duolingo,3400000.0,1500000.0,281100.0,4500.0,2300.0,tiktok,march,2022
485,danythegaggio,Daniele Cabras,2700000.0,1400000.0,214200.0,1700.0,7800.0,tiktok,march,2022
486,dari_wadha_home,Dari_wadha_home,1400000.0,2900000.0,182100.0,2400.0,2900.0,tiktok,march,2022
487,pkllipe,Pk,16500000.0,2200000.0,383900.0,1600.0,1800.0,tiktok,march,2022
488,aloserishere_,𝙇𝙤𝙨𝙚𝙧.,159400.0,1100000.0,165500.0,6600.0,8800.0,tiktok,march,2022
489,olivertree,Oliver Tree,12500000.0,3000000.0,324100.0,1800.0,1100.0,tiktok,march,2022
490,lonely.moods,:),354500.0,815500.0,214000.0,5400.0,10600.0,tiktok,march,2022
491,jessnolimit999,Jess No Limit,5300000.0,2700000.0,264700.0,3100.0,877.0,tiktok,march,2022
492,sooshimango,Sooshi Mango,483400.0,1100000.0,100700.0,3500.0,21700.0,tiktok,march,2022
493,spider_slack,spider_slack,31600000.0,2600000.0,314300.0,1700.0,1700.0,tiktok,march,2022
494,realmadrid,Real Madrid C.F.,11700000.0,2100000.0,300500.0,3000.0,1500.0,tiktok,march,2022
495,leanadeeb,Leana Deeb,4200000.0,2600000.0,426900.0,1000.0,1500.0,tiktok,march,2022
496,jonathanbecerraoficial,Jonathan Becerra,1200000.0,2300000.0,173400.0,1500.0,5500.0,tiktok,march,2022
497,officialturk,Officialturk,26100.0,1100000.0,237000.0,7500.0,3400.0,tiktok,march,2022
498,isabuenox,Isabelle Bueno,2800000.0,1900000.0,410400.0,2500.0,1000.0,tiktok,march,2022
499,peachypollo,Emillee,1400000.0,2300000.0,480600.0,749.0,1700.0,tiktok,march,2022
500,monabouchon_,Monabouchon,139100.0,1500000.0,127600.0,468.0,13700.0,tiktok,march,2022
501,monabouchon_,Monabouchon,139100.0,1500000.0,127600.0,468.0,13700.0,tiktok,march,2022
502,reymbayang,Rey,3300000.0,2300000.0,273300.0,1900.0,2400.0,tiktok,march,2022
503,noahbeck,noah beck,32799999.999999996,2900000.0,342700.0,2300.0,439.0,tiktok,march,2022
504,limaunipisofficial,limaunipisofficial,602600.0,1500000.0,107700.0,1300.0,15400.0,tiktok,march,2022
505,therealhammytv,TheRealHammyTV,13300000.0,3700000.0,156500.0,884.0,3800.0,tiktok,march,2022
506,matheusevitoriaofc,Matheus e Vitoria,6900000.0,2000000.0,317900.0,2200.0,2000.0,tiktok,march,2022
507,7iprast,𝗶𝗡𝗦𝗢𝗠,3600000.0,1700000.0,163500.0,1100.0,8600.0,tiktok,march,2022
508,oli_natu,Oli Natu,7900000.0,2900000.0,408300.0,1200.0,1100.0,tiktok,march,2022
509,sebbylaz,Seb Laz,4099999.9999999995,1800000.0,238600.0,5500.0,894.0,tiktok,march,2022
510,r___.89,𝑀𝑖𝑠𝑡𝑒𝑟 𝑅𝑒𝑒𝑚𝑎 😾✨.,3500000.0,1800000.0,299800.0,3800.0,1300.0,tiktok,march,2022
511,anwar,Anwar Jibawi,11700000.0,2500000.0,275900.0,1300.0,2500.0,tiktok,march,2022
512,blake.snider,Blake Snider,4600.0,2800000.0,150700.0,967.0,5500.0,tiktok,march,2022
513,alejwho,Alejandro,983500.0,1500000.0,279100.0,2500.0,4100.0,tiktok,march,2022
514,anitta,Anitta,17200000.0,3800000.0,263400.0,1600.0,1000.0,tiktok,march,2022
515,tangychu,Танги штоле,20900.0,1300000.0,259399.99999999997,2100.0,5700.0,tiktok,march,2022
516,newt,newt,9400000.0,2300000.0,378500.0,1400.0,1600.0,tiktok,march,2022
517,brookemonk_,Brooke Monk,19000000.0,2700000.0,339600.0,2000.0,867.0,tiktok,march,2022
518,psg,psg,25300000.0,2700000.0,319200.0,2200.0,777.0,tiktok,march,2022
519,roy.0fficial,Roy.official,290800.0,1200000.0,108400.0,432.0,19600.0,tiktok,march,2022
520,nicollefigueroaa,Nicolle Figueroa,9600000.0,2500000.0,343000.0,2500.0,546.0,tiktok,march,2022
521,ucgj7,☝️Биполярочка👆,1500000.0,1800000.0,179800.0,6200.0,1800.0,tiktok,march,2022
522,startup.mp4,startup.mp4,98000.0,944300.0,246600.0,4700.0,6400.0,tiktok,march,2022
523,beca,Rebeca Barreto,21900000.0,2300000.0,297700.0,3000.0,819.0,tiktok,march,2022
524,glebpiano,Глеб Пьяных,457300.0,3000000.0,75000.0,3100.0,8400.0,tiktok,march,2022
525,emilyfauver,emily&ella,3300000.0,2500000.0,377900.0,1300.0,1500.0,tiktok,march,2022
526,mikaylanogueira,Mikayla Nogueira,11200000.0,2200000.0,323800.0,3000.0,657.0,tiktok,march,2022
527,ivanovik.83,ivanovik.1983,172700.0,2300000.0,91500.0,1100.0,11100.0,tiktok,march,2022
528,francis.bourgeois,Francis Bourgeois,2300000.0,2000000.0,193000.0,1600.0,5000.0,tiktok,march,2022
529,kaan.etm,Kaan,2600000.0,2000000.0,358400.0,2800.0,807.0,tiktok,march,2022
530,ramonvitor,ramonvitor,2200000.0,1800000.0,397900.0,2500.0,1100.0,tiktok,march,2022
531,imreddtv,REDD,883100.0,3200000.0,190800.0,1200.0,3100.0,tiktok,march,2022
532,scarlettsspam2,scarlett,1100000.0,2200000.0,204700.0,4500.0,1200.0,tiktok,march,2022
533,siscakohl,Sisca Kohl,10400000.0,2600000.0,306500.0,2200.0,986.0,tiktok,march,2022
534,_andrewcurtiss,Andrew Curtis,2400000.0,1300000.0,274000.0,4800.0,2500.0,tiktok,march,2022
535,_xndirizlky_,_xndi rizlky_,11500.0,3700000.0,166500.0,2200.0,1800.0,tiktok,march,2022
536,kingmajesty_princessrose,Nelson and Rose,155000.0,1600000.0,109600.0,1300.0,13000.0,tiktok,march,2022
537,serchexmx,Serchex,123100.0,1400000.0,265000.0,2900.0,3700.0,tiktok,march,2022
538,hoaminzy_hoadambut,Hoà Minzy,4000000.0,3200000.0,345000.0,1800.0,423.0,tiktok,march,2022
539,samsung_guy,Callum,117500.0,1800000.0,237200.0,4900.0,850.0,tiktok,march,2022
540,arbooks__,Arbooks,392100.0,2100000.0,223800.0,2600.0,2600.0,tiktok,march,2022
541,eduincaz5,Eduin Caz,5200000.0,2800000.0,278700.0,1200.0,1900.0,tiktok,march,2022
542,agigigrigio,Giovanna Grigio,2000000.0,3600000.0,325000.0,1700.0,407.0,tiktok,march,2022
543,kienreview90,Kien Review,9800000.0,4500000.0,254100.0,1300.0,850.0,tiktok,march,2022
544,kallmewhateveryouwant,kallmewhateveryouwant,10900000.0,1800000.0,342300.0,3200.0,744.0,tiktok,march,2022
545,kopke613,kopke613,3600000.0,1100000.0,141800.0,2200.0,13200.0,tiktok,march,2022
546,colewherld,colegonzales,4900000.0,2100000.0,297200.0,696.0,3200.0,tiktok,march,2022
547,zloinvfx,Stanislav Anisimov,135800.0,3300000.0,172600.0,899.0,3300.0,tiktok,march,2022
548,yordy_yor,Yordy_Yor,1200000.0,3800000.0,146200.0,3700.0,671.0,tiktok,march,2022
549,countingshleeps,blake,2100000.0,1700000.0,265600.0,2800.0,2600.0,tiktok,march,2022
550,jasminechiswell,Jasmine Chiswell,15200000.0,3400000.0,404400.0,1500.0,212.0,tiktok,march,2022
551,fjerry,FJerry,3000000.0,1400000.0,109500.0,3000.0,12600.0,tiktok,march,2022
552,roportajadam,Mahsun Karaca,930100.0,2700000.0,157000.0,564.0,5100.0,tiktok,march,2022
553,outtpig,Cameron Perez,1600000.0,1500000.0,350200.0,2200.0,2300.0,tiktok,march,2022
554,qpark,Q Park,30200000.0,3200000.0,216000.0,1600.0,1800.0,tiktok,march,2022
555,andcarli,Anderson Carli,6000000.0,4400000.0,234000.0,1800.0,500.0,tiktok,march,2022
556,mitzakoff,lucasmitzakoff,1900000.0,1300000.0,270300.0,2400.0,4200.0,tiktok,march,2022
557,itsjojosiwa,JoJo Siwa,40700000.0,3000000.0,370200.0,1700.0,383.0,tiktok,march,2022
558,good.boy.ollie,Good Boy Ollie,2800000.0,2100000.0,344300.0,1100.0,2100.0,tiktok,march,2022
559,alaa.ayyman,ALaa Ayman,8199999.999999999,3700000.0,364600.0,820.0,935.0,tiktok,march,2022
560,jj_olatunji4,🇬🇧🇬🇧🇬🇧,1600000.0,2300000.0,334600.0,591.0,2400.0,tiktok,march,2022
561,leaelui,Lea Elui,17000000.0,2800000.0,375900.0,1100.0,1200.0,tiktok,march,2022
562,innkastar,Innkastar,11600000.0,2600000.0,193500.0,4000.0,666.0,tiktok,march,2022
563,anilinom,anilinom,11800000.0,10600000.0,136800.0,441.0,1200.0,tiktok,march,2022
564,mileshampton,WilsonsHouse,140300.0,1300000.0,299300.0,2400.0,3500.0,tiktok,march,2022
565,mastercorbuzier,Deddy Corbuzier,2100000.0,3000000.0,215600.0,2800.0,791.0,tiktok,march,2022
566,djraulitooficial,Dj Raulito,605300.0,3300000.0,167000.0,715.0,3500.0,tiktok,march,2022
567,brandonspam_,Brandon Conner,7300000.0,2200000.0,281700.0,3200.0,558.0,tiktok,march,2022
568,paulaverhoeven,Paula Verhoeven,997500.0,4900000.0,232700.0,1100.0,946.0,tiktok,march,2022
569,madisonpettis,Madison Pettis,2600000.0,2900000.0,493500.0,1000.0,603.0,tiktok,march,2022
570,arianagrande,arianagrande,26600000.0,1400000.0,333900.0,3900.0,963.0,tiktok,march,2022
571,vekalife24,vekalife,2400000.0,1500000.0,116200.0,459.0,12600.0,tiktok,march,2022
572,westbrouck,Mattie,8600000.0,1900000.0,423100.0,2200.0,655.0,tiktok,march,2022
573,the.big.mike,The Big Mike,71500.0,1500000.0,176800.0,4200.0,4000.0,tiktok,march,2022
574,.mats.ftl,❤️‍🔥Лёша Мэтс❤️‍🔥,6700.0,1700000.0,210200.0,1700.0,4600.0,tiktok,march,2022
575,bilalfadilii,Bilal Fadili,958400.0,1800000.0,210400.0,2300.0,3700.0,tiktok,march,2022
576,jaydafnwayda,JAYDA WAYDA,3200000.0,2200000.0,333400.0,1200.0,1900.0,tiktok,march,2022
577,vzelivx,vzelivx,731300.0,2100000.0,271200.0,2600.0,1300.0,tiktok,march,2022
578,benoit_chevalier,Benoît Chevalier,8700000.0,1700000.0,180900.0,3100.0,4200.0,tiktok,march,2022
579,ninogashi,NinoGashi,1300000.0,1800000.0,179700.0,3200.0,3700.0,tiktok,march,2022
580,twice_tiktok_official,TWICE,13900000.0,1200000.0,223800.0,6500.0,1800.0,tiktok,march,2022
581,beniju03,BENIJU,2200000.0,1600000.0,304800.0,3800.0,716.0,tiktok,march,2022
582,chourouk.model_official,Chourouk_model_official,4400000.0,3200000.0,270500.0,897.0,1700.0,tiktok,march,2022
583,shabiraalulaadnan,Shabiraalula&Ayah,5100000.0,3200000.0,256399.99999999997,1500.0,1200.0,tiktok,march,2022
584,ryskalamarcysia,ryskalamarcysia,1800000.0,3100000.0,360900.0,1600.0,403.0,tiktok,march,2022
585,namyulenka,Namy,6000000.0,2000000.0,366200.0,2100.0,901.0,tiktok,march,2022
586,tu.terapeuta.en.tiktok,Leandro Olszanski,1600000.0,1600000.0,328500.0,1900.0,2300.0,tiktok,march,2022
587,devincaherly,Devin Caherly,6900000.0,3600000.0,406600.0,1300.0,213.0,tiktok,march,2022
588,itsmatheuscosta,Matheus Costa,4300000.0,2100000.0,235300.0,1700.0,2800.0,tiktok,march,2022
589,virguleanimaleshow,VirguleAnimaleShow,850000.0,1200000.0,190800.0,1800.0,7700.0,tiktok,march,2022
590,vtkh2004,Vũ Thị Khánh Huyền,7700000.0,2600000.0,321400.0,2000.0,588.0,tiktok,march,2022
591,mateuspesce,Pesce,5700000.0,1700000.0,254900.0,2000.0,3000.0,tiktok,march,2022
592,how.kev.eats,how.kev.eats,1800000.0,2500000.0,323000.0,1800.0,926.0,tiktok,march,2022
593,zubarefff,Зубарев Александр,2900000.0,2000000.0,300100.0,1700.0,1900.0,tiktok,march,2022
594,vancityreynolds,Ryan Reynolds,19700000.0,2300000.0,282800.0,1600.0,1700.0,tiktok,march,2022
595,clecolucci,Clé Colucci,2900000.0,935100.0,165000.0,9400.0,4500.0,tiktok,march,2022
596,mr.v1bez,MR.VIBEZ,853000.0,1400000.0,364200.0,1900.0,2300.0,tiktok,march,2022
597,nosoychaparro,Luis Chaparro,2800000.0,2100000.0,360300.0,2500.0,320.0,tiktok,march,2022
598,lilyxgarcia,Lily Garcia,8900000.0,1800000.0,418200.0,1900.0,906.0,tiktok,march,2022
599,juanpazurita,Juanpa Zurita,12800000.0,3300000.0,397700.0,804.0,782.0,tiktok,march,2022
600,juandaniel.ibarra,Daniel Ibarra,26600000.0,3300000.0,353700.0,1400.0,406.0,tiktok,march,2022
601,juandaniel.ibarra,Daniel Ibarra,26600000.0,3300000.0,353700.0,1400.0,406.0,tiktok,march,2022
602,maddiebools,Maddie,52900.0,1700000.0,99600.0,3600.0,8900.0,tiktok,march,2022
603,abir.sag,Abir e sag,11000000.0,2500000.0,176900.0,2900.0,1700.0,tiktok,march,2022
604,lexychaplin,Lexy,3000000.0,2000000.0,308200.0,2700.0,595.0,tiktok,march,2022
605,mich_gzl,Michelle González,538300.0,3100000.0,220600.0,730.0,2200.0,tiktok,march,2022
606,more.annapaul,More Anna,1500000.0,2700000.0,447800.0,1300.0,418.0,tiktok,march,2022
607,ktlynraps,Ktlyn,1900000.0,2100000.0,226700.0,2000.0,2300.0,tiktok,march,2022
608,yano4kaa.aaa,Yano4kaa.aa,3000000.0,1700000.0,267100.0,2200.0,2300.0,tiktok,march,2022
609,baga..genius,Молодой Гений,721600.0,1900000.0,279700.0,1700.0,2200.0,tiktok,march,2022
610,lelepons,Lele Pons,26800000.0,2200000.0,307400.0,1900.0,1100.0,tiktok,march,2022
611,n.vv3,ناصر || 🇸🇦 alsubaie ..,1900000.0,3300000.0,158000.0,3200.0,642.0,tiktok,march,2022
612,flakeysalt,Joshua weissman,6200000.0,2500000.0,352900.0,664.0,1600.0,tiktok,march,2022
613,kikakiim,Kika Kim,29500000.0,2200000.0,296000.0,2200.0,918.0,tiktok,march,2022
614,emilymariko,Emily Mariko,10100000.0,3000000.0,321700.0,1300.0,766.0,tiktok,march,2022
615,milos.guzel,Milos,4800000.0,1900000.0,425500.0,1700.0,774.0,tiktok,march,2022
616,hashbrotatoes,H&SH Brotatoes,390100.0,2200000.0,342600.0,1400.0,1300.0,tiktok,march,2022
617,diana_aster,💗 DIANA ASTER 💗,10400000.0,2700000.0,337400.0,1800.0,417.0,tiktok,march,2022
618,gabrielabee,GABI BEE,9300000.0,1200000.0,248000.0,5500.0,1200.0,tiktok,march,2022
619,igorjansen,igorjansen,10600000.0,2200000.0,275700.0,2400.0,953.0,tiktok,march,2022
620,ifluent,iFluent,2800000.0,1600000.0,174500.0,4000.0,3100.0,tiktok,march,2022
621,mateus_hwang,Mateus Hwang,1900000.0,2100000.0,139600.0,5700.0,1200.0,tiktok,march,2022
622,taimmm8,888,1000000.0,2000000.0,318800.0,1500.0,1600.0,tiktok,march,2022
623,mandrake1984real,Giuseppe Mandrake Ninno,883800.0,1400000.0,180400.0,982.0,7000.0,tiktok,march,2022
624,lisav_,ну лиз,1900000.0,1900000.0,370700.0,1300.0,1400.0,tiktok,march,2022
625,chadio,Chad Epps 🦒,6900000.0,1500000.0,240400.0,3600.0,1700.0,tiktok,march,2022
626,rachyohumlek,รัชโยตัวปลอมนอกนั้นจริงหมด,1600000.0,4099999.9999999995,349700.0,951.0,397.0,tiktok,march,2022
627,aiki_kr,아이키 Aiki,1800000.0,1700000.0,363200.0,2000.0,1100.0,tiktok,march,2022
628,itsmenicksmithy,Nick Smithyman 🤓,6400000.0,1500000.0,265000.0,3100.0,1900.0,tiktok,march,2022
629,alexiatamiraa,🍓Alexia Tamira🍓,7500000.0,2300000.0,312000.0,2200.0,479.0,tiktok,march,2022
630,v1ctoryuh3.0,sexy lady,1600000.0,1600000.0,303100.0,1700.0,2200.0,tiktok,march,2022
631,taavmaki,Taav,686900.0,1300000.0,217200.0,2700.0,4000.0,tiktok,march,2022
632,esnyrdump,esnyrdump,603800.0,1800000.0,271600.0,2200.0,1900.0,tiktok,march,2022
633,andersonprofetaa,Anderson Profeta,2500000.0,1200000.0,151700.0,2200.0,8200.0,tiktok,march,2022
634,jason.nms,Jayway,652600.0,1500000.0,254900.0,2400.0,2500.0,tiktok,march,2022
635,cassholland,Cassie Holland,1500000.0,2000000.0,381900.0,1500.0,917.0,tiktok,march,2022
636,pokrov,АНЯ ПОКРОВ🥑,16300000.0,2200000.0,287600.0,2100.0,895.0,tiktok,march,2022
637,rhyadmuslim,Rhyad ☝️,344000.0,1000000.0,222200.0,2400.0,5800.0,tiktok,march,2022
638,bretmanrock,bretmanrock,14000000.0,2600000.0,361800.0,1500.0,492.0,tiktok,march,2022
639,alvesdudas,mariê,855700.0,1400000.0,349900.0,2100.0,1800.0,tiktok,march,2022
640,monika.kociolek,Monika Kociołek,2600000.0,1200000.0,196800.0,6600.0,1300.0,tiktok,march,2022
641,sanae33359,San AE,1700000.0,2700000.0,224100.0,1200.0,1900.0,tiktok,march,2022
642,iben_ma,Iben M.A.,5600000.0,2500000.0,191800.0,3500.0,455.0,tiktok,march,2022
643,fes.ti_,festi,1200000.0,1200000.0,264100.0,3600.0,2300.0,tiktok,march,2022
644,imanthonyvargas,Anthony Vargas,6500000.0,1900000.0,341400.0,2600.0,268.0,tiktok,march,2022
645,wicsur,♥️БИСКАС♥️,7000000.0,1600000.0,126500.0,8900.0,248.0,tiktok,march,2022
646,sxmplyni,Simply Ni🌱,1600000.0,2600000.0,248800.0,1400.0,1400.0,tiktok,march,2022
647,itsqcp,QCP,9400000.0,2500000.0,371300.0,1100.0,888.0,tiktok,march,2022
648,ssanwhere,hassan,369400.0,1300000.0,237800.0,3100.0,3100.0,tiktok,march,2022
649,lizzebethmuaa,Lizzebethmuaa,3600000.0,3600000.0,357100.0,721.0,705.0,tiktok,march,2022
650,crispy,Crispy Concords,1200000.0,2900000.0,400000.0,986.0,593.0,tiktok,march,2022
651,blythe,Andrea Brillantes,17300000.0,2300000.0,382500.0,1200.0,960.0,tiktok,march,2022
652,kmiloop,Kmilooo,796900.0,1200000.0,228200.0,1300.0,5600.0,tiktok,march,2022
653,ilhamputrayuda,Ilham Yuda,1600000.0,2800000.0,326300.0,1200.0,814.0,tiktok,march,2022
654,anyaischuk,Anya Ischuk,10500000.0,2700000.0,317200.0,1800.0,341.0,tiktok,march,2022
655,diegodiego_,Diego Cruz,7200000.0,2100000.0,258500.0,1800.0,1600.0,tiktok,march,2022
656,winnermaxyt,WinnerMax,1800000.0,2500000.0,220200.0,968.0,2300.0,tiktok,march,2022
657,rafaelsantos,Rafael Santos,16700000.0,1800000.0,289700.0,2700.0,736.0,tiktok,march,2022
658,lkzinhu,LK,14300000.0,2400000.0,346900.0,1200.0,998.0,tiktok,march,2022
659,mercuri_88,Manuel Mercuri,19000000.0,2700000.0,238700.0,1600.0,1200.0,tiktok,march,2022
660,saxcy,saxcy,747200.0,2600000.0,271500.0,1300.0,1300.0,tiktok,march,2022
661,mdmotivator,Zachery Dereniowski,6200000.0,2500000.0,357100.0,1400.0,599.0,tiktok,march,2022
662,c.tangana,C. Tangana,372100.0,4400000.0,200300.0,735.0,1300.0,tiktok,march,2022
663,nuhchez,Nuhchez,5700000.0,1700000.0,248500.0,2000.0,2200.0,tiktok,march,2022
664,mieayamthebstt,Unaa🍜,13000000.0,2400000.0,264700.0,2000.0,827.0,tiktok,march,2022
665,ayutingting,Ayu Ting Ting,5800000.0,2400000.0,176400.0,2100.0,2100.0,tiktok,march,2022
666,yailinlamasviraloficial_,Yailin La Más Viral,2800000.0,2500000.0,210000.0,3000.0,365.0,tiktok,march,2022
667,sehataqua,SehatAQUA,249300.0,23300000.0,67400.0,647.0,467.0,tiktok,march,2022
668,jordanemel,Jordan e Mel,8700000.0,2400000.0,183600.0,1000.0,3000.0,tiktok,march,2022
669,gingerbilly1,GingerBilly1,5700000.0,1100000.0,163700.0,954.0,8700.0,tiktok,march,2022
670,samkamusic,INSTASAMKA,12400000.0,1800000.0,227900.0,2700.0,1500.0,tiktok,march,2022
671,jaxwritessongs,Jax,8300000.000000001,1900000.0,220100.0,2800.0,1500.0,tiktok,march,2022
672,sthefane.matos,Sthefane Matos,5100000.0,3200000.0,261700.0,1400.0,603.0,tiktok,march,2022
673,son0_0,손새벽,2700000.0,3900000.0,216800.0,1500.0,514.0,tiktok,march,2022
674,flickerspark_,flickerspark_,1200000.0,1700000.0,446700.0,1200.0,1100.0,tiktok,march,2022
675,kostyxd,Sergi Cabrer,2100000.0,2100000.0,290900.0,1700.0,1100.0,tiktok,march,2022
676,mahalinzi,Mahalini Raharja,655500.0,2700000.0,251900.0,1600.0,917.0,tiktok,march,2022
677,jesusangelperezoficial,🚨 ESE PÉREZ 🚨,3500000.0,1700000.0,186500.0,898.0,4600.0,tiktok,march,2022
678,tarankaaa,Dasha Taran,8000000.0,1700000.0,283400.0,2400.0,1000.0,tiktok,march,2022
679,its.michhh,Michel Chavez,28600000.0,2200000.0,340400.0,1900.0,369.0,tiktok,march,2022
680,aileenchristineee,Aileenchristineee,5600000.0,1700000.0,310000.0,1100.0,2100.0,tiktok,march,2022
681,mads.yo,Madison,12700000.0,3100000.0,322900.0,954.0,710.0,tiktok,march,2022
682,itstalasafwan,تالا صفوان | Tala Safwan🌵👸🏽,3700000.0,2100000.0,138200.0,5200.0,502.0,tiktok,march,2022
683,karenos11,𝐊𝐚𝐫𝐞𝐧 𝐎𝐬,6100000.0,2000000.0,367200.0,2000.0,242.0,tiktok,march,2022
684,jojohfsex,fullhyp3,1600000.0,1400000.0,262100.00000000003,2700.0,1800.0,tiktok,march,2022
685,nansartt,nansartt,1300000.0,2100000.0,422700.0,1400.0,456.0,tiktok,march,2022
686,aviranisha,Avira Nisha,3600000.0,2500000.0,310600.0,1800.0,344.0,tiktok,march,2022
687,03emergenxy,meyes not mayes,432500.0,3400000.0,215900.0,1700.0,561.0,tiktok,march,2022
688,nuun____,Nuun 🍂,271800.0,651600.0,118100.0,1500.0,20000.0,tiktok,march,2022
689,iloveyourmomscatt,,8200.0,1300000.0,159300.0,4900.0,3300.0,tiktok,march,2022
690,thongsoaicavip,Thông Soái Ca,1600000.0,2700000.0,172000.0,2600.0,971.0,tiktok,march,2022
691,ivanantoniochacon,Tik Toker,7200000.0,1300000.0,461600.0,1900.0,806.0,tiktok,march,2022
692,jhekhoos,Jecus Andrei,3800000.0,1900000.0,235900.0,1300.0,2400.0,tiktok,march,2022
693,kimpeeee,Kim Lajara,5800000.0,3400000.0,298500.0,507.0,1100.0,tiktok,march,2022
694,birdsarentreal,Birds Aren’t Real,852800.0,1500000.0,263500.0,2400.0,1800.0,tiktok,march,2022
695,markoterzo,M A R K O,2500000.0,1800000.0,168700.0,4200.0,1200.0,tiktok,march,2022
696,nnatalieaguilar,natalie & the aguilars,4200000.0,2800000.0,373600.0,702.0,845.0,tiktok,march,2022
697,halinhofficial,Ha Linh Official,1000000.0,2600000.0,187300.0,2800.0,604.0,tiktok,march,2022
698,sosiadoneymar,Eigon Oliver,6000000.0,2500000.0,179900.0,1800.0,1800.0,tiktok,march,2022
699,saadradio,Saad,1700000.0,3400000.0,260200.0,1200.0,670.0,tiktok,march,2022
700,leleburnier,LELÊ BURNIER,1400000.0,1400000.0,326000.0,2700.0,958.0,tiktok,march,2022
701,thelandofboggs,The Land Of Boggs,5200000.0,2600000.0,367700.0,857.0,829.0,tiktok,march,2022
702,yuna1_27,🐚Yuna_유나🤍,2200000.0,1600000.0,291000.0,1400.0,2000.0,tiktok,march,2022
703,abaas_majid_,عباس ماجد,2000000.0,2100000.0,206900.0,2200.0,1500.0,tiktok,march,2022
704,muhammetalisarii,Muhammet Ali Sarı,264100.0,2900000.0,128400.0,1400.0,3000.0,tiktok,march,2022
705,theluciole,Luciole,955000.0,1700000.0,395200.0,2000.0,428.0,tiktok,march,2022
706,dafaatmja,Dafaatmja,9900000.0,2000000.0,162600.0,4100.0,856.0,tiktok,march,2022
707,pushistyk,VL,13300.0,1900000.0,272200.0,1600.0,1600.0,tiktok,march,2022
708,juliano,julianofloss,6700000.0,2100000.0,306700.0,1600.0,851.0,tiktok,march,2022
709,nicholas_crown,Nicholas Crown,1600000.0,2900000.0,490500.0,863.0,262.0,tiktok,march,2022
710,oipedrodaher,Pedro Daher,3100000.0,1100000.0,206600.0,1800.0,5100.0,tiktok,march,2022
711,jimena.jimenezr,Jimena,22800000.0,1700000.0,311700.0,1000.0,2000.0,tiktok,march,2022
712,mellacarli,Mella Carli,1700000.0,1400000.0,220500.0,2100.0,3000.0,tiktok,march,2022
713,viktoriya__bars,Viktoriya Bars,139700.0,1300000.0,56600.0,2200.0,19400.0,tiktok,march,2022
714,missmarymmouser,missmarymmouser,2900000.0,1900000.0,255500.0,2700.0,570.0,tiktok,march,2022
715,coleandersonj,Cole Anderson James,1500000.0,1600000.0,280500.0,1200.0,2300.0,tiktok,march,2022
716,pumbacaracal,PumbaCaracal,3500000.0,2100000.0,130900.0,3300.0,2600.0,tiktok,march,2022
717,the_green_car,The Green Car,168800.0,4300000.0,339800.0,662.0,417.0,tiktok,march,2022
718,providingforthecommunity,Russel Cameron,313600.0,1600000.0,114600.0,5500.0,3400.0,tiktok,march,2022
719,hannahstocking,Hannah Stocking,25900000.0,3000000.0,338400.0,967.0,582.0,tiktok,march,2022
720,pk.99999,PHUKLA,1200000.0,1500000.0,288200.0,1700.0,1900.0,tiktok,march,2022
721,lilchefmil,Milan Bhayana,861100.0,3000000.0,501100.0,678.0,367.0,tiktok,march,2022
722,jeremylynch,JeremyLynch,18600000.0,1700000.0,248000.0,2600.0,1200.0,tiktok,march,2022
723,ph1lzatiktok,Ph1LzA,2200000.0,980500.0,309200.0,4000.0,1100.0,tiktok,march,2022
724,jack_papho69,แจ็ก แปปโฮ,6300000.0,2800000.0,344100.0,766.0,862.0,tiktok,march,2022
725,cesarpantoja.n,Cesar Pantoja,12400000.0,2000000.0,305400.0,2200.0,317.0,tiktok,march,2022
726,yajanaaa,Yajana Cano,5000000.0,1500000.0,255300.0,767.0,3300.0,tiktok,march,2022
727,dilaraaduman,Dilara Duman,1900000.0,3400000.0,175800.0,653.0,2000.0,tiktok,march,2022
728,justinbieber,Justin Bieber,23600000.0,1700000.0,197500.0,3200.0,1400.0,tiktok,march,2022
729,lukedonkin,Luke Donkin,2300000.0,1500000.0,199000.0,2900.0,2300.0,tiktok,march,2022
730,alexxxxan,котик,1700000.0,1700000.0,307500.0,831.0,2100.0,tiktok,march,2022
731,monsieurpof,Monsieur Pof,2800000.0,1700000.0,340600.0,1800.0,938.0,tiktok,march,2022
732,dennnyn,DENII,3300000.0,1000000.0,136400.0,773.0,10500.0,tiktok,march,2022
733,lauratheux,Laura Theux,208300.0,3500000.0,234700.0,846.0,1000.0,tiktok,march,2022
734,com.hyuga1117,【コムドット】 ひゅうが,995500.0,1200000.0,199800.0,4900.0,1500.0,tiktok,march,2022
735,robegrill,Roberto Morales,10200000.0,1900000.0,209500.0,1100.0,2700.0,tiktok,march,2022
736,emoglam,емоglaм,1500000.0,2700000.0,307300.0,1000.0,806.0,tiktok,march,2022
737,luvtheflex,taryn,1400000.0,1900000.0,156900.0,3800.0,1300.0,tiktok,march,2022
738,jombospice,JOMBOSPICE,7200000.0,2500000.0,239800.0,1900.0,617.0,tiktok,march,2022
739,rusuh_brooo,RUSUH BROOO,27500.0,840600.0,150800.0,1500.0,10400.0,tiktok,march,2022
740,shandyjuragan99,Shandyjuragan99,1100000.0,3000000.0,183500.0,1900.0,869.0,tiktok,march,2022
741,pjmxck,𝐂𝐡𝐢𝐤𝐚⁷,1000000.0,738700.0,263200.0,2700.0,5000.0,tiktok,march,2022
742,kamashrafi,kamran,48200.0,1200000.0,231600.0,2600.0,2800.0,tiktok,march,2022
743,najihmumtaz,Najih Mumtaz945,682300.0,1600000.0,93900.0,4500.0,5500.0,tiktok,march,2022
744,chelseahartisme,Chelsea Hart,1500000.0,3500000.0,138900.0,0.0,3100.0,tiktok,march,2022
745,gheayoubi08,Gheayoubi,7900000.0,3200000.0,171100.0,1200.0,1600.0,tiktok,march,2022
746,annaxsitar,anna x,11600000.0,3000000.0,461200.0,723.0,381.0,tiktok,march,2022
747,y.i.m_,Отборный юмор и комедия 🎭,177500.0,1400000.0,121300.0,1200.0,7700.0,tiktok,march,2022
748,matsu_kusarine,ラブマツ (LOVEMATSU),563900.0,2900000.0,186400.0,1800.0,1000.0,tiktok,march,2022
749,beinsports,beINSPORTS,1200000.0,1700000.0,213800.0,2200.0,1900.0,tiktok,march,2022
750,_mister_z,Marco Zedda,4500000.0,1600000.0,272200.0,2400.0,995.0,tiktok,march,2022
751,.shuberrr,максончиq,5800.0,2000000.0,152700.0,2100.0,2800.0,tiktok,march,2022
752,maharanikemala,maharanikemala,3200000.0,2500000.0,156200.0,1800.0,2000.0,tiktok,march,2022
753,analisseworld,Analisseworld,9900000.0,2100000.0,328900.0,967.0,1200.0,tiktok,march,2022
754,jairsanchezzz,Jair Sanchez,6200000.0,1300000.0,226900.0,1800.0,3500.0,tiktok,march,2022
755,machikayt,MachikaYT,12000000.0,1900000.0,291100.0,2200.0,558.0,tiktok,march,2022
756,michaelrendyw,Michael Rendy W,4600000.0,3900000.0,293600.0,740.0,558.0,tiktok,march,2022
757,dobretwins,Lucas and Marcus,35200000.0,1800000.0,221400.0,3300.0,498.0,tiktok,march,2022
758,swagboyq,SwagBoyQ on IG,23400000.0,3000000.0,216600.0,1400.0,858.0,tiktok,march,2022
759,xoomid,Xoomid,8200.0,1100000.0,135300.0,4200.0,5700.0,tiktok,march,2022
760,_nch04,𝐍𝐠𝐮𝐲𝐞̂̃𝐧 𝐇𝐚̉𝐢,4800000.0,2500000.0,209100.0,1400.0,1400.0,tiktok,march,2022
761,davidgalvanv,David Galván,3900000.0,2600000.0,244200.0,1500.0,807.0,tiktok,march,2022
762,usernamepuntaktahu,CEO OF SEKOLAH,587700.0,2200000.0,293300.0,1700.0,595.0,tiktok,march,2022
763,primkung007,PRIMKUNG,2100000.0,1400000.0,259899.99999999997,3500.0,575.0,tiktok,march,2022
764,isabelgiannuzzi,Isabel,1100000.0,3500000.0,298100.0,1200.0,187.0,tiktok,march,2022
765,baileyspinn,bailey,11100000.0,2300000.0,296100.0,2000.0,137.0,tiktok,march,2022
766,summerwalker,Summer Walker,1600000.0,1100000.0,199200.0,3300.0,3300.0,tiktok,march,2022
767,huynh_quang_6767,Huỳnh Quang - Bảo Ngọc,457600.0,2100000.0,185600.0,3400.0,337.0,tiktok,march,2022
768,bs_fo4eek,Fo4eek,36900.0,1900000.0,158800.0,2600.0,2100.0,tiktok,march,2022
769,carloandsarah,,3300000.0,2400000.0,188400.0,1200.0,1900.0,tiktok,march,2022
770,nadaakkhaledd,Nada khaled,2700000.0,2100000.0,275900.0,1300.0,1100.0,tiktok,march,2022
771,ups,UPS,92600.0,1200000.0,136700.0,2200.0,6300.0,tiktok,march,2022
772,ninja,Ninja,8300000.000000001,2300000.0,216200.0,1600.0,1400.0,tiktok,march,2022
773,attahalilintar,Atta Halilintar,10100000.0,2600000.0,288900.0,1300.0,661.0,tiktok,march,2022
774,nam.per,Nam Per,1600000.0,2500000.0,225000.0,1500.0,987.0,tiktok,march,2022
775,leal_stephany,Stephany Leal,13100000.0,1700000.0,351200.0,738.0,1600.0,tiktok,march,2022
776,lucaslopezvilet,Lucas Lopez,2400000.0,1300000.0,191400.0,1300.0,4500.0,tiktok,march,2022
777,vlad.hoshin,HOSHIN,11400000.0,1100000.0,250800.0,4100.0,1000.0,tiktok,march,2022
778,kauanahofem,Kau,7000000.0,1800000.0,262900.0,1800.0,1200.0,tiktok,march,2022
779,xolyssarosexo,Lyssa,60100.0,1600000.0,92600.0,8700.0,1100.0,tiktok,march,2022
780,joe.bartolozzi,Joe Bartolozzi,17800000.0,1500000.0,296700.0,2800.0,376.0,tiktok,march,2022
781,maxkhadarr,max khadar,1300000.0,1100000.0,197600.0,3000.0,3400.0,tiktok,march,2022
782,jacksonaces,JACKSON ACES MAGIC🎩,6200000.0,1500000.0,93000.0,3000.0,6900.0,tiktok,march,2022
783,ninjagirldraws,Dania,3600000.0,1700000.0,147100.0,2000.0,3500.0,tiktok,march,2022
784,trien.13,TRIỂN CHILL,491400.0,1300000.0,177100.0,3900.0,2100.0,tiktok,march,2022
785,connordewolfe,Connor DeWolfe,5300000.0,1100000.0,276000.0,1500.0,3000.0,tiktok,march,2022
786,loupernaut,Lou PERNAUT,1300000.0,2400000.0,280700.0,1800.0,198.0,tiktok,march,2022
787,bxyeditss,[panyo ni irene],419400.0,1100000.0,202500.0,2800.0,3400.0,tiktok,march,2022
788,totochegang,Anto,1400000.0,1400000.0,275400.0,1400.0,2300.0,tiktok,march,2022
789,luciiasanese,lu,30100.0,1200000.0,186900.0,2700.0,3600.0,tiktok,march,2022
790,nickandcarrie,Nick&Carrie,5600000.0,1900000.0,290500.0,1000.0,1500.0,tiktok,march,2022
791,juanchimy,Juan Lopez,2700000.0,1400000.0,325100.0,1700.0,1300.0,tiktok,march,2022
792,bene.schulz,Bene,5700000.0,2000000.0,254600.0,1600.0,1100.0,tiktok,march,2022
793,com.amugiri2,【コムドット】あむぎり,712300.0,1300000.0,200100.0,3800.0,1400.0,tiktok,march,2022
794,goldwin.reyes,GOLDWIN REYES,1500000.0,2500000.0,335300.0,964.0,659.0,tiktok,march,2022
795,lulu_pt,Lulu,299600.0,1900000.0,223900.0,921.0,2200.0,tiktok,march,2022
796,itskingchris,KingChristian,15300000.0,1400000.0,258600.00000000003,2200.0,1700.0,tiktok,march,2022
797,fahmi.nm,Fahmi,7600000.0,2200000.0,237400.0,1800.0,748.0,tiktok,march,2022
798,farhanrn__,FARHAN,3800000.0,1700000.0,281900.0,1800.0,1000.0,tiktok,march,2022
799,liltjay,Lil Tjay,4400000.0,1800000.0,221200.0,2700.0,775.0,tiktok,march,2022
800,vilmeijuga,VILMEI✨,8400000.0,1700000.0,169200.0,3500.0,1100.0,tiktok,march,2022
801,faryanggaa,Ryann,4400000.0,1700000.0,272200.0,1900.0,1000.0,tiktok,march,2022
802,gordeewa__13,вечно изящная,9500000.0,2600000.0,214500.0,1800.0,604.0,tiktok,march,2022
803,fadiljaidi,Fadil Jaidi,7500000.0,2500000.0,351600.0,967.0,543.0,tiktok,march,2022
804,darianrojasc,D A R I A NR O J A S,29400000.0,3100000.0,445000.0,575.0,385.0,tiktok,march,2022
805,ibaillanos,Ibai,8900000.0,1500000.0,260500.0,1300.0,2000.0,tiktok,march,2022
806,tsezy,Tommy,4800000.0,2000000.0,253500.0,1900.0,735.0,tiktok,march,2022
807,linhkool1993,Linh Kool,4500000.0,3300000.0,330300.0,954.0,256.0,tiktok,march,2022
808,rayanfahmi,Rayoon,3200000.0,2200000.0,192000.0,2100.0,1100.0,tiktok,march,2022
809,unnecessaryinventions,unnecessaryinvention,4600000.0,2200000.0,194600.0,2000.0,1100.0,tiktok,march,2022
810,basementgang,Basement Gang,5000000.0,1400000.0,275200.0,1400.0,2100.0,tiktok,march,2022
811,bessan_esmail,بيسان اسماعيل - Bessan Ismail,10100000.0,1800000.0,132100.0,4200.0,1400.0,tiktok,march,2022
812,com.yuma1214,【コムドット】ゆうま,812700.0,1300000.0,188300.0,3900.0,1400.0,tiktok,march,2022
813,anggun_core,anggun✨,14800000.0,3600000.0,178000.0,1300.0,697.0,tiktok,march,2022
814,xibibrothers,Xibi Brothers,7600000.0,1800000.0,246500.0,888.0,2000.0,tiktok,march,2022
815,moni_lina,MoniLina,14500000.0,7700000.0,128100.0,367.0,942.0,tiktok,march,2022
816,avani,avani,40400000.0,1800000.0,237600.0,2100.0,874.0,tiktok,march,2022
817,haijoel,Haijoel,409500.0,2800000.0,167700.0,2500.0,279.0,tiktok,march,2022
818,samanthayve,samantha eve,5800000.0,1300000.0,205400.0,3400.0,1400.0,tiktok,march,2022
819,hoaa.hanassii,Đào Lê Phương Hoa,10800000.0,1600000.0,255300.0,2400.0,695.0,tiktok,march,2022
820,ryanbakery,𝙍𝙮𝙖𝙣𝘽𝙖𝙠𝙚𝙧𝙮,1100000.0,1600000.0,171300.0,2400.0,2400.0,tiktok,march,2022
821,djprecise,DJ Precise,3400000.0,1700000.0,186400.0,3100.0,897.0,tiktok,march,2022
822,jeffreestar,Jeffree Star,2200000.0,2100000.0,208400.0,2000.0,872.0,tiktok,march,2022
823,christiandaloii_,Christiandaloii_,2900000.0,1500000.0,197400.0,2500.0,1900.0,tiktok,march,2022
824,abdullah_eltourky,Eltourky 👑,6700000.0,2000000.0,235700.0,1200.0,1400.0,tiktok,march,2022
825,oironyoliveira,Kbuloso 😈,5900000.0,1300000.0,87300.0,490.0,10900.0,tiktok,march,2022
826,lana_mohd89,𝑳𝑨𝑵𝑨 🦋,4400000.0,2100000.0,161700.0,2400.0,1200.0,tiktok,march,2022
827,lyrico__,ʟʏʀɪᴄᴏ,2900000.0,1100000.0,105600.0,1100.0,10100.0,tiktok,march,2022
828,beasteater,BeastEater,18000000.0,2700000.0,248400.0,1700.0,208.0,tiktok,march,2022
829,nick.digiovanni,nick.digiovanni,8600000.0,2100000.0,295300.0,1200.0,778.0,tiktok,march,2022
830,milosramen,Jacob🇭🇳,1300000.0,2200000.0,272900.0,1400.0,665.0,tiktok,march,2022
831,steveharvey,Steve Harvey,9200000.0,1800000.0,176800.0,1700.0,2400.0,tiktok,march,2022
832,ngoanhtan1,Bạn Tấn chúa tể nỗi buồn,777600.0,1600000.0,153100.0,2700.0,2400.0,tiktok,march,2022
833,gemelasabello2,gemelasabello2,13200000.0,2600000.0,293200.0,693.0,950.0,tiktok,march,2022
834,creatorar,Arpostt,624100.0,1700000.0,141300.0,733.0,4400.0,tiktok,march,2022
835,vanrezaputra,Elaina,320100.0,1900000.0,163300.0,2300.0,1800.0,tiktok,march,2022
836,bestluxurycars,Bestluxurycars,3000.0,769500.0,136900.0,1400.0,10200.0,tiktok,march,2022
837,johaanzu,JohaanZu,3600000.0,1700000.0,320200.0,1600.0,716.0,tiktok,march,2022
838,nelyrall,NELYRALL,4600000.0,1100000.0,214500.0,1900.0,3500.0,tiktok,march,2022
839,leigh_mcnasty,Leigh McClendon,2800000.0,1000000.0,157000.0,1300.0,6100.0,tiktok,march,2022
840,xo4y_remont56,user4538340664186,82900.0,2700000.0,67400.0,589.0,6000.0,tiktok,march,2022
841,sofarsabi,SOFARSABI,5500000.0,2100000.0,208400.0,2200.0,584.0,tiktok,march,2022
842,cerolzera,CEROL,4099999.9999999995,1700000.0,180400.0,2700.0,1300.0,tiktok,march,2022
843,animalize21,animalize21🔥,10300000.0,2000000.0,248100.0,1400.0,1000.0,tiktok,march,2022
844,itspierreboo,Pierre,12500000.0,1900000.0,278300.0,1600.0,753.0,tiktok,march,2022
845,lorengray,Loren Gray,54300000.0,1800000.0,248400.0,1500.0,1200.0,tiktok,march,2022
846,football.tonight,football.tonight,391500.0,2000000.0,152200.0,2300.0,1600.0,tiktok,march,2022
847,danielmidas,danielmidas,281800.0,1400000.0,119100.0,1600.0,5500.0,tiktok,march,2022
848,laila_mahmoud62,ليلي محمود ♥️,3000000.0,3400000.0,204700.0,772.0,931.0,tiktok,march,2022
849,quintongriggs,Q U I N T O N,6400000.0,1400000.0,169800.0,3300.0,1700.0,tiktok,march,2022
850,erictro,Eric Tro,2200000.0,3700000.0,358800.0,453.0,438.0,tiktok,march,2022
851,doongool,🔥Dongol🔥,3100000.0,2200000.0,255000.0,1100.0,1000.0,tiktok,march,2022
852,madozilla,mad,5700000.0,888900.0,194400.0,3900.0,2900.0,tiktok,march,2022
853,anxietycouple,Anxiety couple,10700000.0,2600000.0,274900.0,765.0,886.0,tiktok,march,2022
854,nildachiaraviglio,NildaChiaraviglio,798900.0,1300000.0,117900.0,723.0,7000.0,tiktok,march,2022
855,haccon.01,𝐇𝐚̣𝐜 𝐂𝐨𝐧🦩,325100.0,1900000.0,157800.0,3600.0,314.0,tiktok,march,2022
856,fukada0318,深田えいみ,4600000.0,2000000.0,150800.0,2600.0,1300.0,tiktok,march,2022
857,ahmedbasyoni,Ahmed Basyoni,1200000.0,1700000.0,125900.0,2400.0,3000.0,tiktok,march,2022
858,sinadeinert,sinadeinert,5500000.0,967700.0,207500.0,4600.0,1200.0,tiktok,march,2022
859,austinandlexi,⚡️Austin & Lexi 💥,3200000.0,1300000.0,253300.0,1500.0,2000.0,tiktok,march,2022
860,jayrscottyy,Jordan Scott,2300000.0,900600.0,173100.0,3700.0,3700.0,tiktok,march,2022
861,manja_faiez,Manja,593100.0,1500000.0,128000.0,2200.0,3800.0,tiktok,march,2022
862,moontellthat,MOONTELLTHAT,13100000.0,2300000.0,156900.0,1700.0,1600.0,tiktok,march,2022
863,baraa.bolat,@baraabolat,1600000.0,2300000.0,143900.0,2500.0,959.0,tiktok,march,2022
864,yurika_aruno,Danone💕,2800000.0,1300000.0,209900.0,2900.0,1300.0,tiktok,march,2022
865,360tv,ARISHA ROSS,9900000.0,2000000.0,162000.0,3000.0,461.0,tiktok,march,2022
866,its.__yara,its._yara,749500.0,1100000.0,65400.00000000001,7300.0,8600.0,tiktok,march,2022
867,ava_love33,Ava Love,2700000.0,1500000.0,299500.0,2100.0,471.0,tiktok,march,2022
868,mohaimen.alaa,مهيمن علاء,2900000.0,1200000.0,190400.0,3500.0,1500.0,tiktok,march,2022
869,officialsalicerose,Salice Rose,18600000.0,1100000.0,201300.0,1800.0,3400.0,tiktok,march,2022
870,hisoyvaleria,➖V A L E R I A ➖,6200000.0,2700000.0,354700.0,803.0,380.0,tiktok,march,2022
871,saaihalilintar,SAAIH HALILINTAR,4300000.0,3000000.0,272400.0,893.0,492.0,tiktok,march,2022
872,pierson,Pierson,12500000.0,2000000.0,287000.0,1700.0,306.0,tiktok,march,2022
873,mursid241,Mursid,2200000.0,2400000.0,179100.0,2300.0,416.0,tiktok,march,2022
874,stayc_official,STAYC,1300000.0,1600000.0,181100.0,2900.0,1000.0,tiktok,march,2022
875,liamsilk,Liam Silk,6900000.0,890600.0,249600.0,2600.0,2500.0,tiktok,march,2022
876,deangerald,𝕯𝖊𝖆𝖓,382000.0,1300000.0,193900.0,607.0,3800.0,tiktok,march,2022
877,polya_tuti,Поля тут🔥👇,2300000.0,3100000.0,250600.0,711.0,730.0,tiktok,march,2022
878,trevorwallace,trevor wallace,7300000.0,1500000.0,208700.0,759.0,2800.0,tiktok,march,2022
879,jarvali,Jarvis,2200000.0,1200000.0,251700.0,2100.0,1600.0,tiktok,march,2022
880,gertieinar,Gerti & Megi,2500000.0,4000000.0,162300.0,904.0,835.0,tiktok,march,2022
881,_angelomarasigan,Angelo,484000.0,1400000.0,206700.0,2100.0,1800.0,tiktok,march,2022
882,lupinelakes,Lupine,81400.0,1900000.0,376200.0,781.0,811.0,tiktok,march,2022
883,jauncydev,jonny devaney,1500000.0,1100000.0,172000.0,1300.0,4600.0,tiktok,march,2022
884,ivoryowl,Makayla,1100000.0,1400000.0,238000.0,1800.0,1500.0,tiktok,march,2022
885,joshrichards,Josh Richards,25600000.0,2200000.0,297800.0,991.0,691.0,tiktok,march,2022
886,haga7_dayo,HAGA SEVEN/ No War🕊,1700000.0,2800000.0,120900.0,914.0,2300.0,tiktok,march,2022
887,itsmenicksmithy2,Nick Smithyman 😎,9800000.0,1600000.0,217000.0,1900.0,1400.0,tiktok,march,2022
888,so_andreyy,So_Andrey,541100.0,2200000.0,111800.0,537.0,4000.0,tiktok,march,2022
889,la.maraaa,LA MARA,6100000.0,959700.0,213900.0,5100.0,277.0,tiktok,march,2022
890,paulorgds,paulo🌻,375900.0,1400000.0,224900.0,1300.0,2200.0,tiktok,march,2022
891,murphslife,Aaron Murphy,4700000.0,1500000.0,173400.0,1400.0,2800.0,tiktok,march,2022
892,okthatscreepy,OkThat’sCreepy,366800.0,3100000.0,144300.0,1200.0,1300.0,tiktok,march,2022
893,dylanpage.ning,Dylan Page,2500000.0,1200000.0,196900.0,2800.0,1900.0,tiktok,march,2022
894,fabiola.baglieri,𝐹𝑎𝑏𝑖𝑜𝑙𝑎,11600000.0,2400000.0,288700.0,1300.0,294.0,tiktok,march,2022
895,tnt_500,ทาจิมานะ เรียว,24100.0,1700000.0,236500.0,1200.0,1600.0,tiktok,march,2022
896,rawanfahmii,rawan,3400000.0,1800000.0,189700.0,1700.0,1500.0,tiktok,march,2022
897,bigcheese8581,Matt “Big Cheese”,7600.0,1300000.0,187300.0,581.0,4000.0,tiktok,march,2022
898,demin02_,Никита,1000000.0,1400000.0,223400.0,1900.0,1600.0,tiktok,march,2022
899,charlyokei,Charlyy,3700000.0,2400000.0,300100.0,914.0,583.0,tiktok,march,2022
900,pollyjaewebster,Polly-Jae,158400.0,1600000.0,188800.0,2200.0,1400.0,tiktok,march,2022
901,leventgeiger,Levent Geiger,3100000.0,1200000.0,165500.0,2600.0,2900.0,tiktok,march,2022
902,floofnoodles,Floofnoodles,17000000.0,1300000.0,154000.0,1800.0,3800.0,tiktok,march,2022
903,stwartabdala,•  R A T O N C I T O 🧀🐁,538800.0,932600.0,79200.0,905.0,13600.0,tiktok,march,2022
904,com.yuta0305,【コムドット】ゆうた,1000000.0,949100.0,179700.0,4300.0,2000.0,tiktok,march,2022
905,kxmzzzy,kxmz,370100.0,2000000.0,218300.0,999.0,1400.0,tiktok,march,2022
906,faulox_,faulox,6800000.0,1700000.0,172400.0,2700.0,1000.0,tiktok,march,2022
907,yourrkayesss,kayess,4800000.0,1100000.0,169000.0,3200.0,2800.0,tiktok,march,2022
908,oliviaalpert,Olivia Alpert,52700.0,2600000.0,139100.0,1900.0,996.0,tiktok,march,2022
909,brodywellmaker,Brody Wellmaker,20300000.0,1800000.0,229800.0,1300.0,1300.0,tiktok,march,2022
910,ranierao,rani,18100.0,929900.0,251600.0,2600.0,1900.0,tiktok,march,2022
911,antrobo10,Anthony,545000.0,850400.0,128100.0,2300.0,7200.0,tiktok,march,2022
912,therealmaneskin,Måneskin,5400000.0,1100000.0,214000.0,2900.0,1500.0,tiktok,march,2022
913,gustavomeloof,Gustavo Melo,4600000.0,1200000.0,86800.0,1300.0,8600.0,tiktok,march,2022
914,samsamne0,Sam Samm,709400.0,2100000.0,187700.0,1800.0,893.0,tiktok,march,2022
915,bassant33,🔥bassantOfficial🔥,4500000.0,2700000.0,162200.0,1600.0,793.0,tiktok,march,2022
916,aichangemoy_,YT : AiChan TV,6600000.0,1700000.0,191200.0,2500.0,680.0,tiktok,march,2022
917,jaytorresss,Jay Torres,3800000.0,1800000.0,242700.0,844.0,1600.0,tiktok,march,2022
918,xvusex,T,21100.0,951600.0,199100.0,1300.0,4100.0,tiktok,march,2022
919,sibenitoo,SiBenitoo,4700000.0,2200000.0,140000.0,1700.0,1700.0,tiktok,march,2022
920,jumpersjump,Jumpers Jump Podcast,6400000.0,2100000.0,220100.0,1700.0,486.0,tiktok,march,2022
921,williesalim,WILLIE SALIM,8300000.000000001,1900000.0,148200.0,2900.0,713.0,tiktok,march,2022
922,itsari.aleise,Arianna Hailey,11800000.0,1700000.0,322800.0,1600.0,359.0,tiktok,march,2022
923,arilbjn,Mochamad,51300.0,1300000.0,221900.0,955.0,2700.0,tiktok,march,2022
924,camxnie,Cam & Nie,3200000.0,1400000.0,173900.0,544.0,3700.0,tiktok,march,2022
925,cristobalsoria,Cristóbal Soria,572000.0,1200000.0,120200.0,4400.0,2700.0,tiktok,march,2022
926,japeth023,japeth023,557900.0,1500000.0,194200.0,1600.0,1900.0,tiktok,march,2022
927,venao2323,YANFRY EL TIERNO🙈,4200000.0,1500000.0,166600.0,1000.0,3000.0,tiktok,march,2022
928,kuki_yt,Kuki_youtube,1800000.0,1500000.0,315700.0,1300.0,774.0,tiktok,march,2022
929,ozikoy,KOY,6900000.0,2200000.0,186400.0,1200.0,1300.0,tiktok,march,2022
930,swaghoe666,Tik Toker,1400000.0,2100000.0,306500.0,1100.0,501.0,tiktok,march,2022
931,robsonabreu,Robson Abreu,3200000.0,1400000.0,82000.0,8300.0,470.0,tiktok,march,2022
932,juliagisella,Julia Gisella,10200000.0,784400.0,186900.0,3100.0,3700.0,tiktok,march,2022
933,andreslleal,Andrés Leal,2800000.0,1700000.0,91600.0,3700.0,2900.0,tiktok,march,2022
934,gabryellurlan,Gabryell Urlan,6800000.0,1400000.0,221900.0,1200.0,2100.0,tiktok,march,2022
935,kagramanana,kagramana,6200000.0,1200000.0,184100.0,1000.0,3500.0,tiktok,march,2022
936,yizaroff,YIZARO,4000000.0,1400000.0,225100.0,2600.0,611.0,tiktok,march,2022
937,adamw,Adam W,15700000.0,1800000.0,179500.0,1100.0,1900.0,tiktok,march,2022
938,xoteam,XO Team,32100000.0,2100000.0,222900.0,1600.0,481.0,tiktok,march,2022
939,saydenseay,Sayden,3300000.0,938900.0,257300.0,1600.0,2500.0,tiktok,march,2022
940,justthenobodys,JustTheNobodys,7100000.0,1400000.0,175800.0,2200.0,1800.0,tiktok,march,2022
941,snerixx,Sam Erix,8000000.0,1900000.0,369200.0,1000.0,361.0,tiktok,march,2022
942,valenrewah,Valent,7500000.0,2400000.0,272600.0,929.0,605.0,tiktok,march,2022
943,cheekyboyos,the cheeky boyos,10900000.0,1800000.0,252800.0,1300.0,867.0,tiktok,march,2022
944,cokodive,cokodive,188500.0,871100.0,172500.0,2800.0,3700.0,tiktok,march,2022
945,_tusya_kiskis,_Tusya_kiskis,6700000.0,1400000.0,161200.0,1500.0,2800.0,tiktok,march,2022
946,danaandthewolf,danaandthewolf,187300.0,2500000.0,252500.0,824.0,712.0,tiktok,march,2022
947,pakoyaso_,Pakoyaso,9500000.0,1800000.0,216100.0,1200.0,1400.0,tiktok,march,2022
948,zhenyalavrik,Переезд в Турцию 🇹🇷,364500.0,3200000.0,69400.0,1800.0,2600.0,tiktok,march,2022
949,teukuryantr,teukuryantr,3100000.0,1700000.0,236800.0,1300.0,1100.0,tiktok,march,2022
950,jamescharles,James Charles,36100000.0,1700000.0,191600.0,2200.0,752.0,tiktok,march,2022
951,zhenyalavrik,Переезд в Турцию 🇹🇷,364500.0,3200000.0,69400.0,1800.0,2600.0,tiktok,march,2022
952,teukuryantr,teukuryantr,3100000.0,1700000.0,236800.0,1300.0,1100.0,tiktok,march,2022
953,jamescharles,James Charles,36100000.0,1700000.0,191600.0,2200.0,752.0,tiktok,march,2022
954,cardncyn,Carddd,1500000.0,2500000.0,271100.0,791.0,623.0,tiktok,march,2022
955,mariahandbill,Mariah and Bill ღ,13900000.0,2700000.0,217800.0,1200.0,462.0,tiktok,march,2022
956,jamal.jamael,Karim Jamal,2600000.0,1400000.0,203400.0,2400.0,991.0,tiktok,march,2022
957,nastasyashinee,🇮🇩 BAGUS ISTRI 🇮🇩,4900000.0,2500000.0,154500.0,1600.0,880.0,tiktok,march,2022
958,riska_nurwidia,Riska Nur Widia,2600000.0,2500000.0,276800.0,623.0,755.0,tiktok,march,2022
959,ermo1enko,🖤ТВОЯ ВЕЧЕРИНКА🖤,1700000.0,1700000.0,326300.0,870.0,849.0,tiktok,march,2022
960,mackenzieziegler,Mackenzie Ziegler,22100000.0,2100000.0,325500.0,1000.0,380.0,tiktok,march,2022
961,yarenalaca,Yaren Alaca,5400000.0,1600000.0,119200.0,4600.0,513.0,tiktok,march,2022
962,gabrielvalland,Gabriel Valland,958200.0,1100000.0,257899.99999999997,1700.0,1700.0,tiktok,march,2022
963,judiitharias,Judith & Ángel 🙋🏻‍♀️🙋🏽‍♂️,15700000.0,3100000.0,302000.0,763.0,249.0,tiktok,march,2022
964,adamrayokay,ADAMRAY,6800000.0,1900000.0,217600.0,1700.0,629.0,tiktok,march,2022
965,ethob0t,Ethobot,534200.0,2400000.0,203100.0,1300.0,668.0,tiktok,march,2022
966,soylapizito,lapizito,13300000.0,2100000.0,277200.0,1200.0,442.0,tiktok,march,2022
967,fadeewa_makeup,Фадеева🦞,760200.0,1300000.0,113200.0,1700.0,4600.0,tiktok,march,2022
968,rosssmith,Ross Smith,21800000.0,1400000.0,263300.0,814.0,1700.0,tiktok,march,2022
969,bentleybuilds,Bentley Bastian,72000.0,3100000.0,77600.0,826.0,3100.0,tiktok,march,2022
970,edwinmendozza,𝖊𝖉𝖜𝖎𝖓,14200000.0,1800000.0,393600.0,1000.0,349.0,tiktok,march,2022
971,cocielo,Júlio Cocielo,4300000.0,1300000.0,204600.0,1500.0,2000.0,tiktok,march,2022
972,riqqo_,Riqqo_,66000.0,2900000.0,170300.0,1500.0,361.0,tiktok,march,2022
973,lgndfrvr,LGNDFRVR,15800000.0,1900000.0,241300.0,670.0,1300.0,tiktok,march,2022
974,jajad5,jajad5,630800.0,982400.0,263800.0,2100.0,1500.0,tiktok,march,2022
975,cocinaconcoqui,cocinaconcoqui,2000000.0,1400000.0,278300.0,628.0,1700.0,tiktok,march,2022
976,rucenuenda1,Ruce Nuenda,1100000.0,1600000.0,280900.0,1500.0,589.0,tiktok,march,2022
977,thaotaotau,Phương Thảo,5100000.0,2500000.0,267900.0,1200.0,237.0,tiktok,march,2022
978,brycehall,Bryce Hall,21300000.0,2400000.0,283200.0,901.0,476.0,tiktok,march,2022
979,just_dt,Dt,8900000.0,1100000.0,198600.0,1800.0,2500.0,tiktok,march,2022
980,seleterr,seleterr,27100.0,1500000.0,180500.0,807.0,2500.0,tiktok,march,2022
981,teamsport_philipp,Teamsport_Philipp,23200.0,957200.0,140400.0,2100.0,4600.0,tiktok,march,2022
982,arananadam38,Okan Taşdemir,175100.0,2000000.0,60000.0,967.0,6600.0,tiktok,march,2022
983,mngnzls,MONA,13000000.0,2600000.0,191100.0,1500.0,310.0,tiktok,march,2022
984,niico_pr,миша,1100000.0,1400000.0,197700.0,1900.0,1300.0,tiktok,march,2022
985,keemokazi,KEEMOKAZI,26000000.0,2100000.0,256000.0,1400.0,293.0,tiktok,march,2022
986,vivi,Vivi,10300000.0,1700000.0,224700.0,2000.0,412.0,tiktok,march,2022
987,german_crusader,Stardust Crusader,99000.0,902500.0,149000.0,1600.0,5100.0,tiktok,march,2022
988,whitehernandez,Blanca Hernández,112600.0,1400000.0,229700.0,1400.0,1400.0,tiktok,march,2022
989,shyazryne,aEiOu,86200.0,2900000.0,316000.0,595.0,373.0,tiktok,march,2022
990,rozhkova.olesya,Roozhkova,850000.0,1500000.0,197200.0,964.0,2100.0,tiktok,march,2022
991,mosqvin_,Та самая училка❤️🔥,2600000.0,1900000.0,348500.0,714.0,637.0,tiktok,march,2022
992,sepultacion,mari,6400000.0,1300000.0,301400.0,1900.0,404.0,tiktok,march,2022
993,kaansanity,aakaanksh,4900000.0,1100000.0,86400.0,569.0,8800.0,tiktok,march,2022
994,dizzlipin,diZzLipin,909600.0,1900000.0,79900.0,5500.0,356.0,tiktok,march,2022
995,aldomirandar,😂 Aldo Miranda 😂,8400000.0,1300000.0,212700.0,605.0,2700.0,tiktok,march,2022
996,nicolebernaal,nicolebernaal,4000000.0,2200000.0,351300.0,957.0,195.0,tiktok,march,2022
997,bellaretamosa,bella,5100000.0,2500000.0,340400.0,901.0,145.0,tiktok,march,2022
998,tunico80,🌠Antonio Tonon🌠,5800000.0,1000000.0,206800.0,2000.0,2100.0,tiktok,march,2022
999,armon.warren,Armoney,1200000.0,1900000.0,300800.0,904.0,630.0,tiktok,march,2022
1000,soanhvadiephihi,Soanh x Diệp 💎,1600000.0,2600000.0,273200.0,720.0,530.0,tiktok,march,2022
