#,NAME,FOLLOWERS,ER,COUNTRY,TOPIC OF INFLUENCE,POTENTIAL REACH,category_unified,if_exist
1,T-Series @UCq-Fj5jknLsUf-MWSy4_brA,234M,-,India,,70.2M,,0
2,Cocomelon - Nursery Rhymes @UCbCmjCuTUZos6Inko4u57UQ,144M,-,United States,,43.2M,,0
3,SET India @UCpEhnqL0y41EpW2TvWAHD7Q,139M,-,India,,41.7M,,0
4,PewDiePie @UC-lHJZR3Gqxm24_Vd_AJ5Yw,111M,0.1%,United States,,33.3M,,0
5,MrBeast @UCX6OQ3DkcsbYNE6H8uQQuVA,100M,2.4%,United States,Celebrity Pets,30M,Entertainment,1
6,Like Nastya @UCJplp5SjeGSdVdwsfb9Q7lQ,97.3M,-,United States,,29.2M,,0
7,✿ Kids Diana Show @UCk8GzjMOrta8yxDcKfylJYw,94.2M,-,,,28.3M,,0
8,Zee Music Company @UCFFbwnve3yF62-tVXkTyHqg,91.4M,-,India,,27.4M,,0
9,WWE @UCJ5v_MCY6GNUBTO8-D3XoAg,91.2M,-,,,27.4M,,0
10,Vlad and Niki @UCvlE5gTbOvjiolFlEm-c_Ow,84.3M,-,United States,Marketing and Advertising Music,25.3M,Info/Business,1
11,BLACKPINK @UCOmHUn--16B90oW2L6FRR3A,82M,0.4%,South Korea,,24.6M,,0
12,Goldmines @UCyoXW-Dse7fURq30EWl_CUA,72M,-,India,,21.6M,,0
13,Justin Bieber @UCIwFjwMjI0y7PDBVEO9-bkQ,69.7M,-,Canada,,20.9M,,0
14,Sony SAB @UC6-F5tO8uklgE9Zy8IvbdFw,69.2M,-,India,,20.8M,,0
15,BANGTANTV @UCLkAepWjdylmXSltofFvsYQ,68.6M,0.5%,,,20.6M,,0
16,HYBE LABELS @UC3IZKseVpdzPSBaWxBxundA,68.1M,-,South Korea,Celebrity Music,20.4M,Music,1
17,Canal KondZilla @UCffDXn7ycAzwL2LDlbyWOTw,66.3M,-,Brazil,,19.9M,,0
18,Zee TV @UCppHT7SZKKvar4Oc9J4oljQ,64M,-,India,,19.2M,,0
19,Shemaroo Filmi Gaane @UCP6uH_XlsxrXwZQ4DlqbqPg,61.1M,-,India,,18.3M,,0
20,Colors TV @UC55IWqFLDH1Xp7iu1_xknRA,59.2M,-,India,,17.8M,,0
21,ChuChu TV Nursery Rhymes & Kids Songs @UCBnZ16ahKA2DZ_T5W0FPUXg,58.7M,-,India,,17.6M,,0
22,Dude Perfect @UCRijo3ddMTht_IHyNSNXpNQ,58.6M,-,United States,,17.6M,,0
23,Movieclips @UC3gNmTGu-TTbFPpfSs5kNkg,58.5M,-,United States,,17.6M,,0
24,Pinkfong Baby Shark - Kids' Songs & Stories @UCcdwLMPsaU2ezNSJU1nFoBQ,56.9M,-,,,17.1M,,0
25,Tips Official @UCJrDMFOdv1I2k8n9oK_V21w,56.5M,-,India,,17M,,0
26,Marshmello @UCEdvpU2pFRCVqU6yIPyTpMQ,55.8M,-,United States,,16.7M,,0
27,Wave Music @bhojpuriwave,55.6M,-,India,,16.7M,,0
28,Sony Music India @UC56gTxNs4f9xZ7Pa2i5xNzg,55.3M,-,India,,16.6M,,0
29,Aaj Tak @UCt4t-jeY85JegMlZ-E5UWtA,54M,-,India,,16.2M,,0
30,El Reino Infantil @UCK1i2UviaXLUNrZlAFpw_jA,52.9M,-,,,15.9M,,0
31,Ed Sheeran @UC0C-w0YjGpqDXGB8IHb662A,52.3M,-,,,15.7M,,0
32,Ariana Grande @UC9CoOnJkIBMdeijd9qYoT_g,52.2M,-,,,15.7M,,0
33,EminemMusic @UCfM3zsQsOnfWNUppiycmBuw,51.7M,1%,,,15.5M,,0
34,T-Series Bhakti Sagar @UCaayLD9i5x4MmIoVZxXSv_g,49.9M,-,,,15M,,0
35,LooLoo Kids - Nursery Rhymes and Children's Songs @UC4NALVCmcmL5ntpV0thoH6w,49.4M,-,United States,,14.8M,,0
36,YRF @UCbTLwN10NoCU4WDzLf1JMOA,48.4M,-,India,,14.5M,,0
37,Taylor Swift @UCqECaJ8Gagnn7YCbPEzWH6g,47.2M,0.4%,,,14.2M,,0
38,Fernanfloo @fernanfloo,47.1M,-,El Salvador,,14.1M,,0
39,Infobells - Hindi @UC1ciY6kR3yj3kaKZ6R7ewAg,46.6M,-,India,,14M,,0
40,Billie Eilish @UCiGm_E4ZwYSHV3bcW1pnSeQ,46.6M,0.7%,United States,,14M,,0
41,JuegaGerman @UCYiGq8XF7YQD00x7wAd62Zg,46.4M,0.4%,Chile,,13.9M,,0
42,Badabun @UCYWOjHweP2V-8kGKmmAmQJQ,45.7M,-,Mexico,,13.7M,,0
43,Felipe Neto @UCV306eHqgo0LvBf3Mh36AHg,44.4M,-,Brazil,,13.3M,,0
44,Get Movies @UClZkHt2kNIgyrTTPnSQV3SA,44.3M,-,Russia,,13.3M,,0
45,whinderssonnunes @UC3KQ5GWANYF8lChqjZpXsQw,43.7M,-,,,13.1M,,0
46,SonyMusicIndiaVEVO @UC3MLnJtqc_phABBriLRhtgQ,43.6M,-,,Music,13.1M,Music,1
47,BRIGHT SIDE @UC4rlAVgAK0SGk-yTfe48Qpw,43.4M,-,,Fitness News,13M,Sports,1
48,Katy Perry @UCYvmuw-JtVrTZQ-7Y4kd63Q,43.1M,-,United States,,12.9M,,0
49,Bad Bunny @UCmBA_wu8xGg1OfOkfW13Q0Q,43.1M,-,Puerto Rico,,12.9M,,0
50,Você Sabia? @UCj0O6W8yDuLg3iraAXKgCrQ,43M,-,Brazil,,12.9M,,0
51,Alan Walker @UCJrOtniJ0-NWz37R30urifQ,42.4M,-,Norway,,12.7M,,0
52,Like Nastya Show @UCS94J1s6-qc8v7btCdS2pNg,41.7M,-,United States,,12.5M,,0
53,CarryMinati @carryminati,41.6M,9.2%,India,Video Gaming,12.5M,Tech/Gaming,1
54,ABS-CBN Entertainment @UCstEtN0pgOmCf02EdXsGChw,41.5M,-,Philippines,,12.5M,,0
55,Shemaroo @UCF1JIbMUs6uqoZEY1Haw0GQ,41.2M,-,India,Celebrity,12.4M,Entertainment,1
56,Speed Records @UCOsyDsO5tIt-VZ1iwjdQmew,41.1M,-,India,Music,12.3M,Music,1
57,elrubiusOMG @UCXazgXDIYyWH-yXLAkcrFxw,40.4M,1.7%,,,12.1M,,0
58,Little Baby Bum - Nursery Rhymes & Kids Songs @UCKAqou7V9FAWXpZd9xtOg3Q,40M,-,United States,,12M,,0
59,Voot Kids @UCJg19noZp7-BYIGvypu_cow,39.3M,-,India,,11.8M,,0
60,Маша и Медведь @UCRv76wLBC73jiP7LX4C3l8Q,39.1M,-,Russia,,11.7M,,0
61,LUCCAS NETO - LUCCAS TOON @UC_gV70G_Y51LTa3qhu8KiEA,38.6M,-,Brazil,,11.6M,,0
62,Luisito Comunica @UCECJDeK0MNapZbpaOzxrUPA,38.5M,0.1%,,,11.6M,,0
63,Ishtar Music @UCWi_65E_L8tQZ34C6wVAlpQ,38.5M,-,India,Music Celebrity,11.6M,Music,1
64,TheEllenShow @UCp0hYYBW6IMayGgR-WeoCvQ,38.3M,-,United States,,11.5M,,0
65,Toys and Colors @UCgFXm4TI8htWmCyJ6cVPG_A,38.3M,-,United States,,11.5M,,0
66,Kimberly Loaiza @UCQZfFRohQ7UX-0CdXl-6pwQ,38.1M,0.9%,Mexico,,11.4M,,0
67,WorkpointOfficial @UC3ZkCd7XtUREnjjt3cyY_gg,38.1M,-,Thailand,,11.4M,,0
68,XXXTENTACION @UCM9r1xn6s30OnlJWb-jc3Sw,37.8M,0.1%,United States,,11.3M,,0
69,Super Simple Songs - Kids Songs @UCLsooMJoIpl_7ux2jvdPB-Q,37.3M,-,Canada,Travel,11.2M,Lifestyle,1
70,Shakira @UCYLNGLIzMhRTi6ZOLjAPSmw,37.1M,-,,,11.1M,,0
71,GR6 EXPLODE @UCNUQK9mQoqi4yNXw2_Rj6SA,37.1M,-,,,11.1M,,0
72,Daddy Yankee @UC9TO_oo4c_LrOiKNaY6aysA,37M,-,United States,Music,11.1M,Music,1
73,shfa @UCwHE1kM1CPJd_pI9FQ0-4dg,36.1M,0.1%,United Arab Emirates,,10.8M,,0
74,ช่อง one31 @UC8f7MkX4MFOOJ2SerXLInCA,35.9M,-,Thailand,,10.8M,,0
75,shfa2 - شفا @UCQ7x25F6YXY9DvGeHFxLhRQ,35.6M,-,United Arab Emirates,,10.7M,,0
76,Goldmines Gaane Sune Ansune @UCtW7qWjpCZ8zps-Cf2NF26w,35.6M,-,India,,10.7M,,0
77,TEDx Talks @UCsT0YIqwnpJCM-mx7-gSA4Q,35.5M,-,,,10.7M,,0
78,Ozuna @UCjIA3wwhi0QjSOXAZwOXbPA,35.2M,0.4%,Puerto Rico,Celebrity Music,10.6M,Music,1
79,YouTube @youtube.com,35.1M,-,United States,,10.5M,,0
80,Masha and The Bear @UCu59yAFE8fM0sVNTipR4edw,35.1M,-,United States,,10.5M,,0
81,Bruno Mars @UCoUM-UJ7rirJYP8CQ0EIaHA,34.8M,0.2%,,,10.4M,,0
82,Jkk Entertainment @UC5tuYcCdiKuF5Y2ZonuarwA,34.5M,0.2%,,,10.4M,,0
83,Maria Clara & JP @UCKe6w0exI94U-RzqAyoY1VA,33.8M,0.1%,Brazil,,10.1M,,0
84,T-Series Apna Punjab @UCcvNYxWXR_5TjVK7cSCdW-g,33.6M,-,India,,10.1M,,0
85,Total Gaming @UC5c9VlYTSvBSCaoMu_GI6gQ,33.6M,0.2%,India,Video Gaming,10.1M,Tech/Gaming,1
86,J Balvin @UCt-k6JwNWHMXDBGm9IYHdsg,33.6M,-,Colombia,,10.1M,,0
87,ABP NEWS @UCRWFSbif-RFENbBrSiez1DA,33.5M,-,India,,10.1M,,0
88,VEGETTA777 @UCam8T03EOFBsNdR0thrFHdQ,33.5M,-,,,10.1M,,0
89,Markiplier @UC7_YxT-KID8kRbqZo7MyscQ,33.5M,0.4%,United States,,10.1M,,0
90,Desi Music Factory @UCLtNvbkqea8wN_kGtfgx_Mw,33M,1.8%,India,,9.9M,,0
91,NoCopyrightSounds @UC_aEa8K-EOJ3D6gOs7HcyNg,32.9M,-,United Kingdom,Music,9.9M,Music,1
92,Geet MP3 @UClZF7OsrECe3t_ADrjZEh_Q,32.7M,-,,Music,9.8M,Music,1
93,Ryan's World @UChGJGhZ9SOOHvBB0Y4DOO_w,32.7M,-,,Music,9.8M,Music,1
94,Bollywood Classics @UCRm96I5kmb_iGFofE5N691w,32.7M,-,India,,9.8M,,0
95,Sony PAL @UCw7xjxzbMwgBSmbeYwqYRMg,32.6M,-,,,9.8M,,0
96,Like Nastya ESP @UCpEJRZdSpdVZ8vh63T9I2KQ,32.5M,-,,,9.8M,,0
97,La Granja de Zenón @UCwpcLKMwiuPg4aqImpGk6Ew,32.3M,-,Argentina,,9.7M,,0
98,Alfredo Larin @alfredolarin,32.3M,-,El Salvador,,9.7M,,0
99,Mikecrack @UCqJ5zFEED1hWs0KNQCQuYdQ,32.2M,0.6%,Spain,,9.7M,,0
100,Saregama Music @UC_A7K2dXFsTMAciGmnNxy-Q,32.1M,-,India,,9.6M,,0
