rank,handle_instagram,name_instagram,followers,audience_country,engagement_auth,engagement_avg,category_1,category_2
1,cristiano,Cristiano Ronaldo,477900000.0,India,5000000.0,6200000.0,Sports with a ball,
2,kyliejenner,Kylie 🤍,368100000.0,United States,3500000.0,5500000.0,Fashion,Modeling
3,arianagrande,Ariana Grande,329600000.0,United States,2900000.0,4000000.0,,
4,leomessi,Leo Messi,358600000.0,Indonesia,2700000.0,3500000.0,Sports with a ball,Family
5,zendaya,Zendaya,151100000.0,United States,4300000.0,5800000.0,Cinema & Actors/actresses,Fashion
6,selenagomez,Selena Gomez,344200000.0,United States,1800000.0,2400000.0,Lifestyle,
7,taylorswift,Taylor Swift,223500000.0,Brazil,2500000.0,3300000.0,,
8,thv,V,50800000.0,South Korea,12700000.0,12700000.0,,
9,virat.kohli,Virat Kohli,212600000.0,India,2600000.0,2900000.0,Sports with a ball,
10,beyonce,Beyoncé,274100000.0,United States,1500000.0,2100000.0,Fashion,
11,kimkardashian,Kim Kardashian,329800000.0,United States,1200000.0,1600000.0,Fashion,Beauty
12,tomholland2013,Tom Holland,68000000.0,United States,6300000.0,7700000.0,Cinema & Actors/actresses,
13,j.m,JIMIN,43500000.0,South Korea,11600000.0,11600000.0,,
14,billieeilish,BILLIE EILISH,106200000.0,United States,3500000.0,4600000.0,,
15,lalalalisa_m,LISA,81700000.0,Indonesia,5000000.0,5800000.0,,
16,justinbieber,Justin Bieber,256300000.0,Brazil,1300000.0,1800000.0,,
17,neymarjr,NJ 🇧🇷,178100000.0,Brazil,1500000.0,2200000.0,Sports with a ball,
18,agustd,SUGA of BTS 민윤기,38300000.0,South Korea,9900000.0,9900000.0,Lifestyle,
19,sooyaaa__,JISOO🤍,63800000.0,Indonesia,4900000.0,5600000.0,Beauty,
20,jin,Jin of BTS,39500000.0,United States,8800000.0,8800000.0,,
21,kendalljenner,Kendall,255400000.0,United States,852000.0,1300000.0,Modeling,Fashion
22,karolg,KAROL G,56200000.0,Mexico,5000000.0,6100000.0,,
23,kourtneykardash,Kourtney Kardashian Barker,196400000.0,United States,1200000.0,1700000.0,Lifestyle,
24,khaby00,Khaby Lame,79300000.0,India,2800000.0,3900000.0,Sports with a ball,
25,uarmyhope,jhope,39400000.0,South Korea,7800000.0,7800000.0,,
26,jennierubyjane,J,69800000.0,Indonesia,3700000.0,4400000.0,,
27,roses_are_rosie,ROSÉ,62700000.0,Indonesia,3700000.0,4300000.0,,
28,badbunnypr,,42800000.0,United States,3600000.0,5600000.0,,
29,milliebobbybrown,Millie Bobby Brown,58400000.0,Brazil,3100000.0,4000000.0,Cinema & Actors/actresses,
30,jlo,Jennifer Lopez,220900000.0,United States,830400.0,1100000.0,Cinema & Actors/actresses,
31,zayn,Zayn Malik,47000000.0,India,3100000.0,4900000.0,,
32,rkive,RM,37800000.0,,5900000.0,5900000.0,Lifestyle,
33,instagram,Instagram,546600000.0,India,285400.0,356600.0,Photography,
34,bts.bighitofficial,BTS official,67500000.0,Indonesia,2500000.0,2700000.0,,
35,iamcardib,Cardi B,140400000.0,United States,893800.0,1300000.0,Fashion,
36,jungkook.97,전 정국 이올시다,45800000.0,,3800000.0,3800000.0,,
37,champagnepapi,champagnepapi,120200000.0,United States,877000.0,1400000.0,,
38,therock,Dwayne Johnson,335900000.0,India,375200.0,477500.0,Cinema & Actors/actresses,Fitness & Gym
39,nickiminaj,Barbie,201800000.0,United States,486100.0,765500.0,,
40,narendramodi,Narendra Modi,69300000.0,India,1800000.0,2000000.0,Finance & Economics,Business & Careers
41,kingjames,👑,131500000.0,United States,618300.0,1100000.0,Sports with a ball,
42,khloekardashian,Khloé Kardashian,268399999.99999997,United States,403100.0,499300.0,Clothing & Outfits,Lifestyle
43,dualipa,DUA LIPA,86300000.0,United States,1200000.0,1500000.0,,
44,willsmith,Will Smith,63700000.0,United States,1600000.0,1900000.0,Cinema & Actors/actresses,
45,shawnmendes,Shawn Mendes,70200000.0,Brazil,1200000.0,1700000.0,,
46,eunwo.o_c,차은우,30200000.0,Indonesia,3200000.0,3900000.0,Lifestyle,
47,harrystyles,,47300000.0,United States,1700000.0,2300000.0,Fashion,
48,dlwlrma,이지금 IU,27600000.0,South Korea,3200000.0,3800000.0,,
49,actorleeminho,이민호 leeminho,30700000.0,Indonesia,2600000.0,3400000.0,Cinema & Actors/actresses,
50,noahschnapp,Noah Schnapp,27500000.0,Brazil,2800000.0,3700000.0,Cinema & Actors/actresses,
51,adele,Adele,50800000.0,United States,1400000.0,1900000.0,,
52,shraddhakapoor,Shraddha ✶,74400000.0,India,1100000.0,1300000.0,Cinema & Actors/actresses,
53,gigihadid,Gigi Hadid,75400000.0,United States,795500.0,1200000.0,Modeling,Lifestyle
54,oliviarodrigo,Olivia Rodrigo,27800000.0,India,2500000.0,3100000.0,Cinema & Actors/actresses,
55,georginagio,Georgina Rodríguez,39100000.0,India,1500000.0,2100000.0,Lifestyle,Fashion
56,katrinakaif,Katrina Kaif,66599999.99999999,India,1100000.0,1200000.0,Beauty,
57,haileybieber,Hailey Rhode Baldwin Bieber,47600000.0,United States,1300000.0,1700000.0,Lifestyle,Modeling
58,k.mbappe,Kylian Mbappé,72600000.0,France,797200.0,1100000.0,Sports with a ball,
59,blakelively,Blake Lively,35000000.0,United States,1500000.0,2300000.0,Cinema & Actors/actresses,
60,anushkasharma,AnushkaSharma1588,59700000.0,India,1200000.0,1300000.0,Cinema & Actors/actresses,
61,nasa,NASA,82300000.0,India,800400.0,961700.0,Science,Photography
62,handemiyy,Hande Erçel,28900000.0,Turkey,2100000.0,2700000.0,Cinema & Actors/actresses,
63,sadiesink_,Sadie Sink,24600000.0,Brazil,2200000.0,3100000.0,Modeling,Lifestyle
64,ester_exposito,Ester 🌙,29200000.0,Mexico,1700000.0,2500000.0,Cinema & Actors/actresses,
65,johnnydepp,Johnny Depp,27600000.0,India,1900000.0,2500000.0,Cinema & Actors/actresses,
66,chrishemsworth,Chris Hemsworth,56000000.0,India,929300.0,1200000.0,Cinema & Actors/actresses,
67,robertdowneyjr,Robert Downey Jr. Official,53400000.0,India,987500.0,1200000.0,Cinema & Actors/actresses,
68,jongsuk0206,이종석,23500000.0,Indonesia,2100000.0,2800000.0,Cinema & Actors/actresses,
69,karimbenzema,Karim Benzema,57100000.0,France,798600.0,1100000.0,Sports with a ball,
70,fcbarcelona,FC Barcelona,111900000.0,Indonesia,383800.0,585400.0,Sports with a ball,
71,charlidamelio,charli,49100000.0,United States,1100000.0,1300000.0,Lifestyle,Shows
72,camila_cabello,camila,65099999.99999999,Brazil,704300.0,956700.0,,
73,bn_sj2013,박서준,22700000.0,Indonesia,2200000.0,2600000.0,Cinema & Actors/actresses,Modeling
74,lelepons,Lele Pons,49400000.0,Mexico,759900.0,1200000.0,,
75,realmadrid,Real Madrid C.F.,124600000.0,Spain,324400.0,450700.0,Sports with a ball,
76,blackpinkofficial,BLΛƆKPIИK,49000000.0,Indonesia,907000.0,1100000.0,,
77,ddlovato,Demi Lovato,139200000.0,United States,302700.0,392000.0,,
78,gal_gadot,Gal Gadot,86400000.0,United States,485500.0,627300.0,Cinema & Actors/actresses,
79,dishapatani,disha patani (paatni) 🦋,53600000.0,India,802500.0,988000.0,Cinema & Actors/actresses,Lifestyle
80,niallhoran,Niall Horan,30500000.0,United States,1200000.0,1700000.0,,
81,rashmika_mandanna,Rashmika Mandanna,33100000.0,India,1300000.0,1600000.0,Beauty,Cinema & Actors/actresses
82,dojacat,Doja Cat,24200000.0,United States,1500000.0,2000000.0,,
83,dovecameron,DOVE,48300000.0,United States,767900.0,1000000.0,Cinema & Actors/actresses,
84,realstraykids,Stray Kids,22700000.0,Indonesia,1700000.0,2100000.0,,
85,beingsalmankhan,Salman Khan,53900000.0,India,690300.0,883400.0,Cinema & Actors/actresses,
86,ursulolita,Úrsula Corberó ✨,23700000.0,Brazil,1400000.0,2000000.0,Cinema & Actors/actresses,Modeling
87,paulodybala,Paulo Dybala,48600000.0,Argentina,583500.0,934000.0,Sports with a ball,
88,songkang_b,송강,14700000.0,Mexico,2200000.0,3000000.0,,
89,virginia,Virginia Fonseca Costa,39200000.0,Brazil,708400.0,1100000.0,Shows,Lifestyle
90,hardikpandya93,Hardik Himanshu Pandya,23000000.0,India,1500000.0,1900000.0,Sports with a ball,
91,jacksonwang852g7,Jackson Wang,30000000.0,China,1200000.0,1400000.0,,
92,zacefron,Zac Efron,54800000.0,United States,534400.0,774700.0,Cinema & Actors/actresses,
93,jacquelinef143,Jacqueline Fernandez,63000000.0,India,551400.0,672100.0,Cinema & Actors/actresses,
94,yawnzzn,YEONJUN,10700000.0,India,3000000.0,3900000.0,,
95,oohsehun,SEHUN,23200000.0,Indonesia,1500000.0,1800000.0,,
96,bellahadid,Bella 🦋,54600000.0,United States,474500.0,758900.0,Modeling,
97,kimberly.loaiza,KIM LOAIZA 🖤,35800000.0,Mexico,959200.0,1200000.0,Clothing & Outfits,Lifestyle
98,iamzlatanibrahimovic,Zlatan Ibrahimović,55400000.0,Italy,481000.0,740700.0,Sports with a ball,
99,chrisevans,Chris Evans,17700000.0,United States,1900000.0,2300000.0,Cinema & Actors/actresses,
100,maluma,MALUMA,62900000.0,Italy,413300.0,636900.0,,
101,aliaabhatt,Alia Bhatt 🤍☀️,69700000.0,India,452500.0,560000.0,Cinema & Actors/actresses,
102,tchalamet,Timothée Chalamet,17800000.0,United States,1300000.0,2200000.0,Cinema & Actors/actresses,
103,championsleague,UEFA Champions League,97600000.0,Brazil,285700.0,389300.0,Sports with a ball,
104,vindiesel,Vin Diesel,82700000.0,Brazil,353200.0,457400.0,Cinema & Actors/actresses,
105,anitta,Anitta 🎤,63200000.0,Brazil,316200.0,590400.0,,
106,kiaraaliaadvani,KIARA,25000000.0,India,1200000.0,1400000.0,Cinema & Actors/actresses,
107,shahidkapoor,Shahid Kapoor,35700000.0,India,858000.0,971600.0,Cinema & Actors/actresses,
108,davidbeckham,David Beckham,75100000.0,India,360500.0,462300.0,Family,Sports with a ball
109,finnwolfhardofficial,Finn Wolfhard,26300000.0,Brazil,1000000.0,1300000.0,Cinema & Actors/actresses,
110,mosalah,Mohamed Salah,52700000.0,Egypt,458800.0,650000.0,Sports with a ball,
111,priyankachopra,Priyanka,81800000.0,India,343400.0,417300.0,Cinema & Actors/actresses,
112,antonelaroccuzzo,Antonela Roccuzzo,20200000.0,Argentina,1000000.0,1700000.0,Modeling,Family
113,tyga,T-Raww,36500000.0,United States,628400.0,939200.0,,
114,hoooooyeony,Hoyeon,22900000.0,South Korea,1100000.0,1500000.0,Lifestyle,
115,lucas_xx444,LUCAS,11500000.0,Indonesia,2400000.0,3000000.0,,
116,mrbeast,MrBeast,19900000.0,United States,1200000.0,1700000.0,Shows,Humor & Fun & Happiness
117,jenniferaniston,Jennifer Aniston,40700000.0,Brazil,554900.0,805300.0,Cinema & Actors/actresses,
118,iamsrk,Shah Rukh Khan,30400000.0,India,863300.0,1100000.0,Cinema & Actors/actresses,
119,kritisanon,Kriti,50600000.0,India,547600.0,638300.0,Modeling,
120,chrisbrownofficial,BREEZY,119100000.0,United States,172000.0,268200.0,,
121,_rl9,Robert Lewandowski,29400000.0,Poland,844400.0,1100000.0,Sports with a ball,
122,deepikapadukone,Deepika Padukone,68800000.0,India,342000.0,446200.0,Cinema & Actors/actresses,
123,pewdiepie,PewDiePie,21800000.0,United States,1200000.0,1400000.0,Computers & Gadgets,
124,madelame,Madelaine Petsch,25200000.0,Russia,861200.0,1200000.0,Cinema & Actors/actresses,
125,ronaldinho,Ronaldo de Assis Moreira,67800000.0,Brazil,256200.0,445600.0,Sports with a ball,
126,alluarjunonline,Allu Arjun,19100000.0,India,1300000.0,1600000.0,Cinema & Actors/actresses,
127,rosalia.vt,LA ROSALÍA,21900000.0,Spain,1000000.0,1400000.0,,
128,emrata,Emily Ratajkowski,29600000.0,United States,629900.0,1000000.0,Modeling,
129,addisonraee,Addison Rae,40000000.0,United States,481000.0,742200.0,Beauty,
130,433,433,51600000.0,Spain,339400.0,563900.0,Sports with a ball,
131,katyperry,KATY PERRY,171200000.0,Brazil,130500.0,168300.0,,
132,_jeongjaehyun,Jaehyun,12400000.0,Indonesia,1900000.0,2300000.0,,
133,madisonbeer,Madison Beer,32400000.0,United States,588900.0,879500.0,,
134,marcelotwelve,Marcelo Vieira,58500000.0,Spain,325700.0,484200.0,Sports with a ball,
135,phs1116,박형식 / PARKHYUNGSIK,10500000.0,Indonesia,2200000.0,2700000.0,Business & Careers,
136,sergioramos,Sergio Ramos,53100000.0,Spain,344100.0,527400.0,Sports with a ball,
137,casemiro,Casemiro,17400000.0,Brazil,1100000.0,1600000.0,Sports with a ball,
138,emmachamberlain,emma chamberlain,16100000.000000002,United States,1100000.0,1700000.0,Lifestyle,Shows
139,luvadepedreiro,Iran Ferreira,18400000.0,Brazil,894200.0,1500000.0,Family,Sports with a ball
140,rohittt_09_,𝐑𝐨𝐡𝐢𝐭 𝐙𝐢𝐧𝐣𝐮𝐫𝐤𝐞 ~ 𝐫𝐞𝐚𝐜𝐭𝐢𝐨𝐧𝐛𝐨𝐢 💫,24100000.0,India,807500.0,1100000.0,Shows,Lifestyle
141,nike,Nike,235700000.0,United States,89700.0,116200.0,Fitness & Gym,Shopping & Retail
142,luisitocomunica,Luisillo El Pillo,32400000.0,Mexico,627100.0,828500.0,Humor & Fun & Happiness,Clothing & Outfits
143,miakhalifa,Mia K.,27700000.0,India,605500.0,968500.0,Fitness & Gym,Lifestyle
144,theweeknd,The Weeknd,42900000.0,United States,456600.0,618700.0,,
145,ladygaga,Lady Gaga,53300000.0,United States,351000.0,492300.0,Cinema & Actors/actresses,
146,varundvn,VarunDhawan,44100000.0,India,484000.0,589800.0,Cinema & Actors/actresses,
147,zefelipecantor,Zé,25000000.0,Brazil,591400.0,1000000.0,,
148,manchesterunited,Manchester United,60200000.0,United Kingdom,265600.0,425000.0,Sports with a ball,
149,sidhu_moosewala,Sidhu Moosewala (ਮੂਸੇ ਆਲਾ),11200000.0,India,2000000.0,2400000.0,Lifestyle,
150,thedeverakonda,Vijay Deverakonda,17500000.0,India,1200000.0,1400000.0,Cinema & Actors/actresses,
151,emilia_clarke,,27000000.0,India,733500.0,922200.0,Cinema & Actors/actresses,
152,elrubiuswtf,el rubius WTF,17300000.0,Mexico,1300000.0,1400000.0,Computers & Gadgets,
153,hegdepooja,Pooja Hegde,21300000.0,India,995700.0,1100000.0,Cinema & Actors/actresses,
154,vinijr,Vinicius Jr. ⚡️🇧🇷,22300000.0,Brazil,610100.0,1100000.0,Sports with a ball,Lifestyle
155,feliciathegoat,"Tyler, The Creator",13200000.0,United States,1100000.0,1800000.0,,
156,lewishamilton,Lewis Hamilton,29800000.0,Brazil,564500.0,810500.0,Racing Sports,
157,zidane,zidane,33700000.0,Spain,524200.00000000006,714000.0,Sports with a ball,
158,natgeo,National Geographic,238300000.0,United States,78800.0,100300.0,Nature & landscapes,Science
159,madelyncline,Maddie,12600000.0,United States,1300000.0,1900000.0,Cinema & Actors/actresses,
160,henrycavill,Henry Cavill,21700000.0,Brazil,897000.0,1100000.0,Cinema & Actors/actresses,
161,theestallion,Megan Thee Stallion,29800000.0,United States,451400.0,788200.0,,
162,saraalikhan95,Sara Ali Khan,41200000.0,India,459900.0,561200.0,Cinema & Actors/actresses,
163,jacobelordi,Jacob Elordi,13200000.0,Brazil,1100000.0,1700000.0,Cinema & Actors/actresses,
164,bizarrap,BZRP,14900000.0,Argentina,1300000.0,1500000.0,,
165,leedongwook_official,이동욱 (Official_Instagram),14800000.0,Indonesia,1200000.0,1600000.0,Cinema & Actors/actresses,
166,thenameisyash,Yash,11200000.0,India,1700000.0,2000000.0,Cinema & Actors/actresses,
167,hrithikroshan,Hrithik Roshan,43900000.0,India,407500.0,515700.00000000006,Cinema & Actors/actresses,
168,kapilsharma,Kapil Sharma,42600000.0,India,463900.0,528600.0,Cinema & Actors/actresses,Shows
169,shakira,Shakira,76200000.0,India,216500.0,296200.0,,
170,jichangwook,지창욱,21400000.0,Indonesia,828300.0,1100000.0,Cinema & Actors/actresses,
171,imhyoseop,안효섭,8900000.0,Indonesia,2200000.0,2500000.0,Lifestyle,
172,norafatehi,Nora Fatehi,42100000.0,India,424400.0,522299.99999999994,Cinema & Actors/actresses,Shows
173,cznburak,Burak Özdemir,40400000.0,Turkey,398900.0,541900.0,Food & Cooking,
174,na.jaemin0813,JAEMIN,10000000.0,Indonesia,1800000.0,2200000.0,,
175,paulpogba,Paul Labile Pogba,55300000.0,Brazil,218300.0,388600.0,Sports with a ball,
176,zkdlin,KAI,14200000.0,Indonesia,1200000.0,1500000.0,,
177,sabrinacarpenter,Sabrina Carpenter,27700000.0,Brazil,631400.0,775400.0,,
178,nehakakkar,Neha Kakkar (Mrs. Singh),70800000.0,India,259100.00000000003,302500.0,,
179,lanarhoades,Lana Rhoades,16600000.000000002,United States,771400.0,1300000.0,Lifestyle,Modeling
180,jannatzubair29,Jannat Zubair Rahmani,44100000.0,India,386700.0,471200.0,Cinema & Actors/actresses,
181,emmawatson,Emma Watson,67500000.0,United States,224300.0,306200.0,Literature & Journalism,Cinema & Actors/actresses
182,domelipa,domelipa,19800000.0,Mexico,850500.0,1000000.0,Lifestyle,
183,bbrightvc,bright,16100000.000000002,Indonesia,1000000.0,1300000.0,Cinema & Actors/actresses,
184,erling.haaland,Erling Braut Haaland,18300000.0,Brazil,722600.0,1100000.0,Lifestyle,Sports with a ball
185,strangerthingstv,Stranger Things Netflix,22600000.0,Brazil,649800.0,869600.0,Cinema & Actors/actresses,Shows
186,bambam1a,BamBam,16700000.0,Brazil,917300.0,1200000.0,,
187,vancityreynolds,Ryan Reynolds,45100000.0,United States,323400.0,425500.0,Cinema & Actors/actresses,
188,nina,Nina Dobrev,25900000.0,Brazil,512900.0,735400.0,Cinema & Actors/actresses,
189,iambeckyg,Becky G,33500000.0,Mexico,470300.0,566800.0,,
190,onyourm__ark,Mark,9300000.0,Indonesia,1700000.0,2100000.0,Lifestyle,
191,daddyyankee,Daddy Yankee,46000000.0,Argentina,296900.0,414000.0,,
192,jamesrodriguez10,James Rodríguez,49900000.0,Colombia,250000.0,380500.0,Sports with a ball,
193,kartikaaryan,KARTIK AARYAN,26000000.0,India,580400.0,721800.0,Cinema & Actors/actresses,
194,do0_nct,Doyoung,10500000.0,Indonesia,1300000.0,1700000.0,Lifestyle,
195,twicetagram,TWICE,26600000.0,Indonesia,564000.0,684300.0,Modeling,
196,m10_official,Mesut Özil,24200000.0,Turkey,539000.0,758100.0,Sports with a ball,
197,aurelie.hermansyah,Aurelie Hermansyah Atta,27100000.0,Indonesia,528200.0,666200.0,Beauty,
198,enhypen,ENHYPEN,10900000.0,Indonesia,1200000.0,1600000.0,Lifestyle,
199,loganpaul,Logan Paul,23800000.0,United States,548200.0,731000.0,Fitness & Gym,
200,momo,모모 (MOMO),8000000.0,Turkey,1500000.0,2200000.0,Lifestyle,
201,zachking,Zach King,24500000.0,Indonesia,455500.0,701700.0,Shows,Humor & Fun & Happiness
202,akshaykumar,Akshay Kumar,63100000.0,India,229800.0,273000.0,Cinema & Actors/actresses,
203,iamhalsey,halsey,30500000.0,United States,422700.0,556300.0,,
204,serna_amini,Serna Amini,9600000.0,Iran,1400000.0,1800000.0,,
205,nct,NCT Official Instagram,14600000.0,Indonesia,918300.0,1100000.0,,
206,kajalaggarwalofficial,Kajal A Kitchlu,23500000.0,India,583000.0,704600.0,Cinema & Actors/actresses,
207,tatawerneck,Tata Werneck,54100000.0,Brazil,197100.0,306000.0,Cinema & Actors/actresses,Family
208,angelrai07,Angel Rai :),22500000.0,India,591400.0,712500.0,Cinema & Actors/actresses,
209,brentrivera,Brent Rivera,22300000.0,United States,556000.0,721700.0,Cinema & Actors/actresses,
210,taeyeon_ss,TaeYeon,18800000.0,South Korea,696600.0,847100.0,,
211,louist91,Louis Tomlinson,18500000.0,Brazil,636600.0,870900.0,,
212,itzy.all.in.us,ITZY,17900000.0,Indonesia,714500.0,873700.0,,
213,haileesteinfeld,hailee steinfeld,19600000.0,United States,626300.0,795200.0,Cinema & Actors/actresses,
214,iamferv,fer,10600000.0,Mexico,994000.0,1500000.0,Lifestyle,
215,brunomars,Bruno Mars,25900000.0,Brazil,397000.0,601300.0,,
216,carlinhosmaiaof,Carlinhos Maia🌻,26100000.0,Brazil,326500.0,595300.0,Lifestyle,
217,taeoxo_nct,TAEYONG,9600000.0,Indonesia,1200000.0,1600000.0,Lifestyle,
218,lilireinhart,Lili Reinhart,28700000.0,Brazil,359900.0,532300.0,Cinema & Actors/actresses,
219,colesprouse,Cole Sprouse,35900000.0,United States,324600.0,423800.0,Modeling,
220,jessicah_o,Jessi / 제시,12600000.0,United States,939700.0,1200000.0,,
221,riaricis1795,RICIS,31900000.0,Indonesia,386500.0,472900.0,Lifestyle,
222,carryminati,𝑨𝒋𝒆𝒚 𝑵𝒂𝒈𝒂𝒓,16100000.000000002,India,795300.0,935800.0,Computers & Gadgets,Machinery & Technologies
223,nayeonyny,나연 (NAYEON),8300000.000000001,Brazil,1600000.0,1800000.0,Lifestyle,
224,sydney_sweeney,Sydney Sweeney,14200000.0,United States,555400.0,1000000.0,Lifestyle,Cinema & Actors/actresses
225,thinkaboutzu,쯔위 (TZUYU),8000000.0,India,1600000.0,1900000.0,,
226,gatenm123,Gaten Matarazzo,18700000.0,Brazil,596800.0,788200.0,Cinema & Actors/actresses,Fashion
227,postmalone,,22800000.0,United States,423200.0,647100.0,,
228,awez_darbar,Awez Darbar,23100000.0,India,531200.0,636500.0,Shows,Cinema & Actors/actresses
229,m.by__sana,사나 (SANA),7500000.0,Yemen,1700000.0,2000000.0,Lifestyle,
230,skuukzky,숮이  💄💅👡👠🎀👙🌂👗🌂🎀💋💌,18000000.0,Indonesia,654800.0,807900.0,Clothing & Outfits,
231,lilbaby,,20400000.0,United States,385500.0,711900.0,,
232,somsomi0309,ENNIK 전소미,15600000.0,Indonesia,754700.0,912500.0,,
233,camimendes,camila mendes,26900000.0,Brazil,379600.0,526300.0,Cinema & Actors/actresses,
234,attahalilintar,Atta Halilintar - PAPATA,24000000.0,Indonesia,430600.0,588000.0,Shows,
235,sunnyleone,Sunny Leone,53500000.0,India,195500.0,264700.0,Beauty,Cinema & Actors/actresses
236,justintimberlake,Justin Timberlake,66099999.99999999,United States,157900.0,210900.0,Cinema & Actors/actresses,
237,riyaz.14,Riyaz Aly,27400000.0,India,395000.0,514000.0,Lifestyle,
238,juliette,Juliette,33400000.0,Brazil,260800.0,414500.0,Cinema & Actors/actresses,
239,xxxibgdrgn,권지용(權志龍),21300000.0,Indonesia,504800.0,640000.0,Photography,Fashion
240,hyunah_aa,Hyun Ah,18200000.0,South Korea,622100.0,737200.0,,
241,ranveersingh,Ranveer Singh,41100000.0,India,247400.0,322000.0,Cinema & Actors/actresses,Modeling
242,bretmanrock,Bretman (Da Baddest) Rock,18500000.0,United States,424600.0,714800.0,Beauty,
243,kevinhart4real,Kevin Hart,152500000.0,United States,68900.0,87300.0,Cinema & Actors/actresses,
244,evaluna,Evaluna Montaner de Echeverry,20700000.0,Argentina,457800.0,630700.0,Family,
245,prattprattpratt,Chris Pratt,38600000.0,United States,258399.99999999997,338100.0,Cinema & Actors/actresses,
246,jbalvin,J Balvin,52800000.0,Mexico,188500.0,247500.0,,
247,jairmessiasbolsonaro,Jair M. Bolsonaro,21300000.0,Brazil,452800.0,628900.0,Finance & Economics,Business & Careers
248,britneyspears,Britney Spears,42200000.0,United States,222700.0,309700.0,,
249,janhvikapoor,Janhvi Kapoor,18500000.0,India,581100.0,693300.0,Lifestyle,Cinema & Actors/actresses
250,tinistoessel,LaTripleT,18600000.0,Argentina,514799.99999999994,690500.0,,
251,lukamodric10,Luka Modric,24800000.0,Spain,349000.0,511300.0,Sports with a ball,
252,anushkasen0408,Anushka Sen,38600000.0,India,282700.0,330300.0,Cinema & Actors/actresses,
253,min9yu_k,김민규,7600000.0,Indonesia,1400000.0,1700000.0,,
254,keerthysureshofficial,Keerthy Suresh,13600000.0,India,805000.0,921100.0,Beauty,Cinema & Actors/actresses
255,samoylovaoxana,Samoylova Oxana,15300000.0,Russia,603400.0,818100.0,Family,Lifestyle
256,juandediospantoja,JD PANTOJA 🇲🇽,22600000.0,Mexico,479400.0,547600.0,Cinema & Actors/actresses,
257,sidmalhotra,Sidharth Malhotra,20600000.0,India,478200.0,595500.0,Cinema & Actors/actresses,Modeling
258,avneetkaur_13,Avneet Kaur Official,32500000.0,India,308500.0,375800.0,Cinema & Actors/actresses,
259,garethbale11,Gareth Bale,48100000.0,Spain,160600.0,251800.0,Sports with a ball,
260,yellow_3to3,REN JUN,6300000.0,Indonesia,1600000.0,2000000.0,Lifestyle,
261,lilyjcollins,Lily Collins,26900000.0,United States,300900.0,448000.0,Cinema & Actors/actresses,
262,luissuarez9,Luis Suárez,44300000.0,Brazil,179900.0,269700.0,Sports with a ball,
263,realbarbarapalvin,Barbara Palvin,18200000.0,Russia,483400.0,652300.0,Modeling,Fashion
264,johnnyjsuh,Johnny Suh,8800000.0,Indonesia,1000000.0,1400000.0,Lifestyle,
265,lizgillz,Elizabeth Gillies,14100000.0,Mexico,578900.0,838100.0,Cinema & Actors/actresses,
266,fedez,FEDEZ,14400000.0,Italy,593000.0,820400.0,,
267,keniaos,Kenia Os,13900000.0,Mexico,655100.0,851800.0,,
268,liluzivert,Lil Uzi Vert,16399999.999999998,United States,392800.0,722900.0,,
269,_zyozyo,JIHYO,6700000.0,Indonesia,1400000.0,1800000.0,Lifestyle,
270,heybiblee,이성경,14500000.0,Indonesia,598200.0,807600.0,Modeling,
271,thehughjackman,,30500000.0,United States,338100.0,384400.0,Cinema & Actors/actresses,
272,marvel,Marvel Entertainment,66400000.00000001,United States,148000.0,175500.0,Cinema & Actors/actresses,Shows
273,nicki.nicole,,12500000.0,Argentina,630000.0,931600.0,,
274,yoona__lim,,13900000.0,Indonesia,700100.0,837600.0,Cinema & Actors/actresses,
275,ananyapanday,Ananya 💛💫,23700000.0,India,419700.0,490200.0,Cinema & Actors/actresses,
276,pubity,Pubity,31800000.0,United States,249300.0,364500.0,Humor & Fun & Happiness,
277,mr_faisu_07,FAISAL SHAIKH,28300000.0,India,322900.0,411800.0,Modeling,Cinema & Actors/actresses
278,marshmello,marshmello,29500000.0,United States,267100.0,385900.0,,
279,tigerjackieshroff,Tiger Shroff,35600000.0,India,263700.0,321300.0,Cinema & Actors/actresses,
280,_imyour_joy,Joy,14200000.0,Indonesia,670100.0,801000.0,Lifestyle,
281,iansomerhalder,iansomerhalder,23400000.0,United States,326200.0,487600.0,Cinema & Actors/actresses,
282,trippieredd,555,13100000.0,United States,443100.0,868900.0,,
283,sachintendulkar,Sachin Tendulkar,35600000.0,India,264200.0,316700.0,Sports with a ball,Lifestyle
284,perrieedwards,Perrie Edwards 🖤,15900000.0,Brazil,456600.0,712500.0,Modeling,
285,ashishchanchlani,Ashish Chanchlani,14600000.0,India,621800.0,760300.0,Cinema & Actors/actresses,
286,iammichelemorroneofficial,Michele Morrone,15300000.0,Brazil,498400.0,714900.0,Lifestyle,Cinema & Actors/actresses
287,dannapaola,Danna Paola,34800000.0,Mexico,216100.0,313300.0,,
288,bhuvan.bam22,Bhuvan Bam,14800000.0,India,594900.0,736500.0,Cinema & Actors/actresses,
289,cbum,Chris Bumstead,10100000.0,United States,646300.0,1100000.0,Fitness & Gym,
290,psg,Paris Saint-Germain,62400000.0,Brazil,103200.0,172200.0,Sports with a ball,
291,mina_sr_my,미나 (MINA),6600000.0,Indonesia,1400000.0,1700000.0,,
292,marvelstudios,Marvel Studios,38300000.0,India,249500.0,279600.0,Cinema & Actors/actresses,
293,tenlee_1001,TEN_+•10,9900000.0,Indonesia,860900.0,1100000.0,,
294,mirella,BAD MI ⚡️ MIRELLA,27000000.0,Brazil,188100.0,396400.0,,
295,greeicy,Greeicy,21400000.0,Colombia,371700.0,498800.0,Shows,Cinema & Actors/actresses
296,winmetawin,Win Metawin O.,14100000.0,Philippines,673600.0,761700.0,Lifestyle,
297,anuel,“REAL HASTA LA MUERTE”,29400000.0,Spain,239800.0,366500.0,,
298,mont.pantoja,MONT,12400000.0,Mexico,717700.0,853800.0,,
299,alidaei,Ali Daei,9100000.0,Iran,722800.0,1200000.0,Sports with a ball,
300,jheneaiko,Jhené Aiko Efuru Chilombo 🔮,15000000.0,United States,399500.0,700700.0,,
301,urvashirautela,Urvashi Rautela,54200000.0,India,164400.0,194400.0,Cinema & Actors/actresses,
302,imsebastianstan,Sebastian Stan,9400000.0,United States,941300.0,1100000.0,Shows,Cinema & Actors/actresses
303,larasilva,Lara Silva ⚠️,17400000.0,Brazil,386600.0,596800.0,Shows,Adult content
304,brunamarquezine,Bruna Marquezine,43100000.0,Brazil,139500.0,242000.0,Cinema & Actors/actresses,
305,manurios,Manu Rios,11000000.0,Mexico,553300.0,933000.0,Shows,
306,nct127,NCT 127 Official Instagram,14300000.0,Indonesia,582800.0,720400.0,,
307,ross_lynch,Ross Shor Lynch,10900000.0,United States,468500.0,935600.0,Cinema & Actors/actresses,
308,asaprocky,GRIM,15000000.0,United States,405600.0,678200.0,,
309,maya_hawke,Maya Hawke,10100000.0,United States,723100.0,1000000.0,Cinema & Actors/actresses,
310,nusr_et,Nusr_et#Saltbae,47700000.0,Turkey,144600.0,212800.0,Food & Cooking,
311,neslihanatagul,Neslihan Atagül Doğulu,13500000.0,Turkey,608900.0,776600.0,Cinema & Actors/actresses,Modeling
312,arigameplays,ARIGAMEPLAYS,11500000.0,Mexico,727800.0,873800.0,Lifestyle,Cinema & Actors/actresses
313,hi_sseulgi,슬기 Seulgi,12600000.0,Indonesia,634200.0,794900.0,Modeling,
314,whinderssonnunes,Whindersson Nunes,58800000.0,Brazil,111200.0,171900.0,Humor & Fun & Happiness,
315,bellathorne,BELLA,25400000.0,United States,232300.0,389700.0,,
316,nct_dream,NCT DREAM OFFICIAL,10400000.0,Indonesia,845000.0,944000.0,Modeling,Fashion
317,burakozcivit,Burak Özçivit,22000000.0,Turkey,371500.0,451100.0,Cinema & Actors/actresses,
318,luisasonza,LUÍSA SONZA,30300000.0,Brazil,205600.0,325900.0,Lifestyle,
319,xeesoxee,한소희,9700000.0,Indonesia,784200.0,1000000.0,Lifestyle,
320,wwiinn_7,WINWIN,7400000.0,Indonesia,1100000.0,1300000.0,,
321,paulolondra,Paulo londra,13700000.0,Argentina,451000.0,704900.0,,
322,sofiacarson,Sofia Carson,20300000.0,Brazil,350600.0,475300.0,Cinema & Actors/actresses,
323,michaelbjordan,Michael B. Jordan,18700000.0,United States,310200.0,514500.0,Cinema & Actors/actresses,
324,hannahstocking,Hannah Stocking,22700000.0,United States,297500.0,422800.0,Modeling,
325,sza,SZA,12600000.0,United States,451500.0,763300.0,,
326,anguscloud,Angus Cloud,8000000.0,United States,720100.0,1200000.0,,
327,jy_piece,유정연,5500000.0,Brazil,1400000.0,1700000.0,,
328,nba,NBA,70600000.0,United States,81900.0,132600.0,Sports with a ball,
329,auba,Pierre-Emerick Aubameyang,13300000.0,United Kingdom,445000.0,708600.0,Sports with a ball,
330,kevindebruyne,Kevin De Bruyne,18900000.0,United Kingdom,320300.0,495700.0,Sports with a ball,
331,juanpazurita,Juanpa Zurita,30300000.0,Mexico,214900.0,306100.0,Cinema & Actors/actresses,
332,haechanahceah,HAECHAN,4600000.0,Indonesia,1800000.0,2000000.0,,
333,chaeyo.0,채영 (CHAEYOUNG),6900000.0,Philippines,1200000.0,1400000.0,Lifestyle,
334,aron.piper,ARON🌜🌞,13600000.0,Brazil,356400.0,671500.0,Lifestyle,
335,hassan_reyvandi,hasan reyvandi حسن ریوندی,19700000.0,Iran,337900.0,466900.0,Cinema & Actors/actresses,Humor & Fun & Happiness
336,aespa_official,aespa 에스파,9500000.0,Indonesia,674800.0,970400.0,,
337,rohitsharma45,Rohit Sharma,24900000.0,India,324400.0,366300.0,Sports with a ball,Lifestyle
338,belindapop,Beli,15600000.0,Mexico,405600.0,581100.0,,
339,dahhyunnee,다현 (DAHYUN),6300000.0,Brazil,1300000.0,1500000.0,,
340,shaq,DR. SHAQUILLE O'NEAL Ed.D.,26700000.0,United States,258100.00000000003,338500.0,Humor & Fun & Happiness,Sports with a ball
341,kimjuncotton,SUHO,10300000.0,Indonesia,732400.0,873700.0,Lifestyle,
342,thenotoriousmma,Conor McGregor Official,46100000.0,United States,134400.0,194900.0,Fitness & Gym,
343,bighit_ent,BigHit Music Updates,12900000.0,Indonesia,564000.0,694900.0,,
344,rauwalejandro,RAULEETO,15100000.0,Spain,411100.0,596200.0,,
345,klrahul,KL Rahul👑,13000000.0,India,538000.0,687100.0,Sports with a ball,
346,duki,Ya Supiste,10600000.0,Argentina,541700.0,833900.0,,
347,sophiet,S O P H I E T U R N E R,14700000.0,United States,445600.0,599100.0,Cinema & Actors/actresses,
348,chiaraferragni,Chiara Ferragni ✨,27800000.0,Italy,189800.0,315200.0,Beauty,
349,toni.kr8s,Toni Kroos,35100000.0,Germany,184000.0,249900.0,Sports with a ball,
350,sureshraina3,Suresh Raina,21000000.0,India,369300.0,416600.0,Modeling,
351,duki,Ya Supiste,10600000.0,Argentina,541700.0,833900.0,,
352,sophiet,S O P H I E T U R N E R,14700000.0,United States,445600.0,599100.0,Cinema & Actors/actresses,
353,michelleobama,Michelle Obama,50800000.0,United States,156100.0,174600.0,Finance & Economics,Business & Careers
354,chiaraferragni,Chiara Ferragni ✨,27800000.0,Italy,189800.0,315200.0,Beauty,
355,toni.kr8s,Toni Kroos,35100000.0,Germany,184000.0,249900.0,Sports with a ball,
356,sureshraina3,Suresh Raina,21000000.0,India,369300.0,416600.0,Modeling,
357,ratantata,Ratan Tata,6800000.0,India,1100000.0,1300000.0,Business & Careers,
358,charles_leclerc,Charles Leclerc,8700000.0,Italy,763700.0,1000000.0,Racing Sports,
359,alexandradaddario,alexandra daddario,22500000.0,India,313100.0,382600.0,Cinema & Actors/actresses,
360,m_kayoung,MUN KA YOUNG,8600000.0,Indonesia,765100.0,1000000.0,Cinema & Actors/actresses,
361,joeyking,Joey King,19100000.0,Brazil,313900.0,449300.0,Cinema & Actors/actresses,Modeling
362,stephencurry30,Wardell Curry,45900000.0,United States,140000.0,187300.0,Sports with a ball,Family
363,houseofhighlights,House of Highlights,36100000.0,United States,130000.0,238100.0,Sports with a ball,
364,lizasoberano,Liza Soberano,17500000.0,Philippines,410300.0,489400.0,Beauty,Cinema & Actors/actresses
365,jadepicon,JADE 🌪,20900000.0,Brazil,187700.0,412900.0,Modeling,Fashion
366,wow_kimsohyun,김소현,12400000.0,Indonesia,592100.0,681200.0,Cinema & Actors/actresses,Modeling
367,todayis_wendy,Wendy,7100000.0,Indonesia,992000.0,1200000.0,Lifestyle,
368,caradelevingne,Cara Delevingne,42800000.0,United States,137400.0,192700.0,Modeling,Cinema & Actors/actresses
369,c.syresmith,Jaden Smith,19200000.0,United States,275400.0,426200.0,Cinema & Actors/actresses,Lifestyle
370,darshanravaldz,Darshan Raval #BaarishonMein,15300000.0,India,438600.0,529900.0,,
371,eminem,Marshall Mathers,36500000.0,Iran,171400.0,221200.0,Cinema & Actors/actresses,
372,lildurk,DURKIOOO,14200000.0,United States,203200.0,573000.0,,
373,khabib_nurmagomedov,Хабиб Нурмагомедов,33600000.0,Russia,168000.0,235800.0,Fitness & Gym,
374,barackobama,Barack Obama,35400000.0,United States,191200.0,225100.0,Finance & Economics,Business & Careers
375,liltjay,TJAYYYY 🖤,7600000.0,United States,575800.0,1100000.0,Lifestyle,
376,9gag,9GAG: Go Fun The World,58100000.0,Indonesia,105200.0,134600.0,Humor & Fun & Happiness,
377,fabriziorom,Fabrizio Romano,10700000.0,Italy,418500.0,724500.0,Literature & Journalism,Shows
378,ksi,KSI,12100000.0,United Kingdom,459500.0,645300.0,,
379,nattinatasha,NATTI NATASHA,35900000.0,Mexico,179200.0,215000.0,Cinema & Actors/actresses,
380,andressasuita,Andressa Suita,15800000.0,Brazil,296200.0,491300.0,Modeling,
381,_mariahwasa,HWASA,8300000.000000001,Brazil,725700.0,936400.0,,
382,lestykejora,Lestikejora,25900000.0,Indonesia,230300.0,298500.0,,
383,lilyachty,C.V T,10400000.0,United States,363100.0,740100.0,Humor & Fun & Happiness,Lifestyle
384,nba_youngboy,PAIN REAL.🩸,10600000.0,United States,387500.0,749800.0,,
385,ssinz7,박신혜/Shin Hye Park,13800000.0,Indonesia,449900.0,552800.0,Cinema & Actors/actresses,
386,dntlrdl,CHOIWOOSHIK,6900000.0,Indonesia,850600.0,1100000.0,Lifestyle,
387,wizkidayo,BIG WIZ🦅,15200000.0,Nigeria,264700.0,513900.0,,
388,alfinetei,Alfinetadas Dos Famosos 📌,21800000.0,Brazil,155200.0,348800.0,Humor & Fun & Happiness,
389,gianlucavacchi,Gianluca Vacchi,22500000.0,Brazil,216300.0,332700.0,Lifestyle,
390,yuu_taa_1026,YUTA 悠太,8500000.0,Indonesia,684000.0,895700.0,,
391,kunaguero,Sergio Leonel Agüero,23800000.0,Argentina,181600.0,314100.0,Sports with a ball,
392,prillylatuconsina96,Prilly Latuconsina,49200000.0,Indonesia,107800.0,151700.0,Cinema & Actors/actresses,
393,kjapa,KJ Apa,18500000.0,United States,279800.0,399800.0,Cinema & Actors/actresses,
394,weareone.exo,EXO Official,10000000.0,Indonesia,602400.0,756400.0,,
395,alissaviolet,Alissa Violet,11700000.0,United States,387100.0,622800.0,Modeling,
396,shehnaazgill,Shehnaaz Gill,11800000.0,India,527600.0,657800.0,Cinema & Actors/actresses,
397,clean_0828,김세정,8300000.000000001,Indonesia,712400.0,888300.0,Lifestyle,
398,hshq,Harry Styles HQ,6600000.0,United States,638500.0,1100000.0,Cinema & Actors/actresses,Fashion
399,deiveleonardo,Deive Leonardo,12100000.0,Brazil,330300.0,608100.0,Literature & Journalism,Trainers & Coaches
400,markruffalo,Mark Ruffalo,20900000.0,Brazil,276400.0,348100.0,Cinema & Actors/actresses,
401,premierleague,Premier League,59200000.0,United Kingdom,83700.0,121900.0,Sports with a ball,
402,txt_bighit,TOMORROW X TOGETHER OFFICIAL,12800000.0,Indonesia,443900.0,560300.0,,
403,nickyjam,NICKY JAM,43400000.0,Spain,120300.0,166400.0,,
404,lilnasx,MONTERO,12400000.0,United States,344600.0,576500.0,,
405,yasmine_sabri,Yasmine Sabri,19600000.0,Egypt,262900.0,368800.0,Cinema & Actors/actresses,Lifestyle
406,taina,Tainá Costa,16100000.000000002,Brazil,212900.0,444800.0,,
407,anyataylorjoy,Anya Taylor-Joy,9100000.0,United States,554700.0,799500.0,Modeling,Cinema & Actors/actresses
408,bellapoarch,Bella Poarch,14000000.0,United States,379300.0,512799.99999999994,Lifestyle,
409,frenkiedejong,Frenkie de Jong,10800000.0,Spain,443800.0,667000.0,Sports with a ball,
410,abdevilliers17,AB de Villiers,18800000.0,India,328300.0,378800.0,Sports with a ball,Lifestyle
411,conangray,Conan Gray,6800000.0,Brazil,713000.0,1100000.0,,
412,mariabecerra,Maria Becerra,10400000.0,Argentina,289200.0,683000.0,,
413,annakendrick47,Anna Kendrick,22200000.0,United States,244300.0,319300.0,Cinema & Actors/actresses,
414,jinyoung_0922jy,박진영,9900000.0,Indonesia,544800.0,720500.0,,
415,o.dembele7,Ousmane Dembélé,11500000.0,Spain,358500.0,613200.0,Sports with a ball,
416,alwaysramcharan,Ram Charan,8300000.000000001,India,766500.0,858300.0,Cinema & Actors/actresses,
417,krisjenner,Kris Jenner,49900000.0,United States,92100.0,140000.0,Shows,Beauty
418,larissamanoela,Larissa Manoela,46800000.0,Brazil,90100.0,149600.0,Cinema & Actors/actresses,
419,demetozdemir,Demet Özdemir,15400000.0,India,357800.0,456600.0,Cinema & Actors/actresses,
420,melo,LaMelo Ball,9200000.0,United States,377500.0,767400.0,Lifestyle,Sports with a ball
421,dqsalmaan,Dulquer Salmaan,11100000.0,India,462400.0,625800.0,Cinema & Actors/actresses,
422,kehlani,Kehlani,14200000.0,United States,314800.0,490500.0,Family,
423,_seorina,설인아 sᴇᴏʀɪɴᴀ,6600000.0,South Korea,858300.0,1100000.0,Lifestyle,Cinema & Actors/actresses
424,anupamaparameswaran96,Anupama Parameswaran,12500000.0,India,485000.0,554800.0,Cinema & Actors/actresses,
425,marktuan,Mark Tuan,12900000.0,Indonesia,423500.0,534400.0,Cinema & Actors/actresses,Modeling
426,evcenf,Fahriye Evcen Özçivit,13100000.0,Turkey,418900.0,528800.0,Lifestyle,Beauty
427,yejinhand,손예진,7100000.0,Indonesia,757900.0,986800.0,Cinema & Actors/actresses,
428,barbieferreira,barbie ferreira,6300000.0,United States,609400.0,1100000.0,Cinema & Actors/actresses,
429,mingue.k,김민규,6100000.0,Indonesia,926100.0,1100000.0,Lifestyle,
430,frenchmontana,French Montana,31000000.0,United States,134300.0,221200.0,,
431,sadiomaneofficiel,Sadio Mane,12100000.0,United Kingdom,390400.0,556400.0,Sports with a ball,
432,shaymitchell,Shay Mitchell,34300000.0,United States,140100.0,196400.0,Beauty,Family
433,peytonlist,Peyton List,20200000.0,United States,221200.0,332500.0,Cinema & Actors/actresses,
434,dixiedamelio,dixie,24800000.0,United States,184700.0,270700.0,Clothing & Outfits,
435,alok,Alok,27800000.0,Brazil,188800.0,241500.0,,
436,yaocabrera,Yao Cabrera,16500000.0,Argentina,187400.0,406800.0,,
437,amandacerny,Amanda 𝕮𝖊𝖗𝖓𝖞,23700000.0,India,175500.0,281400.0,Humor & Fun & Happiness,
438,parineetichopra,𝙿𝚊𝚛𝚒𝚗𝚎𝚎𝚝𝚒 𝙲𝚑𝚘𝚙𝚛𝚊 🫧,37700000.0,India,153500.0,177300.0,Cinema & Actors/actresses,
439,gururandhawa,Guru Randhawa,32900000.0,India,166400.0,204500.0,,
440,chelseafc,Chelsea FC,35600000.0,Indonesia,125000.0,186900.0,Sports with a ball,
441,layzhang,Lay Zhang,14200000.0,Indonesia,446100.0,472500.0,,
442,maisa,#NAME?,44800000.0,Brazil,108900.0,148400.0,,
443,wi__wi__wi,위하준 Wi Ha Jun,10000000.0,South Korea,556900.0,670000.0,Lifestyle,
444,madhuridixitnene,Madhuri Dixit,32700000.000000004,India,173000.0,200400.0,Cinema & Actors/actresses,
445,jakepaul,Jake Paul,20600000.0,United States,190400.0,320400.0,Cinema & Actors/actresses,
446,mathildtantot,Mathilde,10100000.0,United States,424600.0,642600.0,Lifestyle,Modeling
447,for_everyoung10,장원영 WONYOUNG,5800000.0,Indonesia,902900.0,1100000.0,Lifestyle,
448,leaelui,Lea Elui G,11400000.0,India,337500.0,567200.0,Modeling,Lifestyle
449,miguel.g.herran,Miguel Herrán,13800000.0,Brazil,309500.0,465700.0,Cinema & Actors/actresses,
450,iscoalarcon,Isco Alarcon Suarez,25400000.0,Spain,175300.0,253700.0,Sports with a ball,
451,jakepaul,Jake Paul,20600000.0,United States,190400.0,320400.0,Cinema & Actors/actresses,
452,mathildtantot,Mathilde,10100000.0,United States,424600.0,642600.0,Lifestyle,Modeling
453,leaelui,Lea Elui G,11400000.0,India,337500.0,567200.0,Modeling,Lifestyle
454,miguel.g.herran,Miguel Herrán,13800000.0,Brazil,309500.0,465700.0,Cinema & Actors/actresses,
455,iscoalarcon,Isco Alarcon Suarez,25400000.0,Spain,175300.0,253700.0,Sports with a ball,
456,camilo,C A M I L O,27500000.0,Argentina,146100.0,231800.0,,
457,leonardodicaprio,Leonardo DiCaprio,54700000.0,United States,94100.0,117500.0,Cinema & Actors/actresses,
458,jennaortega,Jenna Ortega,8600000.0,United States,523200.00000000006,745300.0,Cinema & Actors/actresses,Lifestyle
459,susana.dxoxo,Susane Damouni,13500000.0,India,299200.0,482400.0,,
460,teddysphotos,Ed Sheeran,40300000.0,United States,114200.0,155400.0,,
461,channingtatum,Channing Tatum,17000000.0,United States,254700.0,367100.0,Cinema & Actors/actresses,
462,vanessahudgens,🔮Vanessa Hudgens🔮,47100000.0,United States,80400.0,132000.0,Cinema & Actors/actresses,
463,antogriezmann,Antoine Griezmann,36600000.0,Spain,105100.0,169400.0,Sports with a ball,
464,florencepugh,Florence Pugh,7900000.0,United States,523200.00000000006,800000.0,Humor & Fun & Happiness,Cinema & Actors/actresses
465,jessnolimit,Jess No Limit,7300000.0,Indonesia,716300.0,858200.0,Shows,
466,vinniehacker,†,5900000.0,United States,506600.0,1100000.0,Lifestyle,
467,saweetie,,13100000.0,United States,201800.0,469200.0,Cinema & Actors/actresses,
468,adidasfootball,adidas Football,31700000.0,Brazil,141600.0,193100.0,Sports with a ball,
469,i_m_hendery,Hi👉🏻im Hendery👈🏻,6400000.0,United States,755200.0,978800.0,,
470,loud_victor,Victor Augusto,10700000.0,Brazil,449100.0,573900.0,Lifestyle,Sports with a ball
471,xuminghao_o,The8 디에잇,5400000.0,Indonesia,908900.0,1100000.0,,
472,polo.capalot,Polo.G🐐,10500000.0,United States,349300.0,574800.0,,
473,adamweitsman,Adam Weitsman,18300000.0,Russia,242400.0,330800.0,Business & Careers,
474,corinnakopf,corinna kopf,6800000.0,United States,586700.0,898100.0,Beauty,
475,romeosantos,Romeo Santos,19300000.0,United States,255500.0,316400.0,,
476,nianaguerrero,Niana,14200000.0,Indonesia,335300.0,420700.0,Kids & Toys,
477,lilpeep,lil peep,7600000.0,United States,475600.0,799900.0,,
478,juventus,Juventus,54800000.0,India,75500.0,110500.0,Sports with a ball,
479,vegetta777,♈️ Samuel De Luque ♈️,6200000.0,Mexico,715600.0,976100.0,,
480,davikah,davikah,17100000.0,Thailand,269200.0,348700.0,Modeling,
481,vickykaushal09,Vicky Kaushal,14200000.0,India,357800.0,419900.0,Lifestyle,Cinema & Actors/actresses
482,aliiiiiiiikarimi8,Ali Karimi,9800000.0,Iran,415500.0,630700.0,Sports with a ball,
483,goar_avetisyan,Goar Avetisyan,11700000.0,Russia,370000.0,512500.0,Beauty,
484,navidmohammadzadeh,navid mohammadzadeh,8600000.0,Iran,495900.0,700100.0,Cinema & Actors/actresses,
485,jokowi,Joko Widodo,48100000.0,Indonesia,98800.0,124700.0,Finance & Economics,
486,pablogavi,GAVI,5900000.0,Spain,685100.0,1000000.0,Sports with a ball,
487,djxiao_888,XIAOJUN,7000000.0,Indonesia,685000.0,856800.0,,
488,fuji_an,Fujianti Utami Putri,11800000.0,Indonesia,208500.0,495900.0,Lifestyle,
489,easportsfifa,EA SPORTS FIFA,27200000.0,Spain,127900.0,214500.0,Sports with a ball,
490,coldplay,Coldplay,17600000.0,Brazil,237800.0,331200.0,,
491,cazzu,♡ 𝖓𝖊𝖓𝖆 ᴛʀᴀᴍᴘᴀ,10500000.0,Argentina,430800.0,552100.0,,
492,joshu_acoustic,Joshua Hong,5000000.0,India,997200.0,1200000.0,,
493,kyo1122,Song hyekyo,13400000.0,Indonesia,336700.0,428700.0,Cinema & Actors/actresses,
494,tiffanyyoungofficial,tiffany young,12800000.0,Indonesia,359600.0,449900.0,Modeling,Fashion
495,dababy,BILLION DOLLAR BABY 👶🏾,21300000.0,United States,166700.0,271100.0,,
496,yangyang_x2,YangYang 양양,6400000.0,Indonesia,714500.0,907200.0,,
497,jailyneojeda,Jailyne Ojeda Ochoa,14100000.0,United States,293300.0,405700.0,Modeling,Lifestyle
498,obj,Odell Beckham Jr,16399999.999999998,United States,182600.0,347600.0,Sports with a ball,
499,bernardokath,Kathryn Bernardo 🐘,17400000.0,Philippines,270700.0,326200.0,Beauty,Cinema & Actors/actresses
500,simonemendes,Simone Mendes,35500000.0,Brazil,128000.0,161500.0,,
501,gisele,Gisele Bündchen,19700000.0,Brazil,194800.0,289500.0,Modeling,Fashion
502,ana_d_armas,A N A   D E   A R M A S,7900000.0,United States,533300.0,721400.0,Cinema & Actors/actresses,
503,nazriyafahadh,Nazriya Nazim Fahadh,6400000.0,India,666100.0,892300.0,Lifestyle,Cinema & Actors/actresses
504,rachel_mypark,박민영 Minyoung Park,10300000.0,Indonesia,433500.0,540000.0,Cinema & Actors/actresses,
505,phil.coutinho,Philippe Coutinho,24900000.0,Brazil,136700.0,222100.0,Sports with a ball,
506,nicholasgalitzine,Nicholas Galitzine,4099999.9999999995,Brazil,817700.0,1400000.0,Cinema & Actors/actresses,
507,sound_of_coups,COUPS,4500000.0,Indonesia,986300.0,1300000.0,,
508,cocielo,Júlio Cocielo Estaniecki,19200000.0,Brazil,182400.0,285600.0,Cinema & Actors/actresses,
509,julesleblanc,julianna,9800000.0,United States,392300.0,567700.0,Shows,
510,anjimaxuofficially,Anjali Arora,11900000.0,India,363200.0,464800.0,Lifestyle,Cinema & Actors/actresses
511,kit.connor,Kit Connor,4500000.0,United States,734800.0,1200000.0,Cinema & Actors/actresses,Humor & Fun & Happiness
512,jackharlow,,6900000.0,United States,425900.0,795100.0,Lifestyle,Humor & Fun & Happiness
513,euphoria,euphoria,7800000.0,United States,434300.0,700800.0,Photography,Cinema & Actors/actresses
514,lucasranngel,LUCAS RANGEL,20100000.0,Brazil,121400.0,268800.0,Lifestyle,
515,briandadeyanara,BRIANDA 💖,13500000.0,Mexico,337500.0,396300.0,Lifestyle,
516,daquan,Daquan,16700000.0,United States,207300.0,319700.0,Humor & Fun & Happiness,
517,sommerray,Sommer Ray,26300000.0,United States,129500.0,203200.0,Modeling,
518,theshilpashetty,Shilpa Shetty Kundra,26500000.0,India,173500.0,201600.0,Cinema & Actors/actresses,
519,charlieputh,Charlie Puth,16700000.0,United States,222800.0,316700.0,,
520,golfarahani,Golshifteh Farahani,13700000.0,Iran,301700.0,388900.0,Cinema & Actors/actresses,
521,choquei,CHOQUEI,17500000.0,Brazil,97100.0,301600.0,Literature & Journalism,
522,kingbach,King Bach,23100000.0,United States,113300.0,227200.0,Cinema & Actors/actresses,Modeling
523,dra.deolanebezerra,Deolane Bezerra ⚖️,15000000.0,Brazil,163600.0,351300.0,Beauty,Lifestyle
524,lexibrookerivera,Lexi Rivera,8500000.0,United States,512000.0,640500.0,Shows,Humor & Fun & Happiness
525,yooncy1,윤찬영 Yoon chanyoung,4900000.0,South Korea,904700.0,1100000.0,Lifestyle,
526,k.kbeom,김범 kimbum,5400000.0,Indonesia,798400.0,977100.0,,
527,angelinajolie,Angelina Jolie,13600000.0,Brazil,232400.0,384900.0,,
528,liamhemsworth,Liam Hemsworth,13000000.0,United States,280900.0,398900.0,Cinema & Actors/actresses,
529,klaythompson,Klay Thompson,13400000.0,United States,267500.0,388800.0,Sports with a ball,Lifestyle
530,caviarmagnat,Anton Tregubov,15100000.0,Russia,239300.0,345900.0,Lifestyle,
531,melissamelmaia,MEL MAIA 🍯,13500000.0,Brazil,211400.0,383000.0,,
532,soohyun_k216,김수현 Kim Soo Hyun 金秀賢,13900000.0,Indonesia,304800.0,371000.0,,
533,yerimiese,Yeri,10700000.0,Indonesia,386700.0,478900.0,Lifestyle,
534,superstar_dewasi99,SUPERSTARDEWASI 99,13500000.0,India,241700.0,381800.0,Cinema & Actors/actresses,
535,d_degeaofficial,David De Gea,13800000.0,United Kingdom,264200.0,373900.0,Sports with a ball,
536,urstrulymahesh,Mahesh Babu,8800000.0,India,534100.0,588000.0,Cinema & Actors/actresses,
537,angeldimariajm,Ángel Di María,18500000.0,Argentina,186700.0,275200.0,Sports with a ball,
538,fuckjerry,FUCKJERRY,16800000.0,United States,236600.0,306000.0,Humor & Fun & Happiness,
539,__youngbae__,TAEYANG,13600000.0,Indonesia,331000.0,373900.0,,
540,d_a___m_i,KIM DA MI,4600000.0,Indonesia,900000.0,1100000.0,,
541,salmahayek,Salma Hayek Pinault,21600000.0,United States,189100.0,233800.0,Cinema & Actors/actresses,
542,lakers,Los Angeles Lakers,20200000.0,United States,161700.0,247900.0,Sports with a ball,
543,actorsuriya,Suriya Sivakumar,5400000.0,India,733800.0,952300.0,Cinema & Actors/actresses,
544,yugyeom,KYUM,11500000.0,Brazil,364600.0,437400.0,Cinema & Actors/actresses,
545,dindahw,Dinda Hauw,14600000.0,Indonesia,228700.0,342400.0,Cinema & Actors/actresses,
546,dylansprouse,Dylan Sprouse,9100000.0,United States,352500.0,553400.0,Cinema & Actors/actresses,
547,sav.labrant,Savannah Rose LaBrant,7100000.0,United States,518799.99999999994,693900.0,Family,Lifestyle
548,riteishd,Riteish Deshmukh,15300000.0,India,272700.0,318600.0,Cinema & Actors/actresses,
549,ozuna,@ozutochi 🔜,22500000.0,Spain,160700.0,215600.0,,
550,xsqueezie,,7900000.0,France,526400.0,615600.0,Lifestyle,
551,emiliamernes,Emilia Mernes,6200000.0,Argentina,415000.0,781000.0,,
552,nehasharmaofficial,Neha Sharma 💫,14800000.0,India,280700.0,322500.0,Cinema & Actors/actresses,
553,sommerray,Sommer Ray,26300000.0,United States,115200.0,180900.0,Modeling,
554,srinidhi_shetty,Srinidhi Shetty 🌸,4400000.0,India,818600.0,1100000.0,Beauty,Cinema & Actors/actresses
555,shreyaghoshal,shreyaghoshal,24800000.0,India,171200.0,191200.0,,
556,memezar,MEMEZAR • Comedy and Culture,23000000.0,United States,137200.0,204500.0,Cinema & Actors/actresses,
557,chloegmoretz,Chloë Grace Moretz,21500000.0,United States,163200.0,218300.0,Cinema & Actors/actresses,
558,warriors,Golden State Warriors,25500000.0,United States,132000.0,183000.0,Lifestyle,Sports with a ball
559,gusttavolima,🏛 Gusttavo Lima 🏛,44000000.0,Brazil,64700.0,107200.0,,
560,kun11xd,KUN,6900000.0,Indonesia,552500.0,689600.0,Lifestyle,
561,lukehemmings,Luke Hemmings,7900000.0,United States,351700.0,599700.0,,
562,juansguarnizo,Juan Sebastián Guarnizo,6300000.0,Mexico,683700.0,748700.0,Lifestyle,
563,amauryguichon,Amaury Guichon,9500000.0,United States,404000.0,492300.0,Food & Cooking,
564,phoebejtonkin,Phoebe Tonkin,8400000.0,United States,388300.0,554100.0,Beauty,Cinema & Actors/actresses
565,nita_shilimkar,Nita Shilimkar,11500000.0,India,301800.0,398600.0,Lifestyle,Fashion
566,gessicakayane,GKAY,20000000.0,Brazil,111700.0,231200.0,Shows,Humor & Fun & Happiness
567,nessabarrett,ness,7300000.0,United States,470700.0,637900.0,Lifestyle,
568,liverpoolfc,Liverpool Football Club,40300000.0,United Kingdom,81000.0,113100.0,Sports with a ball,
569,dew_jsu,2000,6300000.0,Indonesia,544500.0,732300.0,Beauty,Lifestyle
570,itsmarziapie,Marzia Kjellberg,8300000.000000001,United States,450100.0,549900.0,Beauty,Lifestyle
571,lizakoshy,Liza Koshy,20200000.0,United States,167000.0,222400.0,Cinema & Actors/actresses,
572,hztttao,Z.TAO🔴黄子韬,11300000.0,Indonesia,357900.0,398300.0,,
573,pozevidalouca,Poze Do Rodo 🤑,8199999.999999999,Brazil,223100.0,560800.0,Lifestyle,
574,icc,ICC,24100000.0,India,153900.0,184600.0,Sports with a ball,
575,sushitrash,JOJI,6500000.0,United States,570600.0,698100.0,,
576,hugogloss,Hugo Gloss,20300000.0,Brazil,110900.0,218700.0,Literature & Journalism,Humor & Fun & Happiness
577,donya,Donya,15300000.0,Iran,194200.0,308600.0,Lifestyle,
578,lilyrose_depp,Lily-Rose Depp,6700000.0,United States,421700.0,662800.0,Modeling,
579,sportscenter,SportsCenter,31800000.0,United States,76600.0,137300.0,Sports with a ball,Shows
580,leejen_o_423,LEE JENO,2200000.0,,0.0,2300000.0,,
581,asabopp,Asa Butterfield,5700000.0,Brazil,521700.00000000006,762700.0,Cinema & Actors/actresses,
582,naileadevora,nai,5300000.0,United States,560600.0,828500.0,Lifestyle,
583,actorprabhas,Prabhas,8800000.0,India,443300.0,496300.0,Shows,Cinema & Actors/actresses
584,amitabhbachchan,Amitabh Bachchan,31100000.0,India,119600.0,138300.0,Cinema & Actors/actresses,
585,missasinfonia,MissaSinfonia,5800000.0,Mexico,667400.0,747700.0,Cinema & Actors/actresses,
586,sandrinna_11,Drinna 🖤,10700000.0,Indonesia,311100.0,396800.0,Lifestyle,
587,theellenshow,Ellen DeGeneres,125100000.0,United States,28400.0,34200.0,Shows,Cinema & Actors/actresses
588,jeonghaniyoo_n,윤정한,3600000.0,Iran,935400.0,1200000.0,Lifestyle,
589,memphisdepay,Memphis Depay,15400000.0,France,155700.0,277200.0,Sports with a ball,
590,aishwaryaraibachchan_arb,AishwaryaRaiBachchan,10400000.0,India,318200.0,406600.0,Cinema & Actors/actresses,
591,otabek_muhammadalievich,Otabek Umarov,20000000.0,Russia,157400.0,211900.0,,
592,pedri,Pedri González,7100000.0,Spain,0.0,598500.0,Sports with a ball,
593,reesewitherspoon,Reese Witherspoon,28300000.0,United States,124400.0,149200.0,Cinema & Actors/actresses,
594,marcusrashford,Marcus Rashford MBE,12800000.0,United Kingdom,206600.0,326900.0,Sports with a ball,
595,matue,,8100000.0,Brazil,288800.0,530600.0,Lifestyle,Sports with a ball
596,alexadellanos,Alexa Dellanos,9800000.0,United States,276500.0,432600.0,Lifestyle,
597,faz3,Fazza,14700000.0,United Arab Emirates,221100.0,289900.0,Lifestyle,
598,ronaldo,Ronaldo,23500000.0,Brazil,103400.0,178300.0,Sports with a ball,
599,araikgalstyanmoscowschool,ＡＲＡＩＫ  ＧＡＬＳＴＹＡＮ®️,16300000.0,Turkey,197600.0,255700.0,Beauty,
600,l7nnon,L7,8800000.0,Brazil,200900.0,477200.0,Lifestyle,
601,l7nnon,L7,8800000.0,Brazil,200900.0,477200.0,Lifestyle,
602,avrillavigne,Avril Lavigne,11700000.0,Brazil,284500.0,354200.0,Cinema & Actors/actresses,Fashion
603,karelyruiz,Karely Ruiz,7000000.0,Mexico,472400.0,593000.0,Lifestyle,
604,rizkybillar,Muhammad Rizky Billar,12900000.0,Indonesia,248500.0,321000.0,Shows,Beauty
605,victoriajustice,Victoria Justice,22900000.0,United States,131100.0,179400.0,Cinema & Actors/actresses,Modeling
606,vousmevoyez,KRYSTAL,10400000.0,Indonesia,304700.0,395200.0,Cinema & Actors/actresses,
607,zoeisabellakravitz,Zoë Kravitz,8400000.0,United States,323300.0,490400.0,Cinema & Actors/actresses,
608,egupta,Esha Gupta,11600000.0,India,280600.0,351300.0,Lifestyle,Cinema & Actors/actresses
609,catherinemcbroom,Catherine Paiz,7300000.0,United States,329500.0,565900.0,Family,
610,malutrevejo,Malú 🦋 222🎤,11500000.0,United States,197200.0,353800.0,,
611,elmarianaa,El Mariana,4500000.0,Mexico,809500.0,919400.0,,
612,avengers,Avengers,13600000.0,India,238800.0,299100.0,Cinema & Actors/actresses,
613,skaijackson,S K A I,8000000.0,United States,290500.0,512700.00000000006,Lifestyle,
614,iam_linyi,我是林一同学,4000000.0,Indonesia,781000.0,1000000.0,,
615,yihyun_1208,조이현 cho yihyun,5200000.0,South Korea,618900.0,783400.0,Lifestyle,
616,nickjonas,Nick Jonas,33100000.0,United States,86100.0,122500.0,,
617,everyone_woo,Wonwoo,3400000.0,Indonesia,935500.0,1200000.0,,
618,aleoliveiracm,Alê Oliveira,8500000.0,Brazil,198000.0,507900.0,Humor & Fun & Happiness,
619,nikkietutorials,NikkieTutorials,16500000.0,United States,178000.0,242200.0,Beauty,
620,centralcee,📲,4400000.0,United Kingdom,373400.0,914700.0,Lifestyle,
621,andreavaldirisos,ANDREA VALDIRI 🇨🇴,8700000.0,Colombia,326900.0,465000.0,Lifestyle,Beauty
622,pledis_boos,승관 SEUNGKWAN,4500000.0,Indonesia,732300.0,888400.0,,
623,jenna_chew,JENNA 周甄娜,7900000.0,United States,414700.0,506200.0,Fitness & Gym,
624,simaria,Simaria Mendes,28300000.0,Brazil,96500.0,140400.0,,
625,romanreigns,Joe Anoai aka “Roman Reigns”,6600000.0,India,471800.0,612400.0,Lifestyle,
626,netflixbrasil,Netflix Brasil,32600000.0,Brazil,70700.0,120800.0,Shows,Cinema & Actors/actresses
627,piawurtzbach,Pia Wurtzbach,13800000.0,Philippines,234500.0,282800.0,Beauty,Modeling
628,soueunavida,Sou Eu Na Vida,18100000.0,Brazil,114500.0,218500.0,Humor & Fun & Happiness,
629,kenzie,kenzie ♡,14800000.0,United States,171200.0,260500.0,,
630,ozgecangurelofficial,Özge Gürel,5800000.0,Turkey,553200.0,679900.0,Cinema & Actors/actresses,
631,adinross,,3600000.0,United States,607600.0,1200000.0,,
632,realcoleworld,Cole World,7700000.0,United States,266400.0,506400.0,,
633,mancity,Manchester City,34300000.0,United Kingdom,83000.0,112100.0,Sports with a ball,
634,perspolis,Persepolis,8300000.000000001,Iran,335200.0,476400.0,Sports with a ball,
635,lacasadepapel,La Casa de Papel,12600000.0,Brazil,202500.0,304400.0,Cinema & Actors/actresses,Shows
636,cvillaloboss,CARMEN VILLALOBOS,20500000.0,Colombia,151400.0,186700.0,Shows,Cinema & Actors/actresses
637,jeromepolin,Jerome Polin Sijabat ジェローム,7000000.0,Indonesia,379000.0,555500.0,Education,Humor & Fun & Happiness
638,sarahhyland,Sarah Hyland,9900000.0,United States,310100.0,387700.0,Cinema & Actors/actresses,Lifestyle
639,dejesusoficial,Gabriel Jesus,18400000.0,Brazil,132400.0,205000.0,Sports with a ball,
640,aliandooo,Aliando Syarief,17100000.0,Indonesia,144100.0,229900.0,Cinema & Actors/actresses,
641,aslisona,Sonakshi Sinha,23300000.0,India,134400.0,162600.0,Cinema & Actors/actresses,Lifestyle
642,playstation,PlayStation,28900000.0,United States,107300.0,131400.0,Computers & Gadgets,
643,drewstarkey,Drew Starkey,3100000.0,United States,622400.0,1200000.0,Cinema & Actors/actresses,
644,youngdae0302,김영대,4500000.0,Indonesia,636200.0,839800.0,,
645,sanchooo10,Jadon Sancho,8900000.0,United Kingdom,244600.0,427700.0,Sports with a ball,
646,lamborghini,Lamborghini,32200000.000000004,India,83800.0,115600.0,Luxury,Cars & Motorbikes
647,geewonii,김지원,7700000.0,Indonesia,369800.0,486800.0,,
648,taylor_hill,Taylor Hill,20500000.0,United States,121000.0,180500.0,Fashion,Modeling
649,sooyoungchoi,Sooyoung Choi,7400000.0,Indonesia,421300.0,508500.0,Beauty,Lifestyle
650,natashawilona12,Natasha Wilona,39400000.0,Indonesia,78500.0,93700.0,Beauty,
651,chrissyteigen,chrissy teigen,39100000.0,United States,72000.0,94000.0,Shows,Modeling
652,francinyehlke,Franciny Ehlke,15600000.0,Brazil,107900.0,235900.0,Beauty,
653,dacremontgomery,Dacre Montgomery,8800000.0,United States,314200.0,419900.0,Cinema & Actors/actresses,
654,lizzobeeating,Lizzo,12900000.0,United States,204100.0,286000.0,Lifestyle,Cinema & Actors/actresses
655,dylanminnette,Dylan Minnette,7300000.0,United States,312100.0,507400.0,Cinema & Actors/actresses,
656,nita_shilimkar,Nita Shilimkar,11500000.0,India,240500.0,318000.0,Lifestyle,Fashion
657,phoebejtonkin,Phoebe Tonkin,8400000.0,United States,309400.0,441600.0,Beauty,Cinema & Actors/actresses
658,39saku_chan,Sakura Miyawaki,4300000.0,Indonesia,708000.0,873100.0,Lifestyle,Cinema & Actors/actresses
659,rogerfederer,Roger Federer,9800000.0,Spain,294300.0,380800.0,Sports with a ball,
660,geneliad,Genelia Deshmukh,10400000.0,India,282600.0,350000.0,Cinema & Actors/actresses,
661,dbook,Devin,5400000.0,United States,349400.0,687000.0,Lifestyle,Sports with a ball
662,theslumpgod,Stokeley,5400000.0,United States,398500.0,693500.0,,
663,paulwalker,Paul Walker,15100000.0,India,175900.0,241100.0,Cinema & Actors/actresses,
664,iampauloandre,Paulo André 🏁,9900000.0,Brazil,135400.0,381200.0,Photography,Lifestyle
665,parishilton,Paris Hilton,20200000.0,United States,109300.0,180600.0,Modeling,
666,maudyayunda,Maudy Ayunda,17200000.0,Indonesia,143200.0,211100.0,,
667,blonded,Frank,3700000.0,United States,529900.0,990100.0,,
668,djsnake,djsnake,9700000.0,India,318500.0,378200.0,,
669,achrafhakimi,Achraf Hakimi,10100000.0,Morocco,244300.0,359000.0,Sports with a ball,
670,bleacherreport,Bleacher Report,19600000.0,United States,94300.0,186100.0,Sports with a ball,
671,offsetyrn,OFFSET,19900000.0,United States,102600.0,183900.0,,
672,narins_beauty,••Narins Beauty••,9300000.0,Syria,329800.0,405200.0,Lifestyle,
673,kyrieirving,Hélà,17200000.0,United States,140200.0,212100.0,Sports with a ball,
674,myketowers,MICHAEL,9500000.0,Spain,216000.0,389600.0,,
675,burcuozberk,Burcu Özberk,9300000.0,Turkey,305400.0,395500.0,Cinema & Actors/actresses,
676,chrismcg,Christopher McGinnis,11100000.0,United States,147200.0,324000.0,,
677,indiancricketteam,Team India,25600000.0,India,119900.0,139900.0,Sports with a ball,
678,oprah,Oprah,21500000.0,United States,143700.0,169800.0,Cinema & Actors/actresses,Shows
679,machinegunkelly,the Blonde Don,9700000.0,United States,233400.0,375200.0,,
680,elliotpage,,6200000.0,United States,405100.0,583100.0,Cinema & Actors/actresses,
681,raashiikhanna,Raashii Khanna,8600000.0,India,350600.0,417900.0,Cinema & Actors/actresses,
682,beautifuldestinations,BEAUTIFUL DESTINATIONS,24700000.0,United States,107600.0,144300.0,Photography,Travel
683,madisonbaileybabe,Maddie Baby,6700000.0,United States,288900.0,541000.0,Lifestyle,Cinema & Actors/actresses
684,rishabpant,Rishabh Pant,6900000.0,India,439700.0,522299.99999999994,Lifestyle,Sports with a ball
685,ho5hi_kwon,HOSHI,3600000.0,Indonesia,765200.0,995200.0,Lifestyle,
686,bigsean,BIGSEAN,15400000.0,United States,125400.0,228800.0,,
687,brfootball,Bleacher Report Football,12600000.0,United States,172100.0,278100.0,Sports with a ball,
688,kingryan,Ryan Garcia,9000000.0,United States,261399.99999999997,394800.0,Fitness & Gym,
689,andresiniesta8,Andres Iniesta,40200000.0,Spain,60000.0,87000.0,Sports with a ball,
690,alvxaro,ALVARO,9900000.0,Brazil,144600.0,362400.0,Lifestyle,
691,willevy,William  Levy / Actor Producer,10900000.0,Brazil,242100.0,326100.0,Shows,Cinema & Actors/actresses
692,pokimanelol,pokimane 🤍,6200000.0,United States,436700.0,575300.0,Lifestyle,Shows
693,jamorant,12 🥷🏽🖤,7700000.0,United States,284600.0,459900.0,Winter sports,Sports with a ball
694,amadorat,N I C O L E   A M A D O 🐉,8300000.000000001,Mexico,378800.0,423300.0,Fashion,Lifestyle
695,smriti_mandhana,Smriti Mandhana,6500000.0,India,472100.0,547000.0,Sports with a ball,
696,marinaruybarbosa,Marina Ruy Barbosa,40900000.0,Brazil,56300.0,85900.0,Cinema & Actors/actresses,
697,alishalehmann7,Alisha Lehmann,8199999.999999999,Brazil,227800.0,430100.0,Sports with a ball,
698,bhadbhabie,Bhabie,16399999.999999998,United States,112400.0,210900.0,,
699,dear.zia,𝑓𝑟𝑒𝑒𝑧𝑖𝑎 .🌼,3700000.0,South Korea,839700.0,944500.0,,
700,haifawehbe,Haifa Wehbe,10500000.0,Iraq,226600.0,331800.0,,
701,dkharbour,David Harbour,9700000.0,United States,274500.0,359700.0,Cinema & Actors/actresses,
702,eilirjani,Elton ILIRJANI,10400000.0,Albania,229100.0,330800.0,Adult content,
703,agnezmo,AGNEZ MO,29000000.0,Indonesia,71300.0,118400.0,,
704,staceysolomon,Stacey Solomon,5400000.0,United Kingdom,536200.0,645900.0,Family,
705,supercarblondie,Alex - that girl with the Cars,10800000.0,India,200100.0,317100.0,Cars & Motorbikes,
706,arishfakhan138,Sayyed Arishfa Khan 💎,29400000.0,India,96600.0,117300.0,Cinema & Actors/actresses,
707,sebastianyatra,Sebastian Yatra,29800000.0,Argentina,82300.0,114900.0,,
708,yg_treasure_official,TREASURE (트레저),5600000.0,Indonesia,483400.0,618500.0,,
709,karljacobs,Karl Jacobs,4300000.0,United States,618400.0,805400.0,,
710,rezagolzar,Mohammad Reza Golzar,12300000.0,Iran,197200.0,288000.0,Cinema & Actors/actresses,
711,saharghoreyshiofficialpage,سحر قريشى Sahar Ghoreyshi,11500000.0,Iran,203900.0,297900.0,,
712,f1,FORMULA 1®,20700000.0,Italy,129300.00000000001,163500.0,Racing Sports,
713,wos.ds3,Valentín Oliva,6600000.0,Argentina,341400.0,522400.0,,
714,dk_is_dokyeom,도겸,3500000.0,Iran,825400.0,994200.0,Lifestyle,
715,sonambajwa,Sonam Bajwa,8199999.999999999,India,330200.0,422000.0,Cinema & Actors/actresses,
716,demirose,Demi 🌹,19900000.0,United States,130699.99999999999,170400.0,Modeling,Lifestyle
717,21savage,,13600000.0,United States,140200.0,246400.0,,
718,apple,apple,28100000.0,India,88200.0,118800.0,Computers & Gadgets,Photography
719,jxxvvxxk,이재욱,3900000.0,Indonesia,694300.0,872800.0,,
720,umutisler,Umut İşler,11000000.0,India,188000.0,302200.0,Food & Cooking,
721,grantgust,Grant Gustin,7800000.0,Brazil,305400.0,432700.0,Cinema & Actors/actresses,Fashion
722,huddy,Chase Hudson,11600000.0,United States,206800.0,285000.0,Lifestyle,
723,vernonline,Vernon 버논,4600000.0,Japan,543600.0,719100.0,,
724,hichasestokes,,7400000.0,United States,301700.0,452000.0,Humor & Fun & Happiness,Lifestyle
725,netflix,Netflix US,31200000.0,Brazil,64099.99999999999,105200.0,Cinema & Actors/actresses,Shows
726,kittychicha,🖤KITTY CHICHA🐱,4300000.0,Philippines,635900.0,771100.0,,
727,ederbez,Eugenio Derbez,18600000.0,Mexico,156300.0,175600.0,Cinema & Actors/actresses,Lifestyle
728,amybethmcnulty,Amybeth,7800000.0,Brazil,307900.0,423000.0,Lifestyle,Cinema & Actors/actresses
729,viihtube,Viih Tube,23600000.0,Brazil,73200.0,138200.0,Cinema & Actors/actresses,
730,juki_lop,JukiLop,9400000.0,Mexico,300000.0,349100.0,Shows,Family
731,espn,ESPN,23700000.0,United States,75400.0,137000.0,Sports with a ball,
732,simonettalein,Simonetta Lein,12400000.0,India,188800.0,260100.00000000003,Beauty,Cinema & Actors/actresses
733,yasminabdelaziz_,Yasmin Abdelaziz,16200000.0,Egypt,169800.0,200900.0,Cinema & Actors/actresses,
734,miamalkova,Mia Malkova,11100000.0,India,215300.0,291600.0,Cinema & Actors/actresses,
735,adrianalima,Adriana Lima,14900000.0,United States,146400.0,215400.0,Modeling,Fashion
736,shivangijoshi18,शिवांगी जोशी,7400000.0,India,365100.0,439500.0,Lifestyle,
737,davidluiz23,David Luiz,22200000.0,Brazil,65800.0,144600.0,Sports with a ball,
738,saipallavi.senthamarai,Sai Pallavi,6100000.0,India,462700.0,530800.0,Cinema & Actors/actresses,
739,sonamkapoor,Sonam Kapoor Ahuja,33500000.0,India,80600.0,95300.0,Fashion,Modeling
740,adamsandler,Adam Sandler,13600000.0,United States,184700.0,235500.0,Cinema & Actors/actresses,
741,noorstars,نور ستارز | Noor Stars,13300000.0,Iraq,180700.0,242100.0,Shows,
742,jennifer.garner,Jennifer Garner,13600000.0,United States,206400.0,233800.0,Cinema & Actors/actresses,
743,troyesivan,troye sivan,13400000.0,United States,164100.0,235700.0,Fashion,Modeling
744,jaybnow.hr,LIM JAE BEOM,6900000.0,United States,353600.0,464000.0,,
745,litkillah,MAWZ💬,8100000.0,Argentina,298200.0,393000.0,,
746,schwarzenegger,Arnold Schwarzenegger,22600000.0,United States,118900.0,139800.0,Cinema & Actors/actresses,Fitness & Gym
747,wayvofficial,WayV,7500000.0,Indonesia,358900.0,427400.0,,
748,giannis_an34,Giannis Ugo Antetokounmpo,13300000.0,United States,147900.0,233900.0,Sports with a ball,
749,dagelan,Dagelan,21000000.0,Indonesia,89000.0,151000.0,Humor & Fun & Happiness,
750,_abu_saalim_,ABU SAALIM,3000000.0,India,446500.0,1100000.0,Photography,Cinema & Actors/actresses
751,pooorblack,Pooorblack,4900000.0,Iran,503500.0,652100.0,,
752,trentarnold66,Trent Alexander-Arnold,7800000.0,United Kingdom,275400.0,403300.0,Lifestyle,Sports with a ball
753,earthpix,🌎  EarthPix  🌎,23200000.0,United States,102800.0,133300.0,Nature & landscapes,Photography
754,maneskinofficial,Måneskin,6200000.0,Italy,356300.0,502800.0,Modeling,Cinema & Actors/actresses
755,nodal,Christian Nodal 🇲🇽 🌵💚,9400000.0,Mexico,229100.0,336800.0,,
756,ivan_buhaje,spreen,3100000.0,Argentina,825800.0,1000000.0,,
757,joshuadun,jøsh dun,6200000.0,United States,415700.0,507800.0,,
758,juliopfernandez,J U L I O   P E Ñ A   F. D E Z,3400000.0,Brazil,714900.0,909300.0,,
759,sonu_sood,Sonu Sood,17400000.0,India,154700.0,177000.0,Cinema & Actors/actresses,
760,voguemagazine,Vogue,40300000.0,United States,50500.0,76100.0,Literature & Journalism,Fashion
761,valentinazenere,Valentina Zenere,10100000.0,Brazil,248400.0,302500.0,Modeling,Lifestyle
762,shikhardofficial,Shikhar Dhawan,11400000.0,India,234500.0,268300.0,Sports with a ball,
763,nancyajram,Nancy Ajram,33299999.999999996,Iraq,72500.0,92700.0,,
764,mclomaofficial,Paloma Santos 🐟,8300000.000000001,Brazil,218900.0,375200.0,,
765,rodwave,RodWave,5600000.0,United States,254600.0,566100.0,,
766,yamigautam,Yami Gautam Dhar,16399999.999999998,India,160200.0,186000.0,Cinema & Actors/actresses,
767,madonna,Madonna,18500000.0,Italy,112600.0,168100.0,,
768,fcbayern,FC Bayern,34000000.0,Germany,61100.0,89600.0,Sports with a ball,
769,lacikaysomers,Laci Kay Somers,12200000.0,United States,148500.0,254100.0,Modeling,
770,sincerooficial,Sincero Oficial,21700000.0,Brazil,72400.0,140000.0,Humor & Fun & Happiness,
771,ewsbdi,로운,4700000.0,Indonesia,439600.0,657100.0,,
772,nikefootball,Nike Football (Soccer),45400000.0,Brazil,42800.0,66100.0,Sports with a ball,Clothing & Outfits
773,candiceking,Candice King,10000000.0,Brazil,214100.0,298400.0,Family,Lifestyle
774,beberexha,Bebe Rexha,10700000.0,India,189300.0,279900.0,Lifestyle,
775,rockstargames,Rockstar Games,23300000.0,United States,104500.0,129600.0,Cars & Motorbikes,
776,onwardwanna,"Javon ""Wanna"" Walton",6000000.0,United States,301800.0,503800.0,Lifestyle,Cinema & Actors/actresses
777,diljitdosanjh,DILJIT DOSANJH,14000000.0,India,176800.0,213000.0,Cinema & Actors/actresses,
778,emmaroberts,Emma Roberts,18300000.0,United States,110000.0,162400.0,Cinema & Actors/actresses,
779,filiperet,Retchê,7700000.0,Brazil,153900.0,392800.0,Lifestyle,Photography
780,vanessalopesr_,Vanessa Lopes,12300000.0,Brazil,73700.0,240200.0,Lifestyle,
781,harshasai_,Harsha sai,2700000.0,India,958900.0,1100000.0,Shows,
782,ahmedabohashima,Ahmed Abouhashima,17300000.0,Egypt,125900.0,170000.0,Business & Careers,Finance & Economics
783,ncentineo,Noah,16500000.0,Brazil,106800.0,177600.0,Cinema & Actors/actresses,
784,galatasaray,Galatasaray,11600000.0,Turkey,209400.0,253500.0,Sports with a ball,
785,yefersoncossio,Yef,9800000.0,Colombia,208900.0,305300.0,Lifestyle,
786,arsenal,Arsenal,22800000.0,United Kingdom,85300.0,129100.0,Sports with a ball,
787,borodylia,Ксения Бородина,19100000.0,Russia,124000.0,152900.0,Shows,Family
788,willyrex,Willyrex,8800000.0,Spain,284400.0,337200.0,Shows,
789,snoopdogg,snoopdogg,76000000.0,United States,27300.0,38900.0,Lifestyle,
790,djokernole,Novak Djokovic,11300000.0,Serbia,209800.0,258399.99999999997,Sports with a ball,
791,ishowspeed,IShowSpeed,3700000.0,United Kingdom,575100.0,813800.0,Lifestyle,
792,jackblack,Jack Black,8900000.0,United States,251800.0,328800.0,Cinema & Actors/actresses,
793,normani,Normani,7300000.0,United States,256800.0,401300.0,,
794,courteneycoxofficial,Courteney Cox,12200000.0,India,178900.0,236700.0,Cinema & Actors/actresses,
795,shxxbi131,B.I,4000000.0,Indonesia,620400.0,726600.0,Lifestyle,
796,jaspritb1,jasprit bumrah,9800000.0,India,256600.00000000003,294800.0,Lifestyle,Sports with a ball
797,marimaria,Mari Maria,20200000.0,Brazil,74200.0,142900.0,Beauty,
798,t22felton,Tom Felton,11900000.0,United States,186800.0,242000.0,Cinema & Actors/actresses,
799,jenniferwinget1,Jennifer Winget,13500000.0,India,175300.0,213200.0,Cinema & Actors/actresses,
800,spacex,SpaceX,15800000.0,United States,148700.0,180900.0,Science,Machinery & Technologies
801,virgilvandijk,Virgil van Dijk,12600000.0,United Kingdom,159800.0,226400.0,Sports with a ball,
802,i_nivethathomas,Nivetha Thomas,6100000.0,India,412000.0,466000.0,Cinema & Actors/actresses,
803,chaelincl,CL,10300000.0,Brazil,206300.0,272900.0,Fashion,Modeling
804,subo_m,Subhan Mamedov,10100000.0,Russia,229500.0,281000.0,Shows,
805,klarafgcastanho,Klåra Cåstanho,7400000.0,Brazil,198700.0,385500.0,Cinema & Actors/actresses,
806,miketyson,Mike Tyson,19200000.0,United States,114000.0,146900.0,Fitness & Gym,
807,streetartglobe,StreetArtGlobe ™ 😱,16600000.000000002,United States,124400.0,168900.0,,
808,nabilla,Nabilla Vergara ✨,8000000.0,France,258300.0,355400.0,Beauty,
809,hadise,Hadise,13800000.0,Turkey,173600.0,202400.0,Shows,
810,davidalaba,David Alaba,10600000.0,Spain,185300.0,262200.0,Sports with a ball,
811,paollaoliveirareal,Paolla Oliveira,34800000.0,Brazil,60700.0,80300.0,Cinema & Actors/actresses,Lifestyle
812,kawtarbamo,KAWTAR BA-MOHAMED كوثر بامو,7500000.0,Morocco,276000.0,373900.0,Cinema & Actors/actresses,
813,kaliuchis,,4000000.0,United States,407100.0,702800.0,,
814,sivakarthikeyan,Sivakarthikeyan Doss,5200000.0,India,460600.0,542500.0,,
815,lance210,Lance Stewart,6600000.0,United States,257000.0,426300.0,Cinema & Actors/actresses,Humor & Fun & Happiness
816,chieffkeeffsossa,Chief Keef,7800000.0,United States,196000.0,362500.0,,
817,seojuhyun_s,SEOHYUN 서현,7600000.0,Indonesia,295700.0,370600.0,Cinema & Actors/actresses,
818,actor_jg,배우 이준기,6500000.0,Indonesia,372300.0,437300.0,Cinema & Actors/actresses,
819,trueno,TR1 ⛈,6900000.0,Argentina,261600.00000000003,407300.0,,
820,junhui_moon,JUN 文俊辉,2900000.0,Indonesia,797700.0,978800.0,Lifestyle,
821,asala,Asala,7200000.0,Iraq,316200.0,392000.0,Shows,
822,mohanshakti,Shakti Mohan,16500000.0,India,138300.0,166100.0,Cinema & Actors/actresses,
823,imouniroy,mon,24500000.0,India,92100.0,112200.0,Cinema & Actors/actresses,
824,dominicfike,,3500000.0,United States,417800.0,795100.0,,
825,anthonyjoshua,,14300000.0,United Kingdom,141500.0,192000.0,Fitness & Gym,
826,flay,FLAY 🎙,7700000.0,Brazil,174100.0,363500.0,Lifestyle,
827,gucci,,49000000.0,United States,42000.0,55700.0,Accessories & Jewellery,Clothing & Outfits
828,alexis_officia1,Sanchez Alexis,14500000.0,Chile,115400.0,190500.0,Sports with a ball,
829,sthefanematos,STHE ⚓️,10000000.0,Brazil,123100.0,284300.0,Lifestyle,
830,jessicajane99,Jessica Jane,5900000.0,Indonesia,352000.0,463900.0,Shows,Modeling
831,tohi,𝐓𝐎𝐇𝐈,12100000.0,Iran,162000.0,240700.0,Lifestyle,
832,egorkreed,Егор Крид | #HeartBreakKid,14700000.0,Russia,151100.0,185300.0,,
833,dhanashree9,Dhanashree Verma,5200000.0,India,417200.0,525000.0,Lifestyle,Cinema & Actors/actresses
834,blythe,Andrea Brillantes,13500000.0,Philippines,175400.0,199900.0,Cinema & Actors/actresses,Modeling
835,anastasiya_kvitko,AK,12400000.0,United States,179400.0,219500.0,Lifestyle,Modeling
836,natalee.007,Natalie Lee,7000000.0,United States,308600.0,394500.0,Modeling,
837,fedevalverde,Fede Valverde,6600000.0,Spain,293800.0,416700.0,Sports with a ball,
838,canelo,Saul Alvarez,13500000.0,Mexico,143800.0,200200.0,Fitness & Gym,
839,alvaromorata,Álvaro Morata,17900000.0,Italy,96700.0,149500.0,Sports with a ball,Literature & Journalism
840,ms_puiyi,Siew Pui Yi 🤍,18700000.0,United States,112300.0,143800.0,Adult content,
841,tamannaahspeaks,Tamannaah Bhatia,17700000.0,India,129400.0,151000.0,Cinema & Actors/actresses,
842,tiagopzk,GOTTI A,5400000.0,Argentina,219400.0,501100.0,,
843,rafakalimann,Rafa Kalimann,23100000.0,Brazil,67300.0,121400.0,Modeling,
844,letthelordbewithyou,Scott Disick,27500000.0,United States,64099.99999999999,96900.0,Lifestyle,Family
845,jimmyfallon,Jimmy Fallon,23000000.0,United States,92500.0,115800.0,Shows,Humor & Fun & Happiness
846,sofiaalcastro,♡sofia castro,8800000.0,Colombia,225000.0,306400.0,Shows,Cinema & Actors/actresses
847,ler_chek,Валерия Чекалина,10400000.0,Russia,197200.0,254300.0,Lifestyle,Beauty
848,rafaelnadal,Rafa Nadal,16100000.000000002,Spain,131300.0,164100.0,Sports with a ball,
849,iiqraaziz,IQRA AZIZ HUSSAIN🇵🇰,8800000.0,India,265600.0,302700.0,Beauty,Modeling
850,maitreyiramakrishnan,Maitreyi Ramakrishnan,3800000.0,Brazil,485400.0,710100.0,Photography,Cinema & Actors/actresses
851,dhanushkraja,Dhanush,4900000.0,India,421300.0,545200.0,Cinema & Actors/actresses,
852,priyankaamohanofficial,Priyanka Mohan,3500000.0,India,672300.0,771500.0,Photography,Lifestyle
853,wdohwan,우도환,4500000.0,Indonesia,446200.0,591500.0,Cinema & Actors/actresses,
854,zo,Lonzo Ball,14700000.0,United States,98900.0,178100.0,Sports with a ball,
855,dukeandduchessofcambridge,Duke and Duchess of Cambridge,13900000.0,United States,147100.0,187900.0,Family,Finance & Economics
856,min.nicha,MINNIE,4099999.9999999995,Thailand,468800.0,640400.0,Lifestyle,
857,kingarturo23oficial,Arturo Vidal,18400000.0,Italy,87900.0,141900.0,Sports with a ball,
858,hm_son7,Son HeungMin(손흥민)🇰🇷,7600000.0,Brazil,213100.0,346600.0,Sports with a ball,
859,iqbaal.e,Piko - The Forger,13600000.0,Indonesia,111200.0,191100.0,Cinema & Actors/actresses,
860,arcticmonkeys,Arctic Monkeys,4099999.9999999995,United States,463200.0,651500.0,,
861,realshadmehr,Shadmehr Aghili,8100000.0,Iran,236400.0,329600.0,,
862,laurenlondon,Lauren London,9800000.0,United States,157300.0,268800.0,Cinema & Actors/actresses,Modeling
863,kevinho,KEVINHO,28000000.0,Brazil,65600.0,91800.0,,
864,danialves,Daniel Alves,37200000.0,Brazil,44500.0,69100.0,Sports with a ball,
865,jordynwoods,HEIR JORDYN,12600000.0,United States,107200.0,203000.0,Modeling,Lifestyle
866,felipeneto,Felipe Neto 🦉,16200000.0,Brazil,112500.0,159100.0,Lifestyle,
867,floydmayweather,Floyd Mayweather,28400000.0,United States,51800.0,90800.0,Fitness & Gym,
868,woozi_universefactory,WOOZI,4000000.0,Indonesia,543600.0,646700.0,,
869,sergiroberto,Sergi Roberto,7600000.0,Spain,215100.0,339000.0,Sports with a ball,
870,snejanaonopka15,Snejana Onopka,9200000.0,Brazil,216400.0,288900.0,Modeling,
871,larray,larri,6700000.0,United States,262100.00000000003,384500.0,Lifestyle,Modeling
872,dorra_zarrouk,DORRA درة.,15900000.0,Egypt,118200.0,158800.0,Cinema & Actors/actresses,Fashion
873,keyshiakaoir,Keyshia Ka'oir Davis,7800000.0,United States,182600.0,327300.0,Fitness & Gym,
874,bmw,BMW,33700000.0,Iran,57200.0,74700.0,Cars & Motorbikes,
875,cnn,CNN,18200000.0,United States,101100.0,139500.0,Shows,Literature & Journalism
876,guaynaa,Guaynaa 🧿,6200000.0,Mexico,264600.0,408100.0,,
877,jscmila,Jessica Mila Agnesia,22200000.0,Indonesia,84600.0,112400.0,Beauty,Modeling
878,sophiedee,Sophie Dee,12400000.0,United States,153100.0,203800.0,Adult content,
879,jessica.syj,Jessica Jung,10800000.0,Indonesia,189500.0,232400.0,Modeling,Beauty
880,kh1000le,CHENLE ZHONG,1900000.0,,0.0,1300000.0,,
881,felicyangelista_,Felicya Angelista,21700000.0,Indonesia,83300.0,114700.0,Family,
882,aycaaysinturan,Ayça Ayşin Turan,6000000.0,Turkey,317900.0,424100.0,Cinema & Actors/actresses,
883,mirandacosgrove,Miranda Cosgrove,9800000.0,Brazil,163700.0,255700.0,Cinema & Actors/actresses,Lifestyle
884,kareenakapoorkhan,Kareena Kapoor Khan,9600000.0,India,210400.0,262800.0,Family,Cinema & Actors/actresses
885,samsmith,Sam Smith,14600000.0,United States,115300.0,168900.0,Fashion,
886,jaydacheaves,JAYDA,7700000.0,United States,110200.0,326600.0,Clothing & Outfits,
887,ms.sethii,Shilpa Sethi,6500000.0,United States,255900.0,387200.0,Modeling,
888,realhinakhan,HK,17300000.0,India,115100.0,141700.0,Cinema & Actors/actresses,
889,_irishbella_,Irish Bella,21300000.0,Indonesia,92300.0,114500.0,Cinema & Actors/actresses,
890,thiagosilva,Thiago Silva,19800000.0,Brazil,73200.0,123300.0,Sports with a ball,
891,watanabenaomi703,渡辺直美　Naomi watanabe,9900000.0,Japan,235200.0,250500.0,Cinema & Actors/actresses,Humor & Fun & Happiness
892,fifaworldcup,FIFA World Cup,29100000.0,India,55700.0,84100.0,Sports with a ball,
893,allusnehareddy,Allu Sneha Reddy,8400000.0,India,254100.0,294600.0,Travel,
894,twentyonepilots,twenty one pilots,8500000.0,United States,229100.0,291300.0,,
895,soyneiva,Neiva Mara,11900000.0,Brazil,153700.0,206400.0,Adult content,
896,yuzi_chahal23,Yuzvendra Chahal,8100000.0,India,249600.0,304000.0,Lifestyle,Sports with a ball
897,kyliecosmetics,Kylie Cosmetics,26000000.0,United States,65099.99999999999,93700.0,Beauty,Shopping & Retail
898,theamitbhadana,Amit Bhadana ( अमित भड़ाना ),8500000.0,India,239100.0,294800.0,Shows,
899,ridwankamil,Ridwan Kamil,19000000.0,Indonesia,85100.0,130000.0,Literature & Journalism,Business & Careers
900,arashi_5_official,ARASHI,4400000.0,Japan,554200.0,580200.0,,
901,bumkeyk,SHINee KEY,9300000.0,Indonesia,221700.0,266000.0,,
902,dearra,De'arra Taylor,6300000.0,United States,158600.0,395600.0,,
903,ansufati,Ansu Fati,9000000.0,Spain,180200.0,273300.0,Sports with a ball,Winter sports
904,haniaheheofficial,Hania Aamir 哈尼亚·阿米尔,6000000.0,Pakistan,360400.0,413200.0,Beauty,Lifestyle
905,baifernbah,baifernbah,11200000.0,Indonesia,171100.0,216800.0,Lifestyle,
906,raisa6690,,33200000.000000004,Indonesia,46800.0,73000.0,,
907,jacksepticeye,Jacksepticeye,7900000.0,United States,268200.0,311500.0,Computers & Gadgets,Machinery & Technologies
908,karolsevillaofc,KAROL SEVILLA,15100000.0,Brazil,127100.0,160700.0,Cinema & Actors/actresses,
909,nidhhiagerwal,Nidhhi Agerwal 🌟,25400000.0,India,79200.0,94700.0,Cinema & Actors/actresses,Modeling
910,riyadmahrez26.7,RM26,9200000.0,Algeria,206500.0,266000.0,Sports with a ball,
911,nadin_serovski,Nadin Serovski,9400000.0,Russia,189300.0,259300.0,Family,Lifestyle
912,jasonderulo,Jason Derulo,10400000.0,United States,162100.0,232100.0,,
913,veradijkmans,Vera Dijkmans,5500000.0,United States,316900.0,445400.0,Adult content,
914,nashgrier,Nash Grier,12600000.0,United States,106300.0,189900.0,Lifestyle,Modeling
915,fadiljaidi,Fadil Jaidi,7900000.0,Indonesia,204200.0,306900.0,Lifestyle,
916,farhaddddddd,Farhad Majidi,3600000.0,Iran,475400.0,786500.0,Sports with a ball,
917,landonorris,Lando Norris,5700000.0,Italy,334300.0,421200.0,Racing Sports,Cars & Motorbikes
918,sabinahidalgo,Sabina Hidalgo,4800000.0,Brazil,427100.0,512500.0,Lifestyle,
919,sofia9__official,SOFIA ANSARI,9100000.0,India,193100.0,268800.0,Lifestyle,Cinema & Actors/actresses
920,canyaman,Can Yaman,10000000.0,Italy,197900.0,246200.0,Cinema & Actors/actresses,Modeling
921,kashikakapoor09,Kashika Kapoor,9600000.0,Indonesia,236100.0,254500.0,Beauty,Lifestyle
922,ykaaar,Damiano David/Måneskin,5200000.0,Italy,336700.0,462000.0,Cinema & Actors/actresses,
923,jimena.jimenezr,Jimena,5900000.0,Mexico,281500.0,406500.0,,
924,gongyoo_official,공유 gongyoo official,3600000.0,Indonesia,531800.0,668000.0,Lifestyle,
925,lilpump,Lil Pump,15000000.0,United States,100600.0,157500.0,,
926,reynmen,reyn,7100000.0,Turkey,264800.0,337400.0,Cinema & Actors/actresses,
927,soycintiacossio,Cintia Cossio,5700000.0,Colombia,335300.0,418700.0,Modeling,Adult content
928,pefabiodemelo,Fábio de Melo,25700000.0,Brazil,61000.0,92200.0,Lifestyle,
929,urassayas,Urassaya Sperbund,11900000.0,Thailand,160100.0,194900.0,Cinema & Actors/actresses,Modeling
930,ashleygraham,A S H L E Y  G R A H A M,19000000.0,United States,92700.0,122600.0,Modeling,
931,_chaechae_1,김채원 (CHAEWON),2800000.0,South Korea,696800.0,838200.0,Lifestyle,
932,maxverstappen1,Max Verstappen,9100000.0,United States,195900.0,257600.00000000003,Racing Sports,
933,antony00,Antony Santos,4000000.0,Brazil,322400.0,595700.0,Sports with a ball,
934,gun_atthaphan,ATp,5600000.0,Indonesia,349300.0,418100.0,Lifestyle,
935,sinavaliollah,Sina Valiollah,7300000.0,Iran,256200.0,323200.0,Shows,
936,moneybaggyo,Certified Speaker,8400000.0,United States,119000.0,283900.0,Lifestyle,
937,hannahelzahed,Hannah El-Zahed,18100000.0,Egypt,103900.0,128500.0,Cinema & Actors/actresses,
938,hasnaink07,Hasnain khan,13100000.0,India,143300.0,179300.0,,
939,cobratate,Emory Andrew Tate III,4700000.0,Romania,311000.0,506800.0,Lifestyle,Racing Sports
940,burnaboygram,Burna Boy,11400000.0,Nigeria,110600.0,203100.0,,
941,eunbining0904,박은빈,2900000.0,South Korea,690100.0,814700.0,,
942,fortnite,Fortnite,25700000.0,United States,76300.0,90200.0,Computers & Gadgets,
943,armaanmalik,ARMAAN MALIK 🧿,13200000.0,India,151600.0,175600.0,,
944,julienco_,! Julian,6400000.0,Germany,294100.0,362300.0,Lifestyle,Family
945,_hakkencoser_,Hakken 八犬,3700000.0,United States,511800.0,625400.0,Photography,Modeling
946,juliabarretto,Julia,11200000.0,Philippines,159300.0,203700.0,Cinema & Actors/actresses,Lifestyle
947,bugatti,BUGATTI,16700000.0,United States,100800.0,136400.0,Cars & Motorbikes,Luxury
948,joerogan,Joe Rogan,15600000.0,United States,105500.0,147200.0,Humor & Fun & Happiness,Cinema & Actors/actresses
949,mccabelinho,LITTLE HAIR,5400000.0,Brazil,218900.0,431900.0,Lifestyle,
950,strangehuman,nova,4300000.0,United States,0.0,540100.0,Lifestyle,
951,tontawan,ตู / t u 🌻(•ө•)ෆ⃛,3800000.0,Thailand,459100.0,603800.0,Beauty,Lifestyle
952,danielricciardo,Daniel Ricciardo,7300000.0,United States,238300.0,309400.0,Racing Sports,
953,ginaindelicada,Gina Indelicada,11300000.0,Brazil,97300.0,199400.0,Humor & Fun & Happiness,
954,tovinothomas,Tovino⚡️Thomas,7000000.0,India,179100.0,321700.0,Cinema & Actors/actresses,
955,timatiofficial,13,18500000.0,Russia,91500.0,121400.0,Fitness & Gym,Lifestyle
956,jayshetty,Jay Shetty,11600000.0,United States,152500.0,192600.0,Literature & Journalism,Trainers & Coaches
957,camilacoelho,CAMILA COELHO,9900000.0,Brazil,107000.0,228800.0,Shows,
958,becaa_barreto,Rebeca 🌙,9900000.0,Brazil,119800.0,228600.0,Lifestyle,
959,prideofgypsies,Jason Momoa,17100000.0,United States,101300.0,130000.0,Cinema & Actors/actresses,
960,raffinagita1717,Raffi Ahmad and Nagita Slavina,64000000.0,Indonesia,23800.0,34800.0,Shows,
961,artmodel.one,Юлечка💖Digital Art,7200000.0,India,241600.0,313500.0,,
962,brycehall,Bryce Hall,7200000.0,United States,242100.0,311000.0,,
963,silambarasantrofficial,Silambarasan TR,10200000.0,India,169600.0,216600.0,Shows,Lifestyle
964,bowerjamie,ᴊᴀᴍɪᴇ ᴄᴀᴍᴘʙᴇʟʟ ʙᴏᴡᴇʀ,5500000.0,Italy,302600.0,403400.0,Cinema & Actors/actresses,
965,jordialbaoficial,Jordi Alba,14600000.0,Spain,103900.0,150200.0,Sports with a ball,
966,violets.tv,Violet Summers,13800000.0,Italy,118000.0,162200.0,Adult content,
967,nameisnani,Nani,5300000.0,India,387200.0,418000.0,Humor & Fun & Happiness,Cinema & Actors/actresses
968,tommyinnit,TommyInnit,3500000.0,France,567800.0,640400.0,Shows,Cinema & Actors/actresses
969,porsche,Porsche,26800000.0,United States,63500.0,81200.0,Cars & Motorbikes,
970,lynaritaa,Lyna Perez,9000000.0,United States,186700.0,246700.0,Lifestyle,
971,tarasutaria,TARA💫,8100000.0,India,215700.0,271700.0,Cinema & Actors/actresses,
972,thibautcourtois,Thibaut Courtois,11000000.0,Spain,135200.0,196300.0,Sports with a ball,
973,rubyrose,Ruby Rose,20100000.0,United States,82000.0,108300.0,Modeling,
974,joesthetics,Jo Lindner,7600000.0,India,190000.0,289600.0,Fitness & Gym,
975,brfootball,Bleacher Report Football,12600000.0,United States,105700.0,170900.0,Sports with a ball,
976,kaka,Kaká,18800000.0,Brazil,70200.0,114700.0,Sports with a ball,
977,therealjosephmorgan,Joseph Morgan,8000000.0,Brazil,219800.0,275100.0,Cinema & Actors/actresses,Lifestyle
978,marioruiz,Mario Ruiz,6200000.0,Mexico,224100.0,349700.0,Lifestyle,
979,laurenjauregui,Lauren Jauregui,10800000.0,United States,135900.0,200700.0,,
980,tejasswiprakash,Tejasswi Prakash,6300000.0,India,304400.0,376700.0,Fashion,Beauty
981,shahinsamadpoor,Shahin Samad poor شاهین صمدپور,4700000.0,Iran,360500.0,475900.0,Literature & Journalism,Cinema & Actors/actresses
982,michelle_lewin,Michelle Lewin,15100000.0,United States,101600.0,143400.0,Fitness & Gym,
983,mb459,Mario Balotelli Barwuah 🇮🇹🇬🇭⚽️,10500000.0,Turkey,140700.0,206000.0,Sports with a ball,
984,bighit_exhibition,2022 BTS EXHIBITION : Proof,5600000.0,Indonesia,310300.0,384600.0,,
985,mario_houses,Mario Casas,7000000.0,Spain,210100.0,311000.0,Modeling,Cinema & Actors/actresses
986,valeyellow46,Valentino Rossi,14100000.0,Indonesia,115600.0,151000.0,Racing Sports,
987,jeremyrenner,Jeremy Renner,17900000.0,United States,99800.0,119300.0,Shows,Cinema & Actors/actresses
988,leeyoum262,이유미,7500000.0,South Korea,235500.0,288500.0,Lifestyle,
989,choquei,CHOQUEI,17500000.0,Brazil,39800.0,124100.0,Literature & Journalism,
990,lalioficial,LALI❤️‍🔥,11000000.0,Argentina,136000.0,194600.0,,
991,naisaalifiayuriza,Naisa Alifia Yuriza,9900000.0,Indonesia,194900.0,218300.0,Lifestyle,
992,francety,Francia James,11400000.0,India,144800.0,190000.0,Adult content,
993,aidanrgallagher,Aidan R Gallagher,7700000.0,Mexico,233200.0,280600.0,,
994,leosantana,O GIGANTE,17900000.0,Brazil,63700.0,119500.0,,
995,dhanashree9,Dhanashree Verma,5200000.0,India,326900.0,411300.0,Shows,
996,jadethirlwall,jade amelia thirlwall,9400000.0,United States,174200.0,228100.0,,
997,ninja,User Not Found,12900000.0,United States,127800.0,163900.0,Computers & Gadgets,Machinery & Technologies
998,myriamfares,Myriam Fares,20600000.0,Iraq,75800.0,102400.0,,
999,optimushwang,황민현,4200000.0,South Korea,426000.0,508000.0,Lifestyle,
1000,syifahadjureal,Syifa Hadju,15500000.0,Indonesia,110200.0,136100.0,Modeling,
951,tontawan,ตู / t u 🌻(•ө•)ෆ⃛,3800000.0,Thailand,459100.0,603800.0,Beauty,Lifestyle
952,danielricciardo,Daniel Ricciardo,7300000.0,United States,238300.0,309400.0,Racing Sports,
953,ginaindelicada,Gina Indelicada,11300000.0,Brazil,97300.0,199400.0,Humor & Fun & Happiness,
954,tovinothomas,Tovino⚡️Thomas,7000000.0,India,179100.0,321700.0,Cinema & Actors/actresses,
955,timatiofficial,13,18500000.0,Russia,91500.0,121400.0,Fitness & Gym,Lifestyle
956,jayshetty,Jay Shetty,11600000.0,United States,152500.0,192600.0,Literature & Journalism,Trainers & Coaches
957,camilacoelho,CAMILA COELHO,9900000.0,Brazil,107000.0,228800.0,Shows,
958,becaa_barreto,Rebeca 🌙,9900000.0,Brazil,119800.0,228600.0,Lifestyle,
959,prideofgypsies,Jason Momoa,17100000.0,United States,101300.0,130000.0,Cinema & Actors/actresses,
960,raffinagita1717,Raffi Ahmad and Nagita Slavina,64000000.0,Indonesia,23800.0,34800.0,Shows,
961,artmodel.one,Юлечка💖Digital Art,7200000.0,India,241600.0,313500.0,,
962,brycehall,Bryce Hall,7200000.0,United States,242100.0,311000.0,,
963,silambarasantrofficial,Silambarasan TR,10200000.0,India,169600.0,216600.0,Shows,Lifestyle
964,bowerjamie,ᴊᴀᴍɪᴇ ᴄᴀᴍᴘʙᴇʟʟ ʙᴏᴡᴇʀ,5500000.0,Italy,302600.0,403400.0,Cinema & Actors/actresses,
965,jordialbaoficial,Jordi Alba,14600000.0,Spain,103900.0,150200.0,Sports with a ball,
966,violets.tv,Violet Summers,13800000.0,Italy,118000.0,162200.0,Adult content,
967,nameisnani,Nani,5300000.0,India,387200.0,418000.0,Humor & Fun & Happiness,Cinema & Actors/actresses
968,tommyinnit,TommyInnit,3500000.0,France,567800.0,640400.0,Shows,Cinema & Actors/actresses
969,porsche,Porsche,26800000.0,United States,63500.0,81200.0,Cars & Motorbikes,
970,lynaritaa,Lyna Perez,9000000.0,United States,186700.0,246700.0,Lifestyle,
971,tarasutaria,TARA💫,8100000.0,India,215700.0,271700.0,Cinema & Actors/actresses,
972,thibautcourtois,Thibaut Courtois,11000000.0,Spain,135200.0,196300.0,Sports with a ball,
973,rubyrose,Ruby Rose,20100000.0,United States,82000.0,108300.0,Modeling,
974,joesthetics,Jo Lindner,7600000.0,India,190000.0,289600.0,Fitness & Gym,
975,brfootball,Bleacher Report Football,12600000.0,United States,105700.0,170900.0,Sports with a ball,
976,kaka,Kaká,18800000.0,Brazil,70200.0,114700.0,Sports with a ball,
977,therealjosephmorgan,Joseph Morgan,8000000.0,Brazil,219800.0,275100.0,Cinema & Actors/actresses,Lifestyle
978,marioruiz,Mario Ruiz,6200000.0,Mexico,224100.0,349700.0,Lifestyle,
979,laurenjauregui,Lauren Jauregui,10800000.0,United States,135900.0,200700.0,,
980,tejasswiprakash,Tejasswi Prakash,6300000.0,India,304400.0,376700.0,Fashion,Beauty
981,shahinsamadpoor,Shahin Samad poor شاهین صمدپور,4700000.0,Iran,360500.0,475900.0,Literature & Journalism,Cinema & Actors/actresses
982,michelle_lewin,Michelle Lewin,15100000.0,United States,101600.0,143400.0,Fitness & Gym,
983,mb459,Mario Balotelli Barwuah 🇮🇹🇬🇭⚽️,10500000.0,Turkey,140700.0,206000.0,Sports with a ball,
984,bighit_exhibition,2022 BTS EXHIBITION : Proof,5600000.0,Indonesia,310300.0,384600.0,,
985,mario_houses,Mario Casas,7000000.0,Spain,210100.0,311000.0,Modeling,Cinema & Actors/actresses
986,valeyellow46,Valentino Rossi,14100000.0,Indonesia,115600.0,151000.0,Racing Sports,
987,jeremyrenner,Jeremy Renner,17900000.0,United States,99800.0,119300.0,Shows,Cinema & Actors/actresses
988,leeyoum262,이유미,7500000.0,South Korea,235500.0,288500.0,Lifestyle,
989,choquei,CHOQUEI,17500000.0,Brazil,39800.0,124100.0,Literature & Journalism,
990,lalioficial,LALI❤️‍🔥,11000000.0,Argentina,136000.0,194600.0,,
991,naisaalifiayuriza,Naisa Alifia Yuriza,9900000.0,Indonesia,194900.0,218300.0,Lifestyle,
992,francety,Francia James,11400000.0,India,144800.0,190000.0,Adult content,
993,aidanrgallagher,Aidan R Gallagher,7700000.0,Mexico,233200.0,280600.0,,
994,leosantana,O GIGANTE,17900000.0,Brazil,63700.0,119500.0,,
995,dhanashree9,Dhanashree Verma,5200000.0,India,326900.0,411300.0,Shows,
996,jadethirlwall,jade amelia thirlwall,9400000.0,United States,174200.0,228100.0,,
997,ninja,User Not Found,12900000.0,United States,127800.0,163900.0,Computers & Gadgets,Machinery & Technologies
998,myriamfares,Myriam Fares,20600000.0,Iraq,75800.0,102400.0,,
999,optimushwang,황민현,4200000.0,South Korea,426000.0,508000.0,Lifestyle,
1000,syifahadjureal,Syifa Hadju,15500000.0,Indonesia,110200.0,136100.0,Modeling,
