rank,handle_tiktok,name_tiktok,followers,views_avg,likes_avg,comments_avg,shares_avg
1,jypestraykids,Stray Kids,13800000.0,6400000.0,2300000.0,50200.0,34200.0
2,khaby.lame,Khabane lame,149200000.0,17300000.0,2300000.0,15200.0,8700.0
3,scarlettsspam2,scarlett,2100000.0,17900000.0,845800.0,53900.0,6300.0
4,addisonre,Addison Rae,88700000.0,22000000.0,906600.0,7600.0,26200.0
5,belindatok,Belinda,4800000.0,14200000.0,1500000.0,14500.0,15300.0
6,onwardwanna,Wanna🥊,7500000.0,12000000.0,2000000.0,20400.0,4200.0
7,therock,The Rock,55400000.0,13100000.0,1500000.0,14300.0,11900.0
8,bizarrap,bzrp,5800000.0,16200000.0,2700000.0,4200.0,6900.0
9,landonbarkerr,Landon Barker,3800000.0,11700000.0,1200000.0,19100.0,15200.0
10,mrbeast,MrBeast,42200000.0,13000000.0,1700000.0,17200.0,2100.0
11,charlidamelio,charli d’amelio,146200000.0,15200000.0,959400.0,20800.0,4600.0
12,amauryguichon,Amaury Guichon,14500000.0,11400000.0,1500000.0,7200.0,11800.0
13,jetbentlee,Jet,3900000.0,12400000.0,2200000.0,3600.0,6600.0
14,kervo.dolo,Kervo.dolo,10300000.0,5700000.0,1300000.0,7900.0,27600.0
15,ttdramanews,TT Drama Layla,856300.0,6100000.0,1100000.0,16600.0,17700.0
16,mishayoung,Миша Городецкий 🇺🇦,4000000.0,10800000.0,680000.0,5700.0,22500.0
17,domelipa,domelipa,58100000.0,10400000.0,1500000.0,9100.0,3500.0
18,kyliejenner,Kylie Jenner,47000000.0,12300000.0,1900000.0,5500.0,2600.0
19,enhypen,enhypen,12700000.0,4300000.0,1100000.0,24800.0,14300.0
20,kimberly.loaiza,Kimberly Loaiza,67200000.0,8800000.0,1200000.0,12100.0,4300.0
21,ramonvitor,ramonvitor,8700000.0,9300000.0,1900000.0,7300.0,2400.0
22,txt.bighitent,TOMORROW X TOGETHER,18100000.0,3800000.0,1100000.0,27400.0,9500.0
23,emraynea,emraynea,1100000.0,5100000.0,1400000.0,6600.0,13500.0
24,bp_tiktok,blackpinkofficial,31200000.0,4500000.0,839600.0,13900.0,22200.0
25,mtarek.official3,Mohamed Tarek - محمد طارق,1300000.0,4700000.0,864200.0,21900.0,8000.0
26,zeth,Zeth,13000000.0,8500000.0,1700000.0,2200.0,6200.0
27,kurtsworld,Kurt Kunkle,1300000.0,4900000.0,685900.0,30100.0,3300.0
28,joshtgodfrey,Josh Godfrey,285500.0,6400000.0,587600.0,12800.0,16300.0
29,justinflom,JustinFlom,6100000.0,12900000.0,789200.0,4500.0,6200.0
30,williesalim,WILLIE SALIM,15500000.0,8100000.0,589200.0,17400.0,5400.0
31,rosalia,La Rosalia,25500000.0,14200000.0,1200000.0,3300.0,2600.0
32,birovr,Biro,3000000.0,6400000.0,760900.0,6100.0,14300.0
33,kiet.ac.quy,Kiệt Ắk Wỷ,3300000.0,5200000.0,842200.0,12300.0,8500.0
34,threedotcorey,corey,4900000.0,6300000.0,1400000.0,2900.0,7100.0
35,iamferv,Fernanda,31500000.0,6600000.0,962300.0,10000.0,3900.0
36,winnermaxyt,WinnerMax,4500000.0,13800000.0,1000000.0,1800.0,4500.0
37,devankey,Devan Key,8000000.0,6900000.0,976200.0,8600.0,3700.0
38,yunggravy,Yung Gravy 🍯,6600000.0,9500000.0,1400000.0,3500.0,2700.0
39,siscakohl,Sisca Kohl,12400000.0,9200000.0,1100000.0,6200.0,1800.0
40,lexibrookerivera,Lexi Rivera,23200000.0,7500000.0,992500.0,8500.0,1800.0
41,leith1423,Leithal,1100000.0,7900000.0,1300000.0,3800.0,3200.0
42,imeyhou,Meyden,3000000.0,9000000.0,799500.0,8000.0,1600.0
43,b.blek,b.blek,2600000.0,8000000.0,616700.0,6400.0,7400.0
44,mc.pedrinhoofc,Mc Pedrinho,5000000.0,8199999.999999999,1200000.0,5000.0,2000.0
45,jennmelon,Jenn Melon,2200000.0,5500000.0,1400000.0,3800.0,4900.0
46,nilered,NileRed,10300000.0,6000000.0,1000000.0,4400.0,6300.0
47,zhangxi_acupuntura,doctor Zhang Xi,2900000.0,7000000.0,378500.0,1500.0,22500.0
48,pongamoslo_a_prueba,Pongámoslo a Prueba,36700000.0,9300000.0,1600000.0,2300.0,2000.0
49,itsmacdoogle,ItsMacDoogle,1800000.0,3900000.0,685900.0,10100.0,13000.0
50,jesusnalgas,jesus_nalgas,2600000.0,5000000.0,970100.0,6000.0,6000.0
51,notemmamarie,Em,493900.0,4400000.0,775200.0,9100.0,6700.0
52,daniel.labelle,Daniel LaBelle,27000000.0,5200000.0,816800.0,3800.0,8400.0
53,conangray,conangray,6400000.0,3900000.0,1100000.0,7000.0,4900.0
54,spencer_serafica,Xspencer,13600000.0,5200000.0,924300.0,5900.0,4000.0
55,musikyotogsj,うさっくま♡Movie,1200000.0,4300000.0,192000.0,1800.0,55900.0
56,ryanbakery,𝙍𝙮𝙖𝙣𝘽𝙖𝙠𝙚𝙧𝙮,2900000.0,5400000.0,548200.0,7800.0,7700.0
57,soyminisech,🐻🐻SECHITO🐻🐻,1200000.0,6500000.0,603400.0,2000.0,9500.0
58,katya.ross,Katya Ross,293300.0,2800000.0,665300.0,5700.0,18100.0
59,vinnyguadagnino,vinnyguadagnino,3100000.0,5100000.0,629300.0,5900.0,7200.0
60,lelepons,Lele Pons,27900000.0,12200000.0,1000000.0,1500.0,1700.0
61,mattsturniolo,Matt,3200000.0,3200000.0,812000.0,10900.0,4600.0
62,rayssabuq,Rayssa Buq,7200000.0,4300000.0,775300.0,7900.0,4100.0
63,charl1d4meli0,charlidamelio,64599.99999999999,5400000.0,804000.0,6900.0,1700.0
64,pkllipe,Pk,19000000.0,4800000.0,893300.0,3000.0,5600.0
65,selenagomez,Selena Gomez,43200000.0,5200000.0,804900.0,4200.0,4500.0
66,_.the.meme.hub._,RANDOM MEMES,2300000.0,3800000.0,787700.0,2900.0,9000.0
67,lexibrookerivera,Lexi Rivera,23400000.0,7600000.0,870600.0,3100.0,1800.0
68,bhadbhabie,bhadbhabie,6300000.0,5100000.0,899500.0,3000.0,4000.0
69,acpitos,acpitos on ig 📸,489600.0,5700000.0,858800.0,3500.0,3100.0
70,sofiacarson,SofiaCarson,6200000.0,5700000.0,903500.0,3200.0,2900.0
71,youngswagonoriginal,YoungSwagon,4900000.0,5100000.0,752500.0,1400.0,6700.0
72,montpantoja,Montpantoja,35700000.0,6800000.0,1000000.0,2500.0,1900.0
73,azzyland,Azzyland,4600000.0,5300000.0,774200.0,7000.0,462.0
74,soysuco,soysuco,12500000.0,5400000.0,570500.0,8700.0,1100.0
75,bellapoarch,Bella Poarch,91400000.0,7400000.0,677300.0,4900.0,1100.0
76,max7424453118,Max Taylor,2800000.0,3500000.0,572600.0,5200.0,9500.0
77,jordanemel,Jordan e Mel,10200000.0,4400000.0,436100.0,3000.0,12200.0
78,hannahstocking,Hannah Stocking,26500000.0,7800000.0,840800.0,1600.0,2500.0
79,_xochitl.gomez,Xóchitl Gómez,7300000.0,7000000.0,1300000.0,26.0,2900.0
80,rubentuestaok,Ruben Tuesta,21300000.0,5500000.0,802300.0,1600.0,4400.0
81,charrliiieeee,Charlieee,5100000.0,12000000.0,470200.0,1700.0,2900.0
82,kallmekris,Kris HC,46300000.0,5400000.0,936600.0,3400.0,1500.0
83,dereklipp_,Derek Lipp,5300000.0,3100000.0,440500.0,2500.0,15700.0
84,jaxwritessongs,Jax,11700000.0,4099999.9999999995,683500.0,5400.0,3200.0
85,calfreezy,Calfreezy,960600.0,6500000.0,869100.0,1700.0,2400.0
86,loveofhuns,loveofhuns x,144700.0,3500000.0,382400.0,8300.0,8900.0
87,lizzza,Liza Koshy,29900000.0,4900000.0,802800.0,2200.0,3600.0
88,victormelo,Victor Melo,21900000.0,4500000.0,736700.0,2500.0,4200.0
89,wisdm8,Wisdom Kaye,8500000.0,4600000.0,874400.0,3500.0,2000.0
90,qpark,Q Park,33600000.0,5000000.0,415300.0,3900.0,6600.0
91,_lilg4,LIL G,1700000.0,4400000.0,521900.0,5500.0,4000.0
92,dylanmulvaney,Dylan Mulvaney,7300000.0,3800000.0,730800.0,6600.0,1200.0
93,hafizmahamad,Hafiz Mahamad,1100000.0,3000000.0,325100.0,14400.0,7500.0
94,oficialmarcuseni,marcus_eni,4500000.0,2200000.0,198600.0,1300.0,46000.0
95,hola.margo,margo✨,4099999.9999999995,6700000.0,868100.0,2400.0,1200.0
96,dhar.mann,Dhar Mann,14300000.0,4200000.0,528100.0,6900.0,2400.0
97,mementoe,Máté Méhész,3600000.0,3400000.0,588500.0,4400.0,5800.0
98,kaelimaee,kaeli mae,10600000.0,5500000.0,733800.0,1500.0,3500.0
99,paralympics,paralympics,2500000.0,5400000.0,467800.0,1800.0,6300.0
100,ynchq,Янчик,6400000.0,4900000.0,660100.0,2700.0,3500.0
101,connordewolfe,Connor DeWolfe,5400000.0,3000000.0,628400.0,1600.0,9000.0
102,awildani13,NgebisOnline,77200.0,3700000.0,498400.0,5900.0,4400.0
103,paansih16,gustian_magrib,1100000.0,2900000.0,230500.0,1200.0,27700.0
104,otoha_danso,音羽-otoha-,1500000.0,3400000.0,268000.0,9500.0,11200.0
105,ivanlomelitv,Iván Lomeli Travel Blogger,44000.0,2400000.0,188100.0,1200.0,39600.0
106,davidguetta,David Guetta,4500000.0,4400000.0,419900.0,4100.0,5900.0
107,quynh.aka,Quỳnh Aka ✅,1900000.0,4700000.0,333200.0,4400.0,7300.0
108,gianlucavacchi,Gianluca Vacchi,21500000.0,7700000.0,477100.0,2000.0,2800.0
109,ashhasacamera,ash,871700.0,3400000.0,854700.0,4100.0,2000.0
110,abdelrhman_boda1,💎☝️ عہبدالہرحہمن_احہمد☝️💎,2800000.0,8100000.0,337400.0,1300.0,5100.0
111,garett__nolan,garett nolan,13400000.0,4200000.0,337100.0,2400.0,10000.0
112,sturniolo.triplets,Sturniolo’s,4000000.0,2800000.0,654200.0,7600.0,2000.0
113,juliano,juliano,9900000.0,6800000.0,625200.0,3000.0,1000.0
114,jwaltonnn,ᴊ⚡️,733400.0,1600000.0,350900.0,27000.0,2500.0
115,zodiac.boyfriend,Zodiac Boyfriend🪐🔮,2100000.0,2700000.0,444700.0,5200.0,8500.0
116,litkillah,LIT killah🩸,2400000.0,3200000.0,428300.0,1300.0,10600.0
117,stickyboy69,stickyboy69,8900000.0,1900000.0,478800.0,14600.0,3800.0
118,shxtsngigs,ShxtsNGigs Podcast,4900000.0,3600000.0,603100.0,1900.0,5600.0
119,faeleamendoim,Fael Alegria e Isaac Amendoim,3600000.0,5500000.0,321600.0,1300.0,7900.0
120,thallyssonsb,Thallysson Borges,10700000.0,3000000.0,450100.0,3800.0,8100.0
121,saramohannad_,Sara,7900000.0,4500000.0,364900.0,6300.0,3100.0
122,miakhalifa,Mia K.,35700000.0,5400000.0,610300.0,2500.0,2200.0
123,qamar_altaey,𝑄𝐴𝑀𝐴𝑅,3800000.0,3000000.0,298100.0,7000.0,9900.0
124,sofyank96,Sofyank96,2600000.0,4500000.0,565100.0,2500.0,3400.0
125,kooovryt,kika,2500000.0,2900000.0,516200.00000000006,4000.0,6000.0
126,leesiyoung38,이시영,17400000.0,3500000.0,658800.0,3800.0,2800.0
127,jdpantoja,JD Pantoja,30500000.0,4600000.0,751900.0,3500.0,799.0
128,billlnai,nai,8700000.0,3400000.0,934200.0,2600.0,1900.0
129,itssassagurl,Sassa Gurl,6600000.0,3500000.0,565300.0,3100.0,4100.0
130,bargain.bethany,bargainbethany,124800.0,2200000.0,208700.0,1800.0,28300.0
131,terryreloaded,Terry Reloaded,6500000.0,2300000.0,508700.0,2700.0,8700.0
132,gordonramsayofficial,Gordon Ramsay,33800000.0,6400000.0,488100.0,2200.0,2100.0
133,larissagloor,𝗟𝗮𝗿𝗶𝘀𝘀𝗮 𝗚𝗹𝗼𝗼𝗿,3400000.0,3100000.0,756800.0,3900.0,1800.0
134,rah_money1,General ock,3400000.0,3200000.0,426300.0,3100.0,6300.0
135,aymanehamedi,Weld Mimoune,1100000.0,3400000.0,298500.0,2800.0,9800.0
136,luvadepedreiro,Iran Ferreira (Lai),19400000.0,4200000.0,571700.0,3700.0,1700.0
137,brookemonk_,Brooke Monk,23600000.0,5900000.0,678900.0,1900.0,1400.0
138,parnishacook,Пардаев Алибек,615700.0,3200000.0,183700.0,352.0,21300.0
139,yzn47,عزيز | يزن,7000000.0,7000000.0,249200.0,1200.0,6100.0
140,pimrypie__tiktok,Pimrypie,3300000.0,7700000.0,466300.0,2300.0,1200.0
141,alanthedude,Alan,681800.0,3700000.0,636000.0,3500.0,1800.0
142,daviddobrik,DAVID DOBRIK,26200000.0,4400000.0,440600.0,1700.0,4600.0
143,montanablack,GetOnMyLvL,2500000.0,3400000.0,447500.0,3500.0,4400.0
144,vhackerr,Vinnie,14900000.0,3300000.0,487100.0,4600.0,2700.0
145,cellat36,cellat36,8600000.0,5400000.0,307500.0,5200.0,1900.0
146,thebenjishow,benji,5900000.0,3300000.0,643800.0,2200.0,3200.0
147,seventeen17_official,SEVENTEEN,6000000.0,1900000.0,595100.0,5300.0,4900.0
148,thenataliahms,Natalia Hurtado de Mendoza,73900.0,3500000.0,259600.00000000003,928.0,11800.0
149,loganpaul,Logan Paul,15900000.0,4800000.0,976900.0,1400.0,1000.0
150,andyarthursmith,Andy Arthur Smith,2200000.0,3300000.0,564700.0,3300.0,2800.0
151,loganpaul,Logan Paul,15900000.0,4800000.0,976900.0,1400.0,1000.0
152,andyarthursmith,Andy Arthur Smith,2200000.0,3300000.0,564700.0,3300.0,2800.0
153,cauwave,cauwave,1400000.0,2600000.0,396600.0,2700.0,8200.0
154,nicollefigueroaa,Nicolle Figueroa,12700000.0,5500000.0,766100.0,1800.0,882.0
155,brookemonk_,Brooke Monk,23600000.0,5700000.0,620800.0,1800.0,1300.0
156,oldtimehawkey,Old Time Hawkey,6400000.0,2900000.0,445500.0,4600.0,4000.0
157,mix_151,مكس _Mix,3400000.0,4800000.0,481900.0,3200.0,1400.0
158,mmmjoemele,Joe Mele,22800000.0,5700000.0,848400.0,1200.0,1000.0
159,lordtrunks,Lord Trunks,2200000.0,4200000.0,386900.0,3000.0,3600.0
160,paytonking,Payton King,5300000.0,2600000.0,325000.0,4800.0,7600.0
161,squatch.and.sons_customs,Squatch and Sons Customs,213600.0,7700000.0,471300.0,1600.0,1200.0
162,incorrectlyroce,Roce Ordoñez,8400000.0,3900000.0,678600.0,2200.0,1700.0
163,lifeofclare,Clare Thurkett,42200.0,3100000.0,724400.0,1200.0,3400.0
164,patrickbarnes,Patrick Barnes,2400000.0,2200000.0,417200.0,3900.0,7300.0
165,the.historical,History Footage,201500.0,2900000.0,346200.0,4800.0,5100.0
166,blamerobertjames,blamerobertjames,159300.0,3500000.0,347200.0,4400.0,3900.0
167,pollerocho,pollerocho,3500000.0,3500000.0,567200.0,841.0,4200.0
168,ferchugimenez,Fernanda,7700000.0,4500000.0,825600.0,1500.0,1100.0
169,jaykindafunny8,Jaykindafunny,24300000.0,4800000.0,612400.0,1300.0,2000.0
170,kulinaria.recetas,AGUS LIPORACE,3800000.0,3400000.0,408900.0,443.0,6400.0
171,cocielo,Júlio Cocielo,5000000.0,2300000.0,675900.0,2000.0,4100.0
172,darylsabara,darylsabara,695700.0,3600000.0,628500.0,1900.0,2100.0
173,livefromthepark,Ninjy Dave,369000.0,2200000.0,130199.99999999999,1000.0,30600.0
174,saraisthreads,Sarai Marie,1600000.0,2300000.0,462700.0,2600.0,6100.0
175,fhd.artz,فهد آرت || Fahad🎨,2200000.0,4500000.0,288800.0,5400.0,1400.0
176,ig_alongwiranda,🕌🏃,880700.0,3200000.0,129400.0,1200.0,20000.0
177,initiaraandini,tiara andini,5100000.0,3800000.0,419600.0,2600.0,3000.0
178,ndshvv,ndshvv,3200000.0,3800000.0,552400.0,3400.0,764.0
179,maiaknight,Maia Knight,8800000.0,4700000.0,720500.0,1600.0,960.0
180,homm9k,ХОМЯК,44400000.0,3800000.0,489800.0,3600.0,1100.0
181,dobretwins,Lucas and Marcus,36200000.0,4800000.0,453100.0,2800.0,1100.0
182,jacksepticeye,Jacksepticeye,4900000.0,2300000.0,559800.0,3800.0,2700.0
183,franckfs,Franck Farfán FS,5700000.0,4900000.0,330900.0,1000.0,4100.0
184,iamdtg,DTG,1200000.0,2200000.0,251900.0,2200.0,12900.0
185,jihansalsabila44,Jihan Salsabila,1600000.0,2700000.0,366400.0,3600.0,4500.0
186,brentrivera,Brent Rivera,44900000.0,4900000.0,574400.0,2000.0,813.0
187,rayandmadalyn,Ray & Madalyn,1100000.0,3600000.0,496100.0,1800.0,2600.0
188,nessaabarrett,Ness,19400000.0,4000000.0,420500.0,2700.0,2000.0
189,leanadeeb,Leana Deeb,10400000.0,3900000.0,573500.0,1300.0,2100.0
190,just.hamilton,Just Hamilton,2900000.0,2300000.0,371100.0,1900.0,7000.0
191,wilmah10,wilmah10,6300.0,2900000.0,208200.0,2700.0,9900.0
192,official_kep1er,Kep1er,4800000.0,2700000.0,518500.0,3600.0,1700.0
193,loicsuberville,Loïc Suberville,2400000.0,2400000.0,458100.0,1600.0,5200.0
194,lana_mohd89,𝑳𝑨𝑵𝑨 🦋,5700000.0,4099999.9999999995,293400.0,3700.0,2600.0
195,bigtugg,Tucker Lindgren,1300000.0,2000000.0,444000.0,3100.0,5300.0
196,jvke,JVKE,7700000.0,3700000.0,582200.0,2100.0,1300.0
197,bayashi.tiktok,バヤシ🥑Bayashi,33600000.0,4400000.0,492000.0,2600.0,786.0
198,bilalahy,Bilal,3500000.0,2200000.0,492000.0,1900.0,4700.0
199,spicyycam_,Spice King,19500000.0,4200000.0,414100.0,2800.0,1300.0
200,duythamchannel,Duy Thẩm,4000000.0,5000000.0,492500.0,2200.0,708.0
201,fedevigevani,Fede Vigevani,14600000.0,4000000.0,457200.0,2700.0,1100.0
202,korectiion,Iam Cleo,390500.0,3000000.0,376800.0,4300.0,1700.0
203,theovon,Theo Von,2700000.0,3100000.0,320800.0,1100.0,5600.0
204,dafnnejm,dafnne ☻,3800000.0,3700000.0,667900.0,1400.0,1300.0
205,boomershroomer,Ashley Enders,63800.0,4099999.9999999995,286400.0,2400.0,3200.0
206,abir.sag,Abir el saghir,14700000.0,4300000.0,302800.0,2800.0,2300.0
207,iamprisleeciyi,Priscilla ◡̈,13900.0,2300000.0,522900.0,1200.0,4200.0
208,mikaylahau,Mikaylah,4900000.0,3600000.0,313500.0,4600.0,1100.0
209,ranboolive,Ranboo,4300000.0,1800000.0,414800.0,7000.0,1600.0
210,fadiljaidi,Fadil Jaidi,8700000.0,3500000.0,390700.0,2900.0,1800.0
211,diiegospyckerzs,Diiego Spyckerzs,808500.0,2800000.0,154500.0,3000.0,11800.0
212,sonyakisa8,Cat Sonya,17400000.0,3500000.0,287700.0,1000.0,5300.0
213,dbl_n,DBL N officiel 👑🔥🇹🇳,2200000.0,3600000.0,392900.0,2400.0,2100.0
214,gavincasalegno,GavinCasalegno,3200000.0,2200000.0,394700.0,5300.0,1900.0
215,gordeewa__13,gordeewa__13 :>,12700000.0,5400000.0,293700.0,3200.0,722.0
216,guide_smis,ไกค์ 'สมิท,275700.0,13100000.0,299200.0,435.0,1200.0
217,lucasmonteirosg,Lucas Monteiro,486900.0,3800000.0,469400.0,1800.0,1700.0
218,dasigantung,Dasi Gantung,5900000.0,4600000.0,648500.0,842.0,1300.0
219,vanessalopesr,Vanessa Lopes,25200000.0,3400000.0,327800.0,3600.0,1900.0
220,alexitoxedits,ALEX <3,2900000.0,1600000.0,467100.0,3900.0,4400.0
221,bretmanrock,bretmanrock,14400000.0,2900000.0,599900.0,2000.0,1400.0
222,brodywellmaker,Brody Wellmaker,21600000.0,3000000.0,430300.0,3600.0,1000.0
223,jamescharles,James Charles,36900000.0,4200000.0,356400.0,2900.0,1100.0
224,pablitocastilloo,pablitocastilloo,5800000.0,2000000.0,234700.0,1800.0,10800.0
225,jindaouis,Louisa Jindaoui,2000000.0,3400000.0,492200.0,1600.0,1900.0
226,readyfredi,fredi pärs,3200000.0,1600000.0,364000.0,3800.0,6600.0
227,ive.official,IVE.official,3000000.0,2400000.0,355600.0,4100.0,2700.0
228,hannahbahng,hannahbahng,2400000.0,1700000.0,479400.0,5800.0,1300.0
229,realnikocadoavocado,Nikocado Avocado,1700000.0,3400000.0,131000.0,6900.0,6000.0
230,_andrewcurtiss,Andrew Curtis,2800000.0,2000000.0,341900.0,5500.0,2900.0
231,datvilla94,🔥Đạt Villa🔥,6900000.0,2700000.0,192000.0,8600.0,2600.0
232,santiperezvivas,Santi Perez,1800000.0,2500000.0,418300.0,1800.0,3800.0
233,sucss.s,Açucena Guirra,11500000.0,3200000.0,539900.0,2500.0,755.0
234,thalita_karter,thalitaKarter,3900000.0,3400000.0,200200.0,1200.0,6900.0
235,davidcstt_,David Costa,5300000.0,3500000.0,480500.0,1900.0,1400.0
236,strangehumano,nova,10400000.0,3800000.0,400800.0,2400.0,1100.0
237,gregisms,Gregisms’ Neighborhood,2400000.0,1400000.0,235800.0,4300.0,12300.0
238,matheuscllaus,CLAUS,5400000.0,2700000.0,340100.0,2300.0,3700.0
239,halinhofficial,Ha Linh Official,2700000.0,4099999.9999999995,346500.0,2400.0,1400.0
240,kaan.etm,Kaan,3300000.0,1600000.0,411500.0,3400.0,4700.0
241,nicocaponecomedy,nicocapone.comedy,23100000.0,4600000.0,317300.0,1400.0,2300.0
242,aitch12,Aitch,2000000.0,3500000.0,351400.0,2100.0,2300.0
243,kirbyquimado,Kirbyyy,187900.0,2100000.0,274900.0,1500.0,7600.0
244,brycehall,Bryce Hall,22700000.0,4800000.0,497800.0,1500.0,711.0
245,straange_56guuuuy,aikihoruus?,5900.0,1500000.0,276600.0,2200.0,10800.0
246,emillyvickof,Emilly Vick,12100000.0,5400000.0,444800.0,1400.0,799.0
247,datdo0803,Đỗ Đạt,7600000.0,3700000.0,368200.0,2600.0,1100.0
248,darianrojasc,D A R I A NR O J A S,30700000.0,3300000.0,542400.0,2400.0,440.0
249,nicolassturniolo,Nicolas Sturniolo,3300000.0,2500000.0,412100.0,4400.0,582.0
250,ricardogaeta_,Ricardo Gaeta,737800.0,2100000.0,232000.0,4900.0,5300.0
251,giovannibonaccinii_,G I O V A N N I🦋,858300.0,2200000.0,317600.0,3000.0,4100.0
252,girlsgeneration.official,GirlsGeneration,783500.0,2700000.0,355200.0,2900.0,2400.0
253,eupereiraoficial,Eu Pereira,7800000.0,3600000.0,395700.0,1300.0,2100.0
254,sabrinacarpenter,Sabrina Carpenter,12600000.0,3200000.0,346500.0,3300.0,1200.0
255,leymarbrown,Leymar Brown,633900.0,2000000.0,251500.0,2600.0,7100.0
256,ferxxo444,Feid,3500000.0,3100000.0,381700.0,1500.0,2600.0
257,itsqcp,QCP,10800000.0,3900000.0,529100.0,1400.0,948.0
258,tooturnttony,Tooturnttony,17700000.0,3700000.0,355500.0,2600.0,1100.0
259,theodortytb,THEODORT,1500000.0,2600000.0,563300.0,2500.0,773.0
260,drewafualo,Drew Afualo,7700000.0,2000000.0,322100.0,6500.0,977.0
261,xoang_xa,maliha,917600.0,2100000.0,475000.0,2900.0,1800.0
262,runabyte,Runa,949400.0,2100000.0,573200.0,1800.0,2200.0
263,notshanebennett,Shane Bennett,2600000.0,2600000.0,589400.0,1200.0,1900.0
264,shadisrour,Shadi Srour,2200000.0,3200000.0,196400.0,2300.0,5200.0
265,ninonrambaud,Ninon Rambaud,123500.0,4099999.9999999995,441500.0,1500.0,1100.0
266,kyleechoi,Kylee Choi,19800.0,1800000.0,483500.0,3000.0,2300.0
267,eljuandiduque,eljuandiduque,6200000.0,1800000.0,171300.0,1500.0,13400.0
268,minami.0819,🦄💙MINAMI💙🦄,1600000.0,2000000.0,187100.0,9700.0,2400.0
269,raredoodle,rare doodle,1800000.0,3200000.0,370100.0,2400.0,1500.0
270,benyaparimm,BEN YAPARIM ! 🇹🇷,519299.99999999994,3600000.0,186100.0,1500.0,5200.0
271,thehypehouse,The Hype House,21100000.0,3200000.0,441700.0,2700.0,523.0
272,livvy,Olivia Dunne,5900000.0,3100000.0,397900.0,2300.0,1400.0
273,choega,BEDDY,5500000.0,2100000.0,348200.0,4100.0,2000.0
274,cerenyaldz,Ceren Yaldız,9400000.0,4400000.0,184100.0,4800.0,712.0
275,miichaelltran,Michael,6500000.0,2500000.0,442700.0,2300.0,1800.0
276,dunkmvp,DunkMVP,3500000.0,3500000.0,405700.0,1400.0,1800.0
277,jimena.jimenezr,Jimena,24200000.0,3300000.0,521100.0,959.0,1600.0
278,tangozilla,TANGOZILLA,280000.0,2200000.0,467500.0,1300.0,3000.0
279,melfouad,Melfouad,1300000.0,2400000.0,209400.0,2100.0,6600.0
280,t22felton,Tom Felton,10100000.0,2800000.0,303500.0,3100.0,2000.0
281,bu_kre_sabi,Bu Kre Sabi⁉️,472400.0,5100000.0,255200.0,659.0,2600.0
282,lucasvarelaaaa,Lucas varela,2900000.0,2000000.0,282000.0,810.0,6700.0
283,mndiaye_97,mndiaye_97,15100000.0,2200000.0,443700.0,2500.0,1900.0
284,jessechrisss,Jess,3500000.0,8900000.0,471000.0,775.0,223.0
285,n.vv3,ناصر || 🇸🇦 alsubaie,4000000.0,2900000.0,149600.0,2300.0,7400.0
286,tammyhembrow,Tammy Hembrow,1700000.0,3800000.0,429500.0,1300.0,1300.0
287,jackjos3ph,Jack Joseph,3200000.0,2100000.0,323100.0,2500.0,3800.0
288,paulo_victormelo2,Paulo Victor Melo,2200000.0,4700000.0,447900.0,815.0,1200.0
289,phatnail,Lê Đại Phát 🥑,1400000.0,3300000.0,333900.0,3200.0,583.0
290,straykids_japan,straykids_japan,8100000.0,1000000.0,344900.0,7600.0,3900.0
291,fwm.kalebb,Kaleb,1600000.0,2000000.0,306400.0,4500.0,2300.0
292,cookiepuentee,Cookie Puente🍪,686100.0,1400000.0,336800.0,1800.0,6600.0
293,andy.and.michelle,Andy & Michelle,5000000.0,2600000.0,336300.0,1400.0,3400.0
294,elpelaromerook,Gonzalo Romero,1500000.0,1400000.0,161500.0,696.0,17200.0
295,leaelui,Lea Elui,17300000.0,3900000.0,596400.0,654.0,1100.0
296,zeinabharake,Zeinab Harake,14400000.0,3500000.0,492100.0,1700.0,673.0
297,augustogimenez,AugustoGimenez,13500000.0,4099999.9999999995,608800.0,1000.0,605.0
298,thefashioncouple,BUCKS&JANINA,3600000.0,3100000.0,189000.0,6600.0,303.0
299,ria_d3miri,ria_d3miri,3100000.0,2300000.0,270900.0,4900.0,1500.0
300,brittikitty,Brittany & Lily,13500000.0,3100000.0,433300.0,1200.0,1700.0
301,mieayamthebstt,Unaa🍜,16200000.0,3500000.0,275500.0,2500.0,1500.0
302,cryingben,benoftheyear,1600000.0,2000000.0,442000.0,3700.0,764.0
303,keniaos,KeniaOs,15400000.0,2000000.0,341800.0,4100.0,1500.0
304,okunonolife,nono,839700.0,3000000.0,318200.0,1000.0,2900.0
305,camxnie,Cam & Nie,3500000.0,1900000.0,323600.0,1000.0,5300.0
306,loewhaley,Laura,2700000.0,2500000.0,211200.0,1000.0,6100.0
307,vicblends,VicBlends,13200000.0,2700000.0,523900.0,1800.0,836.0
308,meganfitton6,user3892932795857,8700.0,2000000.0,315300.0,1600.0,4400.0
309,renpc_,✨Ren PC✨,4800000.0,1600000.0,339300.0,1600.0,5300.0
310,christophersturniolo,Christopher Sturniolo,2700000.0,1600000.0,361200.0,5000.0,1300.0
311,snoopdogg,Snoop Dogg,23400000.0,3700000.0,168100.0,2700.0,3300.0
312,mdmotivator,Zachery Dereniowski,10700000.0,3000000.0,424900.0,1800.0,1000.0
313,naimdarrechi,Naim Darrechi🏆,28100000.0,2300000.0,228400.0,1100.0,6000.0
314,iamsungstarwin,Sungstarwin,2200000.0,4700000.0,651900.0,653.0,532.0
315,kopke613,kopke613,4000000.0,1600000.0,222100.0,3300.0,6900.0
316,esen_alva,Esen,4400000.0,1600000.0,328200.0,1100.0,5800.0
317,grillervm,GrillerVM,3100000.0,2500000.0,371200.0,1300.0,2600.0
318,jerellware,jerell ware,95800.0,2200000.0,433900.0,1500.0,2300.0
319,jimmydarts,Jimmy Darts,8900000.0,2600000.0,506000.0,2100.0,643.0
320,vienvibi_899,Viên Vibi,7500000.0,4000000.0,375800.0,2000.0,394.0
321,noguidnce,NO GUIDNCE,2200000.0,2200000.0,430600.0,2100.0,1800.0
322,lachama4_ff,LA CHAMA ᴰ,9600000.0,2700000.0,363000.0,3400.0,318.0
323,sonrixs_,Sonrixs,13700000.0,4000000.0,534400.0,1000.0,642.0
324,vincentgiganteee,Vincent Gigante,2300000.0,2100000.0,300900.0,1600.0,3900.0
325,jerofreixas,jerofreixas,1400000.0,1900000.0,184900.0,1400.0,8700.0
326,madamsoniia,Madam Sonia,3600000.0,6400000.0,474600.0,635.0,509.0
327,cznburak,cznburak,63600000.0,4600000.0,228400.0,2300.0,978.0
328,la.maraaa,LA MARA,7300000.0,2900000.0,376900.0,2200.0,904.0
329,louvoresgospelbr,louvoresgospelbr,1300000.0,1900000.0,221300.0,1100.0,6900.0
330,rucenuenda1,Ruce Nuenda,2100000.0,3300000.0,490600.0,1500.0,554.0
331,nourmar5,nourmar5,14600000.0,1800000.0,136900.0,4800.0,8800.0
332,bebopandbebe,BebopandBebe,750400.0,3300000.0,127200.0,7600.0,354.0
333,daniimolalaa,Ladaniuu,499900.0,2400000.0,586500.0,998.0,1300.0
334,jaimeonod,Telma,1800000.0,2000000.0,296100.0,3800.0,1800.0
335,starirawan,ssssttttaaaarrrr,550300.0,1800000.0,177300.0,8600.0,1800.0
336,patriotickenny,patriotickenny,2300000.0,2100000.0,292900.0,2000.0,3300.0
337,xxlechuga,Daniel Lechuga,5300000.0,2200000.0,476100.0,1200.0,1900.0
338,manhtienkhoi_,Mạnh Tiến Khôi 🐯,4600000.0,3000000.0,276400.0,2600.0,1300.0
339,itsjojosiwa,JoJo Siwa,43500000.0,4200000.0,422000.0,1400.0,399.0
340,ajkhiphop,kelil,36500.0,4600000.0,670600.0,686.0,355.0
341,ustazebitlew,Ebit Lew,4099999.9999999995,1900000.0,156300.0,6300.0,4400.0
342,cedricgrolet,Cedric Grolet,1300000.0,3300000.0,251800.0,1100.0,2700.0
343,danythegaggio,Daniele Cabras,3200000.0,2000000.0,217200.0,2300.0,5200.0
344,dylanpage.ning,Dylan Page,3100000.0,1600000.0,239400.0,5400.0,3000.0
345,mastermind_ph,Mastermind PH,2100000.0,2600000.0,273000.0,2100.0,2300.0
346,maluborgesm,MALU BORGES,2900000.0,1900000.0,280400.0,4800.0,1000.0
347,vito.video,Vito 🌍🚴‍♂️,1900000.0,2200000.0,340000.0,2000.0,2200.0
348,frnzlynfby,Feby,3700000.0,1900000.0,361000.0,2600.0,2000.0
349,carolvillanes,Carol Villanes,6300000.0,2000000.0,294700.0,4800.0,467.0
350,mariabecerra_22,Maria Becerra,8300000.000000001,2700000.0,388300.0,2200.0,712.0
351,onerepublic,OneRepublic,691700.0,2800000.0,323000.0,955.0,2500.0
352,ngikuttrendaja,Ahmad Rizki,192800.0,3700000.0,304500.0,1500.0,1200.0
353,flickerspark_,flickerspark_,1200000.0,2100000.0,516799.99999999994,1400.0,1500.0
354,cvsthetico,cvstage,168200.0,2300000.0,313100.0,2500.0,1800.0
355,yahia_x,يحيى الزعبي,2200000.0,4000000.0,189900.0,1000.0,3100.0
356,jennialarcon_,Jenni Alarcon,3100000.0,2000000.0,348400.0,2500.0,1900.0
357,airiiqtieeee,inoue`,53100.0,1800000.0,321300.0,2700.0,2600.0
358,officialsunnydaze,SUNNY DAZE,1600000.0,3100000.0,495300.0,844.0,1200.0
359,los_chicaneros,Los_chicaneros,3700000.0,1900000.0,218200.0,1200.0,6100.0
360,videoschapin,VideosChapin,56000.0,2900000.0,78800.0,2700.0,10600.0
361,wuesilva,Wue Silva,13100000.0,4099999.9999999995,283400.0,1200.0,1400.0
362,ladygaga,ladygaga,7600000.0,1900000.0,247500.0,4400.0,2000.0
363,cx_.q,مصطفى البصراوي 62,3300000.0,3100000.0,254000.0,2300.0,1500.0
364,mitsy270,mitsy,2300000.0,1900000.0,338300.0,2700.0,2100.0
365,ayesebastien,Sebastien,7200000.0,2000000.0,396500.0,2100.0,1800.0
366,karljacobs,Karl,11200000.0,1900000.0,486500.0,2600.0,563.0
367,liltjay,Lil Tjay,5200000.0,1900000.0,291900.0,3900.0,1400.0
368,irenehsuu,Irene,98600.0,1400000.0,401700.0,1300.0,3900.0
369,doctormiguelpadilla,Doctor Miguel,5900000.0,2100000.0,321700.0,1700.0,2600.0
370,jacobday,Jacob Day,5600000.0,1800000.0,296600.0,4400.0,1000.0
371,louflores_,Lou flores,2800000.0,2200000.0,237100.0,842.0,4700.0
372,pakoyaso_,Pakoyaso,12800000.0,3200000.0,282600.0,1200.0,2000.0
373,ella.tchella,Tchella,2000000.0,1600000.0,381600.0,1500.0,3400.0
374,nashvibes,NashVibes Art,3700000.0,4400000.0,365500.0,1300.0,493.0
375,jamesdroz566,jamesdroz5661,103400.0,1900000.0,155400.0,2200.0,7400.0
376,egyptianbeaman,egyptianbeaman,872400.0,2200000.0,80500.0,1700.0,14200.0
377,mattiastanga,Mattia Stanga,2700000.0,1500000.0,213400.0,1400.0,7400.0
378,gorillaz,Gorillaz,2300000.0,1800000.0,340900.0,2800.0,1700.0
379,lonely.moods,:),354500.0,815500.0,214000.0,5400.0,10600.0
380,rayanfahmi,Rayoon,3700000.0,2900000.0,235900.0,2800.0,1200.0
381,melmaia,Mel Maia 🍯,11800000.0,3500000.0,473900.0,988.0,662.0
382,vietduongg_,Viet,161200.0,1200000.0,129699.99999999999,12700.0,4800.0
383,leen_mohd98,LEEN🌸,3800000.0,2900000.0,190100.0,2700.0,2300.0
384,jubiandxian,jubiandxian,5700000.0,2500000.0,396200.0,1800.0,934.0
385,adrianbliss,Adrian Bliss,7300000.0,2300000.0,413300.0,1100.0,1700.0
386,dxddy._.desi,Desiree Montoya❤️,2900000.0,1900000.0,250800.0,4900.0,764.0
387,frankielapenna,Frankie LaPenna,4800000.0,2700000.0,295200.0,1400.0,2000.0
388,xxxten1369,XXXTENTACION,3700000.0,2800000.0,335100.0,1000.0,1800.0
389,softbulletgun97,Tik Toker,1300000.0,2300000.0,188300.0,2200.0,4100.0
390,katiessigmond,katie sigmond,6900000.0,2900000.0,340000.0,1100.0,1600.0
391,nnatalieaguilar,natalie & the aguilars,4900000.0,3400000.0,558800.0,568.0,825.0
392,elchimbatv,EL CHIMBA,3300000.0,3000000.0,285200.0,773.0,2400.0
393,deiveleonardooficial,Deive Leonardo,6100000.0,1300000.0,139300.0,370.0,14200.0
394,vitoou,vito•_•,52400.0,1000000.0,179300.0,3300.0,10900.0
395,twice_tiktok_official,TWICE,17900000.0,1300000.0,325500.0,3700.0,2500.0
396,christilukasiak0,Christilukasiak,2300000.0,2300000.0,369300.0,1800.0,1200.0
397,katiavlogss,KATIAVLOGS🐒,14500000.0,3400000.0,274400.0,2600.0,294.0
398,nhu_y1203,Nguyễn Ngọc Như Ý🐰,690200.0,2600000.0,239800.0,4000.0,205.0
399,jidion,JiDion,4200000.0,1900000.0,412500.0,2000.0,1300.0
400,lifeofsal,Sal,614300.0,2400000.0,166200.0,1200.0,5400.0
401,nikkietutorials,nikkietutorials,6200000.0,3200000.0,498000.0,1100.0,538.0
402,ivanovik.83,ivanovik.1983,172700.0,2300000.0,91500.0,1100.0,11100.0
403,erictro,Eric Tro,4500000.0,5600000.0,547400.0,507.0,330.0
404,virginiafonseca,Virginia,34100000.0,3000000.0,410900.0,1200.0,961.0
405,paigetaylor.s,Paige Taylor,4500000.0,2600000.0,393300.0,1900.0,546.0
406,thecoreyb,Corey B,8800000.0,1500000.0,194200.0,755.0,8300.0
407,carolcastromx,Carol Castro,12700000.0,3400000.0,450000.0,1300.0,379.0
408,ianlucasok,Ian Lucas,4500000.0,2400000.0,262900.0,3300.0,830.0
409,voronina_valeria_,Valeria Voronina,2300000.0,3700000.0,460400.0,1100.0,334.0
410,pacodemiguel,Paco De Miguel,6800000.0,1500000.0,229600.0,1900.0,5400.0
411,joshrichards,Josh Richards,25600000.0,2700000.0,354000.0,1900.0,737.0
412,surasak1437,s ᴜ ʀ ᴀ s ᴀ ᴋ,1100000.0,1800000.0,188500.0,463.0,7000.0
413,com.yuta0305,【コムドット】ゆうた,1200000.0,1700000.0,225600.0,4700.0,1900.0
414,ayutingting,Ayu Ting Ting,7200000.0,2900000.0,239200.0,1500.0,2100.0
415,yahayraosorio,Yahayra Osorio,372600.0,2200000.0,67700.0,1100.0,15700.0
416,tina_042,𝒯𝒾𝓃𝒶,795000.0,1800000.0,314000.0,2000.0,2400.0
417,abosaed49,ابو سعيد,661400.0,2100000.0,169400.0,3100.0,3900.0
418,theestallion,Megan Thee Stallion,12200000.0,2100000.0,277200.0,2300.0,2000.0
419,musdalifahbasrii,Musdalifah Basri,1300000.0,2200000.0,190200.0,3400.0,2600.0
420,haileybieber,Hailey Bieber,9800000.0,3500000.0,342600.0,1200.0,845.0
421,dialaaljazairi,dialaaljazairi,198700.0,4000000.0,113200.0,3100.0,2400.0
422,chihuahuapeaches,Peaches The Chi,295200.0,1500000.0,296700.0,2000.0,3600.0
423,brunocampos,Bruno Campos,5200000.0,5400000.0,360600.0,626.0,619.0
424,isaac.h.p.karaoke.backup,Isaac H.P Karaoke Backup,1600000.0,1300000.0,265600.0,3200.0,3800.0
425,rafaelsantos,Rafael Santos,18500000.0,2500000.0,398200.0,1800.0,645.0
426,happytummy_702,Suzy,731300.0,2200000.0,396700.0,288.0,2500.0
427,gemelasabello2,Gemelas Abello,17900000.0,5000000.0,376200.0,478.0,813.0
428,douhalaribiii,Douha laribii,7700000.0,4099999.9999999995,240400.0,1600.0,823.0
429,itzyofficial,ITZY,9700000.0,1700000.0,314600.0,3000.0,1600.0
430,twinkle.t1ts,rylee,803500.0,3700000.0,281500.0,2000.0,302.0
431,murphslife,Aaron Murphy,5700000.0,1800000.0,279500.0,2800.0,2100.0
432,tai.tl2,tai_tl,832300.0,1900000.0,316900.0,1600.0,2500.0
433,vibin.wit.tay,Tay,4099999.9999999995,1500000.0,295900.0,1200.0,4400.0
434,leleburnier,LELÊ BURNIER,2400000.0,1600000.0,387600.0,2900.0,910.0
435,ae_ay__99,أية الشمري💙🐆,1500000.0,3200000.0,162000.0,1300.0,3200.0
436,maddzak,Maddzak,4900000.0,3300000.0,191000.0,3500.0,227.0
437,nianaguerrero,Niana Guerrero,33200000.000000004,3100000.0,358500.0,1500.0,684.0
438,cardncyn,Carddd,3800000.0,3900000.0,541900.0,801.0,318.0
439,soy_marcela4,Soy_marcela,4500000.0,2100000.0,336600.0,710.0,2600.0
440,cr.limit,YT- CR Limit,40400.0,2800000.0,189800.0,2400.0,1900.0
441,logfive,Logan,2500000.0,2100000.0,313500.0,1200.0,2300.0
442,katie34556,katie65886,67600.0,2200000.0,149100.0,7100.0,122.0
443,hesfinatia,PINAT🍅|| IG: @hesfinatia,8900000.0,4600000.0,434000.0,772.0,377.0
444,samdabaddest,Samaria,312400.0,1500000.0,369800.0,836.0,3300.0
445,palmertrolls,Ben Palmer,3400000.0,2000000.0,327800.0,884.0,2700.0
446,benorsini,Ben Orsini 👑,543800.0,2200000.0,293300.0,2800.0,718.0
447,vzelivx,vzelivx,731300.0,2100000.0,271200.0,2600.0,1300.0
448,cassy.legaspi,CASSY LEGASPI,5800000.0,3700000.0,369700.0,1000.0,590.0
449,kwo.owk,KWOOWK,2600000.0,2000000.0,268200.0,2000.0,2200.0
450,abbieherbert,AbbieHerbert,13800000.0,3700000.0,400700.0,917.0,581.0
451,lyricoo__,ʟʏʀɪᴄᴏᴏ,1200000.0,1300000.0,165700.0,1700.0,8600.0
452,mateus_hwang,Mateus Hwang,1900000.0,1900000.0,136800.0,5800.0,2600.0
453,bswagggy,shaggy,16800.0,1200000.0,294600.0,1300.0,5100.0
454,talalionaire,طلاليونير,905600.0,2900000.0,195100.0,2000.0,1800.0
455,bigweirdworld,bigweirdworld,1500000.0,1100000.0,304200.0,2000.0,4500.0
456,yurielkysojeda,Yurielkys Ojeda 🕷,14800000.0,2200000.0,277300.0,1300.0,2300.0
457,cemresolmaz,cemre solmaz,10400000.0,2000000.0,137000.0,6200.0,1700.0
458,mrwhosetheboss,Arun Maini,1500000.0,3800000.0,447500.0,964.0,300.0
459,kjsmoothh,Kjsmoothh,2500000.0,1800000.0,254400.0,2900.0,1800.0
460,juaniquilador,JuanSGuarnizo,10500000.0,2000000.0,364900.0,1800.0,1100.0
461,itsmenicksmithy,Nick Smithyman 🤓,7900000.0,2200000.0,305500.0,1700.0,1400.0
462,khalidzain124,خالد زين,1700000.0,2600000.0,223900.0,1600.0,2000.0
463,colewherld,colegonzales,5300000.0,2900000.0,277100.0,977.0,1600.0
464,000072mr,La beba,341300.0,2000000.0,283200.0,1200.0,2400.0
465,ksi,KSI,9800000.0,2500000.0,178600.0,4400.0,178.0
466,alexojeda,Alex Ojeda 🇲🇽,8100000.0,2600000.0,272600.0,802.0,2200.0
467,j3ipy_,Jeipy,8199999.999999999,1700000.0,354400.0,2300.0,1100.0
468,louuuyoung,louuuyoung,709700.0,872900.0,137900.0,4400.0,12600.0
469,arafat.buffon,🦅🌑عرفات بوفون🌑🦅,1400000.0,4300000.0,246700.0,460.0,1500.0
470,reem_alsawas,ريم السواس,1900000.0,3900000.0,162300.0,1100.0,2100.0
471,ahmedksontini2,Ahmed Ksontini,643300.0,2100000.0,77000.0,0.0,12600.0
472,mostafa.ashraf14,Mostafa Ashraf,1700000.0,2800000.0,268000.0,1200.0,1500.0
473,arigameplays,AriGameplays,23200000.0,2800000.0,320700.0,1400.0,867.0
474,bela,Bela,8800000.0,2700000.0,390700.0,936.0,982.0
475,senaitalo,italosenaoficial,2600000.0,2100000.0,198800.0,1500.0,3300.0
476,kozuehayashii,Kozue,7000000.0,2600000.0,466200.0,370.0,1300.0
477,elrodcontreras,ROD🫠,41600000.0,2000000.0,254500.0,3500.0,413.0
478,kwechi_,Kwes,377900.0,1600000.0,283300.0,1500.0,2800.0
479,5ifvi,𝙏𝙃𝙀 𝘿𝘼𝙍𝙆 𝙎𝙄𝘿𝙀,1400000.0,2400000.0,199000.0,410.0,3700.0
480,druskitv,DRUSKI,3700000.0,1300000.0,241000.0,1300.0,4900.0
481,dearra,De’arra Taylor,3700000.0,2500000.0,458400.0,792.0,923.0
482,briggi_bozzo,Briggitte Bozzo,23900000.0,5200000.0,361900.0,787.0,245.0
483,flavinhalouise,Flavinhalouise,12200000.0,3200000.0,167700.0,709.0,2800.0
484,pailita.k7k,Pailita,1200000.0,1600000.0,257399.99999999997,2700.0,2100.0
485,itskingchris,KingChristian,17200000.0,1600000.0,299700.0,2800.0,1300.0
486,mikaylanogueira,Mikayla Nogueira,13500000.0,2200000.0,320300.0,2300.0,411.0
487,rdcworld1,Mark Phillips,3100000.0,1000000.0,227600.0,1200.0,6700.0
488,charlieputh,Charlie Puth,19000000.0,2000000.0,324800.0,1900.0,937.0
489,bikedasher,BikeDasher,4300000.0,2500000.0,398000.0,1500.0,407.0
490,jonata_26,Jonata🤩,5900000.0,1900000.0,319600.0,646.0,2500.0
491,devincaherly,Devin Caherly,8500000.0,4000000.0,444900.0,894.0,147.0
492,basementgang,Basement Gang,5700000.0,1400000.0,296000.0,1500.0,2900.0
493,soysaucer,fivar,1000000.0,2000000.0,272800.0,790.0,2700.0
494,abo.zizo,۩♥۩ عائلة ابو زيزو ۩♥۩,4700000.0,3700000.0,225300.0,723.0,1500.0
495,spriteder_spd,Prite Netijen Netirattanapaiboon,4099999.9999999995,3600000.0,434900.0,845.0,334.0
496,ugolord,⚖️ The TikTok Attorney ⚖️,6300000.0,1900000.0,186000.0,4900.0,369.0
497,iamkailan,KAILAN 💚💛,3900000.0,2400000.0,219900.0,1300.0,2200.0
498,lorengray,Loren Gray,54600000.0,3100000.0,358700.0,879.0,761.0
499,daniuniverse,Dani Universe,9700000.0,3100000.0,322000.0,956.0,867.0
500,ser_jay,Hello It’s me SerJay,5300000.0,1400000.0,226200.0,2500.0,3500.0
501,alexwaarren,Alex warren,15500000.0,2400000.0,419800.0,992.0,809.0
502,lkzinhu,LK,17200000.0,2600000.0,306500.0,998.0,1300.0
503,joaoferdnan,João Ferdnan,8100000.0,1700000.0,173500.0,2100.0,4000.0
504,taossenpai,tao's senpai,635700.0,1200000.0,219600.0,1400.0,5300.0
505,isaach.p,Isaac H.P,3100000.0,1400000.0,217200.0,3500.0,2300.0
506,maddy.leah3,Not me,246200.0,2000000.0,196300.0,4300.0,237.0
507,jordanavucetic,jordanavucetic,2800000.0,1100000.0,224200.0,5200.0,2100.0
508,carlevellyn,Carla Evellyn,1700000.0,2000000.0,349600.0,2000.0,572.0
509,chinguamiga,Chingu Amiga,20100000.0,2500000.0,469400.0,1100.0,377.0
510,elpugaa,Puga,9900000.0,2000000.0,220900.0,341.0,3700.0
511,reymbayang,Rey,3400000.0,1300000.0,253000.0,2000.0,3400.0
512,tommyunold,Tommy,11300000.0,2300000.0,317800.0,2200.0,172.0
513,adamw,Adam W,16900000.0,2400000.0,266300.0,915.0,1800.0
514,anna..paull,Anna Paul,5200000.0,2400000.0,424700.0,1300.0,375.0
515,djadelilyes,Ilyes Djadel,390000.0,2100000.0,311800.0,1100.0,1600.0
516,kronnozomberoficial,KronnoZomber,728200.0,1400000.0,289100.0,2100.0,2300.0
517,outtpig,OuttPig,2100000.0,1500000.0,341000.0,1600.0,1700.0
518,rosssmith,Ross Smith,22900000.0,1500000.0,156100.0,927.0,6300.0
519,glencachysaraofficial,glenca chysara,8100000.0,4500000.0,212300.0,1300.0,522.0
520,pumatheweirdo,Cat Puma,2400000.0,1500000.0,183000.0,722.0,5500.0
521,twinsjne,Twinsjne 🍓,1100000.0,2400000.0,486900.0,783.0,665.0
522,andcarli,Andcarli,11700000.0,6300000.0,212200.0,684.0,578.0
523,mclivinho,Mc Livinho,4000000.0,2200000.0,312200.0,1400.0,1000.0
524,mrmilothechonk,Erika and Milo,2100000.0,1500000.0,313600.0,1300.0,2200.0
525,kimmigneault,Kim Migneault,7100000.0,3100000.0,358700.0,539.0,971.0
526,unnecessaryinventions,Unnecessary Inventions,5300000.0,2400000.0,377900.0,1400.0,451.0
527,hunterprosper,Hunter Prosper,5100000.0,1700000.0,320800.0,1000.0,2100.0
528,bulochkapelmen,BULOCHKA🇨🇳🇺🇦,3000000.0,2900000.0,184800.0,1900.0,1200.0
529,louka__m,Louka,2500000.0,1900000.0,354300.0,1200.0,1400.0
530,folz.aa,folz.a,1200000.0,1100000.0,192300.0,1800.0,6000.0
531,iloveyourmomscatt,,8200.0,1300000.0,159300.0,4900.0,3300.0
532,austinandlexi,⚡️Austin & Lexi 💥,4000000.0,1800000.0,332600.0,1100.0,1700.0
533,lehvideira,Lethicia Videira,7800000.0,903600.0,145100.0,1700.0,10800.0
534,nathalieholscher14,Nathalie Holscher,7200000.0,3500000.0,295700.0,936.0,647.0
535,sa_h700,صالح السبير✨,417400.0,2000000.0,201700.0,1600.0,2500.0
536,ayanakamachi,中町綾,1500000.0,3000000.0,204200.0,1100.0,1600.0
537,sebasmorenooo,Sebastian Moreno 📸,5100000.0,3300000.0,293700.0,1400.0,300.0
538,larrayeeee,LARRAY,26300000.0,2000000.0,351200.0,2000.0,364.0
539,le_general_416,tonton G 🇫🇷,2300000.0,4700000.0,214700.0,762.0,847.0
540,everett,Everett Noble,10000000.0,1900000.0,441400.0,768.0,1200.0
541,mcsilsiloficial,@mcsilsiloficial,7200000.0,1600000.0,123300.0,2500.0,6000.0
542,alezha.obukhov,Алежа Обухов,1300000.0,2600000.0,309200.0,1100.0,851.0
543,dermdoctor,DermDoctor | Dr. Shah,16600000.000000002,3500000.0,248600.0,1000.0,826.0
544,abbycasselberry,Abby Casselberry,1900000.0,1800000.0,348300.0,1000.0,1600.0
545,annapep3,ANNA,1000000.0,1700000.0,337100.0,1300.0,1500.0
546,fabru_blacutt,Fabru,18100000.0,2200000.0,242900.0,2400.0,562.0
547,songsforlittles,Ms Rachel,1100000.0,2600000.0,187500.0,1600.0,1700.0
548,marktilbury,Mark Tilbury - YouTuber & CEO,7200000.0,2300000.0,224500.0,620.0,2400.0
549,georainbolt,georainbolt,1200000.0,1500000.0,247100.0,2000.0,2300.0
550,navacarlosss,Carlos Navarro 🥇,131300.0,1700000.0,98800.0,353.0,8900.0
551,lagranjadelborrego,La granja del borrego,11100000.0,3000000.0,349900.0,919.0,581.0
552,morimura,MoriMura🍕,8400000.0,1500000.0,315400.0,1500.0,1800.0
553,oliviadearlove2,olivia-2002,17400.0,3000000.0,175900.0,1600.0,1300.0
554,eltonjohn,Elton John,2100000.0,2800000.0,66800.0,2000.0,6200.0
555,conormaynard,Conor Maynard,6800000.0,1700000.0,160400.0,2500.0,3100.0
556,duncanyounot,Duncan Joseph,4300000.0,1400000.0,366500.0,1300.0,1700.0
557,jrizzyjeremy,jrizzyjeremy,69100.0,3100000.0,225200.0,768.0,1400.0
558,ahmadmahroom99,Ahmad Mahroom,1300000.0,3300000.0,143500.0,923.0,2300.0
559,avascreams,ava,705000.0,1200000.0,372600.0,2800.0,639.0
560,erijasjas,Jasel,597900.0,1800000.0,385500.0,685.0,1500.0
561,artistliilz_,Liilz 🚀,342600.0,1600000.0,240000.0,2900.0,973.0
562,willian99music,ᴡ 99 ᴍ ☊,720300.0,1600000.0,143500.0,188.0,6300.0
563,cauamacedo,Cauã Macedo,11400000.0,1600000.0,231000.0,2900.0,1100.0
564,sabrenorris,Sabre Norris,3600000.0,1800000.0,186900.0,4100.0,329.0
565,youshi_maru,ゆうしまる,83600.0,1900000.0,145200.0,1100.0,4400.0
566,mdrr05,👻مروان ٱلبآتني🇩🇿,3000000.0,3000000.0,112600.0,1400.0,2900.0
567,deandreee,DeAndre,1900000.0,1900000.0,315100.0,826.0,1600.0
568,werenotreallystrangers,WNRS,4400000.0,1700000.0,329500.0,1500.0,1200.0
569,poki,pokimane,6300000.0,2300000.0,234800.0,2100.0,667.0
570,zbor0vska,Zborovska,1100000.0,1900000.0,288900.0,1400.0,1300.0
571,7odzz,7oda Eino🔥😵,4500000.0,2200000.0,162700.0,1600.0,2500.0
572,roportajadam,Mahsun Karaca,1100000.0,2100000.0,125400.0,411.0,5100.0
573,nadirdearabier,Nadirdearabier,1100000.0,2100000.0,185100.0,3000.0,694.0
574,aydenmekus,AYDEN MEKUS,11500000.0,2100000.0,204700.0,2900.0,491.0
575,thegnshow,The Graham Norton Show,1700000.0,2900000.0,287800.0,421.0,1300.0
576,ladydianka,LADY BUNNY🐰,9100000.0,1500000.0,189900.0,3400.0,1600.0
577,skuratof,Anton Skuratov,623200.0,1800000.0,151300.0,793.0,4400.0
578,saray.____,Saray,67900.0,1400000.0,85600.0,2700.0,9400.0
579,kieram.litchfield,Kieram Litchfield,2200000.0,1400000.0,190800.0,2600.0,2800.0
580,laurence_benson,Laurence Benson,2100000.0,2900000.0,293000.0,1400.0,240.0
581,mohamed.hesham.official,محمد هشام,563500.0,1500000.0,43700.0,380.0,21100.0
582,jaywheeler,Jay Wheeler,5400000.0,1600000.0,249800.0,856.0,2700.0
583,itsmatheuscosta,Matheus Costa,5000000.0,1400000.0,205800.0,2000.0,2800.0
584,soanhvadiephihi,Soanh x Diệp,3100000.0,3100000.0,328400.0,864.0,533.0
585,roadrunnerpete,Pete 1k,72200.0,926400.0,151600.0,2000.0,8000.0
586,danivallem,Dani Valle,4800000.0,1200000.0,86300.0,963.0,12400.0
587,com.hyuga1117,【コムドット】 ひゅうが,1100000.0,1500000.0,165800.0,4700.0,993.0
588,jasonderulo,Jason Derulo,53000000.0,6800000.0,186900.0,887.0,194.0
589,bilalfadilii,Bilal Fadili,1300000.0,1600000.0,190500.0,2000.0,2600.0
590,mandrake1984real,Giuseppe Mandrake Ninno,1300000.0,1400000.0,170300.0,891.0,4900.0
591,kerri_okie,Kerri,3100000.0,1100000.0,137300.0,4800.0,4300.0
592,championsleague,Champions League,16000000.0,2300000.0,293500.0,823.0,1200.0
593,luvjunior14,j ❤️,560300.0,1600000.0,432800.0,1400.0,610.0
594,sallyalawady1,Sally Alawady,4099999.9999999995,3400000.0,187800.0,1700.0,446.0
595,felipenpv,Felipe Paiva,3500000.0,1700000.0,259600.00000000003,1800.0,1300.0
596,neitor.exe,Neitor,2900000.0,2000000.0,307800.0,1600.0,709.0
597,camilo,Camilo,28800000.0,2400000.0,275900.0,567.0,1500.0
598,thelondoncharles,London Charles,6000000.0,1700000.0,374900.0,1400.0,751.0
599,keemokazi,KEEMOKAZI,30100000.0,2800000.0,351900.0,1100.0,258.0
600,frantastiktok,Fran Carneros,1500000.0,2100000.0,458400.0,587.0,807.0
601,elissadeheart,Elissa DeHeart,2300000.0,2000000.0,292400.0,974.0,1300.0
602,soulzang,نظام,293500.0,796600.0,218300.0,2000.0,5700.0
603,sweeettails,SweeetTails,2800000.0,1400000.0,164400.0,828.0,5000.0
604,kane,kane,3200000.0,1800000.0,221800.0,1300.0,2000.0
605,dreamlifex0,🧚 ✨Dream life✨,569200.0,1200000.0,134100.0,5300.0,2700.0
606,omahi.tiktok,OMAHI,14700000.0,3500000.0,391900.0,777.0,188.0
607,tsezy,Tommy,4800000.0,2000000.0,253500.0,1900.0,735.0
608,albertinasacaca1,Albertina Sacaca Cal,6500000.0,2600000.0,241700.0,1600.0,505.0
609,brilionaire,model kentang🍟,4400000.0,2200000.0,229400.0,612.0,2000.0
610,wigofellas,wigofellas,34400000.0,2600000.0,158900.0,1900.0,1200.0
611,_.anime.edits_0,video,97000.0,1700000.0,75600.0,1500.0,8700.0
612,christianfabiannn,Christian Fabian,13400000.0,2200000.0,311900.0,1800.0,130.0
613,gzfoodqood,Foodqood by Giallozafferano,18500000.0,4300000.0,213300.0,412.0,1000.0
614,thephysicshouse,The Physics House,592400.0,1800000.0,307700.0,1900.0,507.0
615,benedictpolizzi,benedict polizzi,2000000.0,3600000.0,360200.0,230.0,775.0
616,main_and_aseel,Main & Aseel,1300000.0,3000000.0,178100.0,1400.0,1100.0
617,ahmedhelmy,Ahmed Helmy,7000000.0,2600000.0,184400.0,952.0,1800.0
618,analisseworld,Analisseworld,10400000.0,1900000.0,358600.0,652.0,1300.0
619,zoecolletti,Zoe Colletti,2200000.0,1800000.0,209700.0,3000.0,429.0
620,k4554ndr4,kassandra 🪐,978000.0,1000000.0,280400.0,1800.0,2700.0
621,kenchanachaisit,Ken Chanachai,405800.0,2000000.0,184600.0,1400.0,2100.0
622,sidaivan,sdvn,89800.0,2300000.0,149900.0,2200.0,1500.0
623,mrcaqui,Facundo Izquierdo,6800000.0,978000.0,264500.0,833.0,4100.0
624,rubxnillo,Rubenillo,508100.0,3800000.0,279000.0,282.0,925.0
625,com.yamato0515,【コムドット】やまと,1900000.0,1200000.0,176400.0,4300.0,1700.0
626,brentfordfc,Brentford FC,1200000.0,1900000.0,252300.0,1600.0,1100.0
627,dede_harlan_,Dede Harlan,295600.0,957700.0,228100.0,1900.0,3800.0
628,yurinya1128,ゆりにゃ,647300.0,2300000.0,162300.0,2500.0,787.0
629,hannahkelekacook,Hannah & Regal,3300000.0,1700000.0,231800.0,2700.0,444.0
630,marilynl19,user1692838440296,995200.0,1100000.0,162300.0,4400.0,2500.0
631,dixiedamelio,dixie,57400000.0,2400000.0,220500.0,1900.0,424.0
632,somi_official_,JEON SOMI,7000000.0,1500000.0,329600.0,2000.0,496.0
633,leanbeefpatty,Patty,5800000.0,1800000.0,277700.0,1500.0,1000.0
634,viki_tory88,Вика & Женя,310600.0,1900000.0,48800.0,208.0,12900.0
635,jakekrantz,Jake Krantz,2200000.0,1300000.0,261899.99999999997,701.0,3000.0
636,momonatamada,Momona Tamada,4400000.0,1700000.0,359300.0,1800.0,279.0
637,bankkamo46_,bankkamo46_🦖,1300000.0,1500000.0,204700.0,1100.0,3000.0
638,surthycooks,Surthany hejeij,9500000.0,2500000.0,273600.0,1400.0,353.0
639,sofiaespanha,sofia espanha,4600000.0,1900000.0,284800.0,1300.0,996.0
640,waspycraft1,Waspycraft,194400.0,2300000.0,188600.0,922.0,1900.0
641,michou_yt,Michou,7400000.0,2400000.0,266700.0,1500.0,341.0
642,rachsullivan__,Rach Sullivan,1500000.0,2000000.0,370200.0,739.0,927.0
643,piperrockelle,♥️Piper Rockelle♠️,10400000.0,1900000.0,158400.0,3600.0,543.0
644,elmercanchi,Que chimba sog,1800000.0,1900000.0,138200.0,691.0,3900.0
645,danielzencon,Daniel Zenteno Const,36600.0,1200000.0,174300.0,1100.0,4600.0
646,dennysumargoreal,DENNY SUMARGO,3300000.0,3500000.0,187200.0,1400.0,386.0
647,jakeandrich,Jake Andrich / Jakipz,14600000.0,2100000.0,164200.0,1600.0,1900.0
648,andreluizframbach,André Luiz Frambach,1400000.0,3600000.0,216200.0,285.0,1300.0
649,6666pd,666,285700.0,924500.0,153300.0,422.0,7900.0
650,skaijackson,Skai Jackson 🥰,20100000.0,2100000.0,441500.0,899.0,372.0
651,nickrowedder,Nicoly Amanda Rowedder,457700.0,1000000.0,264300.0,1700.0,2700.0
652,esneni,Stefano Da Cunha,4400000.0,1400000.0,283100.0,2500.0,477.0
653,bellafoodie,Julie & Bella,4200000.0,2400000.0,313700.0,474.0,1100.0
654,guywithamoviecamera,reece,981500.0,1400000.0,329000.0,1100.0,1400.0
655,chocopla_osada,チョコレートプラネット長田(オサダ),688400.0,2300000.0,107900.0,977.0,3800.0
656,jaydafnwayda,JAYDA WAYDA,3700000.0,1600000.0,230700.0,1000.0,2200.0
657,abusrwal1996,abusrwal1996,1400000.0,1700000.0,190600.0,2100.0,1400.0
658,luara,Luara,22600000.0,2700000.0,185900.0,1900.0,403.0
659,cesarpantoja.n,Cesar Pantoja,14000000.0,2200000.0,347100.0,1200.0,283.0
660,islasvlogs_,Islas Vlogs,2400000.0,2900000.0,313700.0,842.0,416.0
661,postmalone,Post Malone,12800000.0,1900000.0,176000.0,1400.0,2000.0
662,ana_eusse,Ana Maria,13300000.0,3000000.0,392200.0,825.0,141.0
663,jeromepolin98,Jerome Polin,4700000.0,1500000.0,231100.0,2400.0,924.0
664,good.boy.ollie,Good Boy Ollie,4200000.0,997600.0,250300.0,1400.0,3200.0
665,huntersolo,Hunter,2400000.0,2600000.0,399400.0,709.0,383.0
666,frigerrr,Friger,828600.0,1300000.0,327900.0,1100.0,1500.0
667,trungruoi93,Trung Ruồi,2100000.0,3700000.0,112600.0,639.0,2100.0
668,riyukabunga,RiyukaBunga,2900000.0,1900000.0,132400.0,2300.0,2300.0
669,nildachiaraviglio,NildaChiaraviglio,1000000.0,1500000.0,78900.0,478.0,9400.0
670,dina_kalanta,Dina_Kalanta,2500000.0,3100000.0,243200.0,1200.0,341.0
671,foodtimecali,Juan C | RECETAS FOODTIME,4500000.0,1500000.0,120100.0,250.0,6000.0
672,magalligjimenez,AvaSkyeStrong,952000.0,2800000.0,136900.0,2300.0,717.0
673,braceletsbyk_,kp crafts sf,274100.0,1700000.0,226100.0,1100.0,1800.0
674,manja_faiez,Manja,1100000.0,2300000.0,142700.0,1100.0,2300.0
675,firmanskd,𝙆𝙊𝘾𝘼𝙉,2800000.0,1400000.0,144500.0,397.0,5100.0
676,joe.bartolozzi,Joe Bartolozzi,19800000.0,1800000.0,293300.0,1800.0,379.0
677,itsniane,niane,1700000.0,1100000.0,128900.0,2000.0,5900.0
678,melon.n.finn,Melon and Finn,1500000.0,1000000.0,213900.0,1900.0,3300.0
679,khairulaming,Khairulaming,2000000.0,1700000.0,248500.0,1200.0,1400.0
680,dudamaryah,dudamaryah,5900000.0,2000000.0,284600.0,701.0,1300.0
681,andresgjohnson,Andres Johnson256,4099999.9999999995,1100000.0,186400.0,935.0,4500.0
682,luongthingocha,Ngân Hà🍌,6000000.0,2400000.0,286100.0,1400.0,226.0
683,gergomezzz,Ger Gomez,1700000.0,1100000.0,210300.0,1300.0,3300.0
684,dilanjaniyar_2,Emang Dilan namanya,2600000.0,1900000.0,228500.0,1900.0,603.0
685,raulbazanm,RAUL,5700000.0,2200000.0,184000.0,964.0,1800.0
686,tabithaswatosh,Tabs,12500000.0,2300000.0,362200.0,1100.0,203.0
687,iniganta,Ganta,986800.0,1300000.0,160700.0,3300.0,1900.0
688,herranwalt,Herr Anwalt,5700000.0,1400000.0,177700.0,2600.0,1800.0
689,kreebinnear,Bree Kinnear,58400.0,1800000.0,307100.0,819.0,1200.0
690,iamgeraldhuston,Gerald Huston,1700000.0,1500000.0,261399.99999999997,1300.0,1600.0
691,loayramadan10,🔥لؤي رمضان🔥,1100000.0,2800000.0,190500.0,760.0,1300.0
692,madisonbeer,Madison Beer,17900000.0,1200000.0,224400.0,2700.0,1300.0
693,...anddy_,ANDDY 🐺🌙,1100000.0,937100.0,141900.0,7300.0,792.0
694,meqs,Minecraft,2700000.0,3100000.0,136000.0,1100.0,1500.0
695,charlotteless,charlotte,1200000.0,2400000.0,226200.0,544.0,1500.0
696,cristobalsoria,Cristóbal Soria,720400.0,1100000.0,111400.0,3800.0,4900.0
697,hisoyvaleria,valeria 🖤,8500000.0,1400000.0,189000.0,1000.0,3000.0
698,bennyvelour,Benny Velour,326600.0,786500.0,184400.0,2500.0,4900.0
699,carlosferiag,Carlos Feria,40100000.0,2500000.0,203700.0,1900.0,163.0
700,pkcreedon,Pk514,200400.0,1400000.0,235400.0,1400.0,1800.0
701,loganlisle,Logan Lisle,1800000.0,1700000.0,78200.0,315.0,7800.0
702,sunnyjutt1296,SunNy Jutt,2200000.0,2000000.0,204500.0,1400.0,1200.0
703,mealsbymitch,Mitch 🥘,1000000.0,1700000.0,95400.0,951.0,5400.0
704,patinscascavel,Vanessa Patins,3500000.0,878300.0,62400.0,295.0,18800.0
705,son_dan,Trường Sơn,1400000.0,3700000.0,185100.0,670.0,841.0
706,zane,zane,6400000.0,2000000.0,323800.0,775.0,863.0
707,didiwinx,Didi,5200000.0,2000000.0,289700.0,1300.0,575.0
708,rank.ali,رنك | Rnk,571500.0,3100000.0,144400.0,1700.0,630.0
709,farhakhalidi,Farha Khalidi,1700000.0,2200000.0,202600.0,1400.0,880.0
710,oli_natu,Oli Natu,10100000.0,2200000.0,305300.0,749.0,777.0
711,fedez,fedez,5800000.0,1300000.0,229000.0,1400.0,2000.0
712,wei__official,위아이(WEi),1400000.0,959500.0,229600.0,2800.0,1900.0
713,xuxameneghel,Xuxa,684500.0,2300000.0,177200.0,1800.0,716.0
714,jzgarcia,Jz Garcia,1800000.0,969200.0,233900.0,1000.0,3500.0
715,blkk.1,BLK,470500.0,1600000.0,237200.0,1100.0,1600.0
716,kodasteven,Steven🇵🇷,6000000.0,1500000.0,330100.0,1300.0,785.0
717,sampepper,Sam Pepper,4200000.0,3100000.0,227000.0,799.0,642.0
718,tifannylm,⚡️TEF,8700000.0,2800000.0,355600.0,816.0,222.0
719,maithana9er,Maithana9er,2100000.0,2500000.0,96000.0,2700.0,1700.0
720,carrydisini,Carry Disini,3300000.0,3100000.0,274100.0,518.0,694.0
721,lockedinout,Lockedinout,5100000.0,1600000.0,210400.0,883.0,2100.0
722,pipepunk,Pipepunk,1500000.0,951400.0,235200.0,962.0,3500.0
723,rapaellcug,jaeja,868700.0,923100.0,194600.0,2400.0,3200.0
724,michaeloftiktok,michaeloftiktok,1000000.0,1400000.0,186000.0,1400.0,2500.0
725,mrnigelng,Nigel Ng (Uncle Roger),5300000.0,2100000.0,251200.0,621.0,1300.0
726,6footkillaa,6footkillaa,952700.0,1600000.0,257200.0,1800.0,588.0
727,haijoel,Haijoel,736300.0,4000000.0,192200.0,1100.0,231.0
728,esnyrrr,Esnyr,5400000.0,1600000.0,289600.0,778.0,1400.0
729,hairupkneesdownh0e,Ava Soto .,222400.0,1200000.0,170000.0,3900.0,946.0
730,morganveraa,Morgan Vera,5700000.0,2000000.0,238000.0,1000.0,1100.0
731,laurahfritz,laura & lena,2700000.0,1300000.0,254100.0,1100.0,1900.0
732,jdiasss_,João Dias,7800000.0,1300000.0,265400.0,1800.0,1200.0
733,greatekyroga,u can call me sasha,1100000.0,1100000.0,320300.0,1900.0,1000.0
734,jomaryee,Jomar Yee,9000000.0,2300000.0,226700.0,1300.0,626.0
735,kikakiim,Kika Kim,31700000.0,1900000.0,220000.0,1700.0,646.0
736,pepperonimuffin,Kirsten Titus,7900000.0,2200000.0,433500.0,809.0,225.0
737,shayvise,Shayvise,3600000.0,2100000.0,412800.0,774.0,361.0
738,thejoeyswoll,Joey Swoll,5300000.0,1700000.0,240800.0,2200.0,322.0
739,kieuduylong16,Kiều Duy Long 🦖,2400000.0,2500000.0,243900.0,1400.0,220.0
740,sajads111,سجاد سلمان,1500000.0,2000000.0,71200.0,1100.0,6000.0
741,bobbialthoff,Bobbi,3500000.0,2900000.0,207400.0,477.0,1100.0
742,josefineholum,Josefine👩🏽‍⚕️,1100000.0,1500000.0,221300.0,1400.0,1500.0
743,lyodrabeneran,Lyodra Ginting,1600000.0,2200000.0,172500.0,1400.0,1100.0
744,armando_netto,Armando Netto,4800000.0,2100000.0,226100.0,1900.0,225.0
745,rachaeloneil,Rachael O'Neil,1000000.0,2000000.0,144000.0,1600.0,1800.0
746,andremastijan,andre,786700.0,1200000.0,111500.0,876.0,6200.0
747,pamibabyy,pami ♡,7200000.0,1700000.0,288900.0,679.0,1300.0
748,xawado,اوادو / awado  🦎,1200000.0,1700000.0,137500.0,1900.0,2300.0
749,annafontanela,Anna Fontanela,3900000.0,2100000.0,313400.0,1200.0,292.0
750,aragonclyrics,@aragonclyrics,1400000.0,1300000.0,94400.0,96.0,7700.0
751,jadepicon,JADE PICON 🌪,8800000.0,2000000.0,311100.0,967.0,567.0
752,simpforatispaul,Mikaela Testa,2700000.0,2100000.0,355100.0,853.0,423.0
753,legendasmania,Legendas Mania,767900.0,1100000.0,135100.0,231.0,6200.0
754,philiptanasas,philiptanasas,9300000.0,2200000.0,252900.0,1100.0,610.0
755,zainah.mb,Zainah & Minnie,1200000.0,1000000.0,208100.0,1100.0,3200.0
756,ffrangomez,Fran Gómez,1500000.0,1400000.0,253400.0,349.0,2300.0
757,sibenitoo,SiBenitoo,5600000.0,2500000.0,185700.0,1500.0,598.0
758,benazelart,Ben Azelart,15700000.0,2600000.0,221600.0,1200.0,452.0
759,lgndfrvr,LGNDFRVR,17000000.0,1600000.0,200500.0,1100.0,1800.0
760,worldofxtra,Stan Fukase,806200.0,943600.0,290600.0,1400.0,2000.0
761,so.077,سوم,419500.0,1800000.0,119100.0,2700.0,1800.0
762,ehgml._.16,김도찌,400700.0,1400000.0,273500.0,1200.0,1300.0
763,kelvinsabinoof,KelvinSabino🌵,1500000.0,1000000.0,156800.0,2700.0,3200.0
764,bradley.thor,Thoren Bradley,5700000.0,1300000.0,142400.0,1800.0,3200.0
765,anxietycouple,Anxiety couple,12200000.0,2400000.0,271000.0,893.0,526.0
766,alostrich,Matt Mitchell,1000000.0,1100000.0,134300.0,1000.0,5100.0
767,goharsguide,Gohar Khan,2100000.0,2000000.0,306000.0,724.0,779.0
768,viliacarl,Vilia Carl,4099999.9999999995,2800000.0,243100.0,881.0,470.0
769,riaricis,Ria Ricis,28600000.0,2300000.0,242700.0,764.0,878.0
770,k0uvr,Kouvr,13600000.0,2700000.0,422500.0,562.0,240.0
771,jorgitoparrillero,Jorgito Parrillero,1400000.0,1500000.0,99500.0,333.0,6000.0
772,mell_editz0,鬼 • 𝐆 𝐎 𝐉 𝐎,480500.0,1500000.0,229900.0,1500.0,1100.0
773,homemdehonra,Homem De Honra,79300.0,944300.0,37700.0,710.0,25000.0
774,claragnds,Maria Clara Garcia,18600000.0,1900000.0,191800.0,1800.0,648.0
775,jakepaul,Jake Paul,16700000.0,1500000.0,156400.0,2300.0,1600.0
776,albert_cancook,albert_cancook,8100000.0,2400000.0,265200.0,829.0,624.0
777,soapinmymouthoncemore,tedwards,5100.0,943300.0,189600.0,1900.0,3100.0
778,cirowhites1.0,CiroWhites,2300000.0,1700000.0,301700.0,908.0,895.0
779,theshabakitchen,The Shaba Kitchen,2100000.0,1300000.0,114100.0,1800.0,4300.0
780,rubiaramallho,Rubia Ramallho,2700000.0,2100000.0,156400.0,613.0,2100.0
781,bessan_esmail,بيسان اسماعيل - Bessan Ismail,11300000.0,2100000.0,160500.0,1400.0,1300.0
782,ypk.raye,ypk.raye,4000000.0,1800000.0,332500.0,890.0,642.0
783,edlyninbatangas,Boss Edlyn,925000.0,2300000.0,175000.0,558.0,1700.0
784,armandogreiser,Armando Greiser,52400.0,621400.0,112500.0,1300.0,11400.0
785,internet.elise,elise,522900.0,926900.0,206500.0,597.0,4000.0
786,ikercasillas,Iker Casillas,2700000.0,1600000.0,191800.0,2100.0,783.0
787,rizwanfadilah.a.s,Njan 🙈,1600000.0,1000000.0,205200.0,2200.0,2100.0
788,bigdaddydmurph,Big Daddy Little Laur,1300000.0,1900000.0,125100.0,1400.0,2400.0
789,fukada0318,深田えいみ,4900000.0,2600000.0,164000.0,1300.0,751.0
790,coleandersonj,Cole Anderson James,1800000.0,1400000.0,262100.00000000003,1100.0,1200.0
791,moneybagyo85,YouTube king von 1,55100.0,4400000.0,216100.0,680.0,244.0
792,luisonfelix2,Luis Felix,395400.0,2300000.0,99500.0,1100.0,2800.0
793,davidgetial,deivis,14800000.0,1900000.0,322500.0,1100.0,291.0
794,jezzzini,JEZZINI,2500000.0,856400.0,239000.0,1100.0,3200.0
795,sherinicolee,sheri,14300000.0,2800000.0,263200.0,1100.0,103.0
796,fujiiian,Fuji,16300000.0,2200000.0,221600.0,1100.0,681.0
797,anardreams,ANAR DREAMS 💎💰,15900000.0,3000000.0,131100.0,1900.0,376.0
798,1_alkaisr_1,🔱🌹القيصر🌹🔱,12100000.0,1900000.0,182100.0,690.0,1800.0
799,joslum,José L,13400000.0,2300000.0,364900.0,779.0,252.0
800,erabii,Mohanaderabii,1400000.0,2100000.0,132800.0,1400.0,1700.0
801,ycn.benz,👑𝖄𝕬𝕮𝕴𝕹𝕰👑,132100.0,1300000.0,44000.0,849.0,14800.0
802,conradovillagra,ᴄᴏɴʀᴀ,10900000.0,3200000.0,260399.99999999997,864.0,167.0
803,haniaheheofficiall,Hania Aamir,1300000.0,2000000.0,190900.0,1800.0,432.0
804,julesleblanc,jules,18800000.0,2200000.0,322500.0,952.0,270.0
805,real_animasinopal,Animasinopal,1800000.0,2900000.0,277700.0,451.0,619.0
806,vivinovikaa,Vivi🧸,999100.0,1600000.0,197900.0,1700.0,945.0
807,erikatitus,Erika,3300000.0,1600000.0,329700.0,1100.0,525.0
808,_amanndaraujo,Amanda Araújo,4300000.0,3500000.0,172600.0,997.0,400.0
809,tuankiet.2000,Kiệt Hà Tịnh,4600000.0,2900000.0,216500.0,1100.0,268.0
810,madelineargy,madz,2300000.0,1500000.0,337700.0,1100.0,581.0
811,melon.228,Melon nè !,1900000.0,2400000.0,185600.0,1000.0,868.0
812,joelsvnny,Joel Sunny,1400000.0,1100000.0,208300.0,2300.0,1300.0
813,theandrewschulz,Andrew Schulz,4099999.9999999995,1400000.0,192900.0,613.0,2600.0
814,littlebubbychild,Little Bubby Child,356200.0,853500.0,65500.0,1500.0,13400.0
815,jeonifty,🐰,250000.0,800400.0,235700.0,1200.0,3200.0
816,annaxsitar,anna x,12000000.0,2600000.0,372800.0,417.0,442.0
817,agustinlocutor,agustinlocutor,1800000.0,1600000.0,100000.0,986.0,4200.0
818,meosimmyyt,Mèo Simmy,4600000.0,1100000.0,137100.0,4700.0,626.0
819,bryceheemjames,Bryce😈,834600.0,1400000.0,237600.0,1800.0,688.0
820,c4tluvr666,Kennedy Walsh,2600000.0,1600000.0,312600.0,934.0,765.0
821,losariasbrothers,Los Arias,1600000.0,1600000.0,241400.0,476.0,1600.0
822,stainedhands,Devyn,1600000.0,1600000.0,335300.0,359.0,1200.0
823,romanlolo,Roman,2600000.0,1900000.0,170400.0,2000.0,579.0
824,slayeas,Léa Martinez,3900000.0,1800000.0,239700.0,837.0,1100.0
825,mo_vlogs,movlogs,3300000.0,4900000.0,189600.0,577.0,300.0
826,volvydooya,柊Volvy,1300000.0,1100000.0,233100.0,1200.0,2000.0
827,simoneberlini,SIMONE BERLINI,6100000.0,1600000.0,259800.0,868.0,1100.0
828,aileenchristineee,Aileenchristineee,5800000.0,1400000.0,224100.0,681.0,1900.0
829,funny_v.i.p,funny_v.i.p,9500000.0,1600000.0,196500.0,476.0,2100.0
830,barbaracoura,Bárbara Coura,9500000.0,1400000.0,295700.0,1000.0,922.0
831,nada_m7amed,دودا🦹🏻🤍,6400000.0,1800000.0,190800.0,812.0,1500.0
832,yesimresmi1,~YEŞİM,17100000.0,3500000.0,122500.0,1100.0,765.0
833,hjevelyn,Evelyn Ha,2800000.0,1100000.0,245900.0,2400.0,661.0
834,wubzzy69,William,1500000.0,911900.0,194800.0,1700.0,2700.0
835,onlyjayus,actuallyitsbella,18200000.0,1600000.0,237400.0,1600.0,503.0
836,nyx.lynnx,Nyx,202600.0,1600000.0,155500.0,1800.0,1400.0
837,dhddecor,Design House Decor,76500.0,1100000.0,141100.0,574.0,4400.0
838,shoelover99,ophelia 🦋,8900000.0,1000000.0,169200.0,4200.0,481.0
839,alzoubinadia,Nadia Al-zou'bi,5500000.0,1500000.0,75900.0,738.0,6200.0
840,emilwarren1,Emil Warren,851500.0,1200000.0,211300.0,2600.0,617.0
841,clmnsbrock,CLMNS BROCK,1600000.0,1400000.0,152800.0,532.0,3300.0
842,alxjames,Alx James,2200000.0,896700.0,152800.0,899.0,4800.0
843,tanamongeaulol,Tana Mongeau,7400000.0,2100000.0,234500.0,1200.0,412.0
844,cassholland,Cass Holland,1900000.0,1900000.0,287700.0,856.0,571.0
845,arfaytb,ARFAYTB,372700.0,894100.0,108700.0,456.0,7600.0
846,britneyspears,Britney Spears,7100000.0,1300000.0,107800.0,3500.0,2300.0
847,h2balla,Hunter & Frank,3200000.0,2000000.0,234200.0,1400.0,274.0
848,elalfaeljeferd,ELALFAELJEFERD,1300000.0,1900000.0,198600.0,639.0,1400.0
849,adamsheey,Adam Shi,5300000.0,1200000.0,235900.0,845.0,1900.0
850,maxthemeatguy,Max The Meat Guy,4900000.0,2100000.0,273100.0,622.0,720.0
851,iamauroramusic,AURORA,4000000.0,1600000.0,216200.0,1600.0,659.0
852,haritsuuu,ハリツ🌿極,1900000.0,1800000.0,92700.0,2300.0,2500.0
853,vidhia_r,🐇Vidhi_R🐇,7200000.0,1100000.0,151500.0,2900.0,1700.0
854,t_400,جوقي💚,3800000.0,1500000.0,219300.0,1300.0,982.0
855,gabrielabee,GABI BEE,10000000.0,1200000.0,239100.0,2200.0,432.0
856,fyp,jack neel,8600000.0,1300000.0,245400.0,1900.0,535.0
857,dangthuhaf,Đặng Thu Hà,980500.0,2500000.0,300400.0,672.0,341.0
858,miguelito_peru,Miguel Alessandro,1700000.0,1800000.0,113900.0,1000.0,2800.0
859,mesitaaa,Mesita,329900.0,1600000.0,326800.0,611.0,886.0
860,munir.107,Munir | 107 Deportes,752500.0,1200000.0,88400.0,371.0,6700.0
861,plethoraklaus,grace☕︎︎,68200.0,730300.0,179200.0,3900.0,1900.0
862,alexandramadison_,Alex and Jon,1300000.0,971200.0,135000.0,552.0,5200.0
863,playboyjuju,Playboyjuju,358300.0,1700000.0,120100.0,2400.0,1300.0
864,beamngshorts,Beamng Shorts,2800000.0,2900000.0,158900.0,1000.0,630.0
865,susymourizz,Susy Mouriz🌷,8400000.0,1800000.0,212200.0,1500.0,470.0
866,themerkins,THE MERKINS,631900.0,600100.0,150900.0,1400.0,6800.0
867,carloandsarah,carloandsarah,4000000.0,2100000.0,219600.0,695.0,924.0
868,paupelaez_,ʜᴀɴᴇᴍɪʏᴀ,6600000.0,1200000.0,257600.00000000003,2100.0,336.0
869,okichloeo,chloeo,3700000.0,1400000.0,188200.0,1900.0,962.0
870,mrs.wahlberg,Jenny McCarthy,1900000.0,1200000.0,147800.0,3200.0,986.0
871,apinyabunying,Apinya Bunying,215600.0,1500000.0,204100.0,1200.0,1300.0
872,imanthonyvargas,Anthony Vargas,6600000.0,1800000.0,292100.0,1200.0,247.0
873,creatingwonders,Jesse J. Pedigo,11600000.0,752900.0,96300.0,1400.0,8800.0
874,nalgalia.g,nati👽,13900000.0,1600000.0,182600.0,449.0,2200.0
875,zeinazeee,Zeina Zee,3800000.0,2200000.0,185600.0,820.0,990.0
876,notmarkharris,Mark,56700.0,754300.0,192500.0,1700.0,3300.0
877,boywithuke,boywithuke,5800000.0,1600000.0,242300.0,1600.0,306.0
878,lilyxgarcia,Lily Garcia,12300000.0,1700000.0,248500.0,972.0,760.0
879,rose.friederike,ROSE,3900000.0,3100000.0,123900.0,974.0,930.0
880,kaylamalecc,kayla,8300000.000000001,1700000.0,277300.0,1400.0,128.0
881,theonlycb3,Charles Brockman III,6000000.0,1000000.0,235100.0,2100.0,1000.0
882,carloscastroes,Carlos Castro,12500000.0,1600000.0,166500.0,285.0,2500.0
883,hf37777,نجم الثرياء⭐H,455300.0,1100000.0,17600.0,5800.0,31900.0
884,jfkexplainsjokes,JFK 💀,34100.0,888800.0,181600.0,3400.0,1100.0
885,johnmicheal1996,Ricky & The Boss,4300000.0,930600.0,109500.0,784.0,6300.0
886,celinaspookyboo,Celina Myers,26000000.0,1600000.0,246700.0,1200.0,625.0
887,yg_treasure_tiktok,yg_treasure_official,4400000.0,830500.0,216900.0,2200.0,1800.0
888,0808sakura,🌸桜🌸,1600000.0,1200000.0,144700.0,2700.0,1500.0
889,danethegreatt,Dane Lindfors,2500000.0,1300000.0,109600.0,896.0,4300.0
890,thedonato,thedonato,8100000.0,1300000.0,152800.0,3500.0,92.0
891,afrae.es,Afraa,6600000.0,2700000.0,185700.0,594.0,860.0
892,rifirdus,RIFIRDUS,2100000.0,2100000.0,158900.0,845.0,1300.0
893,lilmabuu,Lil Mabu,958100.0,2000000.0,206900.0,1200.0,504.0
894,nadaahmed__1,ام خدود  فراولة😌🍓,907400.0,2200000.0,150100.0,907.0,1200.0
895,maxtaylorlifts,Max Taylor,8900000.0,1300000.0,231200.0,1200.0,1200.0
896,daddyyankee,daddyyankee,12100000.0,1200000.0,197800.0,1800.0,1200.0
897,imchef7,Heinz Wuth - Ciencia y Cocina,1300000.0,1300000.0,189300.0,530.0,2500.0
898,acdc,AC/DC,394200.0,1100000.0,182200.0,879.0,2600.0
899,subarumotorsportsusa,Subaru Motorsports USA,199900.0,1000000.0,161900.0,840.0,3400.0
900,in_the_nic_of_time,Nic Suarez,6300000.0,2400000.0,263500.0,752.0,362.0
901,its.michhh,Michel Chavez,31700000.0,1900000.0,260399.99999999997,1200.0,218.0
902,alwanr__,AlwanRK,6900000.0,2500000.0,237000.0,630.0,558.0
903,hieubuiba,Bùi Bá Hiếu,2300000.0,2800000.0,260600.00000000003,796.0,185.0
904,atom221220,💦ATOM🐦,2800000.0,1300000.0,241800.0,1400.0,821.0
905,cedriklorenzen,Cedrik Lorenzen,2900000.0,1100000.0,115300.0,2300.0,3200.0
906,aureliehermansyahatta,Aurelie Hermansyah,8700000.0,2100000.0,187400.0,989.0,779.0
907,abopermak,abopermak,73000.0,2300000.0,69700.0,2600.0,1700.0
908,therealdrmiami,Dr. Miami,1800000.0,1300000.0,270600.0,681.0,1300.0
909,47bato,Batu FuRkan,20600.0,1300000.0,172500.0,1100.0,2100.0
910,priimoraa,Prii Moraa,16100000.000000002,2000000.0,345500.0,293.0,726.0
911,dylanhoogerwerf,dylan hoogerwerf,2200000.0,2300000.0,271400.0,779.0,318.0
912,reesewitherspoon,Reese Witherspoon,8500000.0,1500000.0,147900.0,2300.0,878.0
913,olisboa,LISBOA,3300000.0,1600000.0,262900.0,601.0,1100.0
914,altarvision,Rowan,167000.0,1100000.0,268100.0,1100.0,1200.0
915,jakehunterofficial,Jake hunter,3600000.0,2000000.0,127800.0,2400.0,353.0
916,huddy,Huddy,32200000.000000004,2000000.0,147900.0,1800.0,529.0
917,ikerlafuente,Iker Lafuente 🫧,153500.0,1000000.0,162500.0,2900.0,1100.0
918,niallmacmillan,Niall MacMillan,5000000.0,1500000.0,123200.0,973.0,2700.0
919,nhabebap,🌽 NHÃ BÉ BẮP 🌽,2300000.0,2500000.0,267800.0,689.0,319.0
920,lightskinmexican0,lightskinmexican0,127300.0,746100.0,119800.0,824.0,6700.0
921,elecherlee,Elecher Lee,135900.0,1500000.0,138300.0,2700.0,632.0
922,summerhays.bros,The Summerhays Bros,793100.0,1300000.0,188300.0,539.0,2200.0
923,amxnahali,Aminah,63200.0,1000000.0,178200.0,2300.0,1400.0
924,dudeperfect,Dude Perfect,16700000.0,2300000.0,327400.0,469.0,416.0
925,j0a0zinh0,joãozinho,6400000.0,1100000.0,203900.0,1100.0,1900.0
926,tonystatovci,TONY STATOVCI,2400000.0,991700.0,224500.0,889.0,2100.0
927,sanjosejules,Julie Anne San Jose,2000000.0,2300000.0,274500.0,566.0,486.0
928,zanfilms,Zan Films,1900000.0,2700000.0,98700.0,1200.0,1300.0
929,melch.cooks,melch.cooks,121600.0,1600000.0,156400.0,2000.0,729.0
930,sweizayne,Iana McCalebb,1700000.0,907700.0,164400.0,1900.0,2500.0
931,taetoowavy,taetoowavy,8000000.0,873000.0,171300.0,1900.0,2400.0
932,a.l.capone,💉طبيب القلب💔,75900.0,863000.0,34500.0,629.0,21300.0
933,chris,Chris Olsen,8100000.0,1800000.0,368000.0,559.0,424.0
934,lance210,Lance Stewart,22300000.0,2300000.0,218400.0,535.0,784.0
935,mozamir,Amir,2100000.0,1400000.0,175900.0,1800.0,869.0
936,abdullah_eltourky,Eltourky 👑,7300000.0,1800000.0,200500.0,824.0,968.0
937,fionntime,FionnTime,2600000.0,910200.0,210300.0,1400.0,2000.0
938,ngoc.matcha,Ngọc Matcha 💚,4099999.9999999995,1100000.0,150000.0,3300.0,617.0
939,posterised,Posterised,5500000.0,1500000.0,199700.0,715.0,1400.0
940,texassbitty,Texassbitty,142000.0,1100000.0,126100.0,918.0,3700.0
941,ethankleinh3,Ethan Klein,1900000.0,970500.0,136600.0,3000.0,1900.0
942,emrata,Emrata,1600000.0,2000000.0,186800.0,965.0,752.0
943,mahmooud_shaar,ابو عرب 🛑🎬,1500000.0,3000000.0,100200.0,941.0,1200.0
944,anyaischuk,Anya Ischuk,11800000.0,1900000.0,219300.0,877.0,692.0
945,.02h.88m,CALL ME LUCAS,1200000.0,917800.0,172600.0,1600.0,2400.0
946,thiennhan5272,Thiện Nhân,4099999.9999999995,2900000.0,216800.0,712.0,295.0
947,elchaparrito951,el chuacheneguer,6100000.0,1300000.0,49500.0,525.0,9300.0
948,angryreactions,Oneya D’Amelio,26600000.0,1500000.0,257100.00000000003,1300.0,376.0
949,thereallifeguys,The Real Life Guys,474000.0,2300000.0,216100.0,639.0,626.0
950,aspenackley,Sabrina & Andrew,2200000.0,1300000.0,192100.0,598.0,1900.0
951,gutierrezcastro,Gutierrez Castro,14200000.0,1100000.0,147900.0,894.0,3000.0
952,joelbergs,JoelBergs,11400000.0,1900000.0,317500.0,511.0,528.0
953,ragnarlebretonofficiel,Ragnar Le Breton officiel,383400.0,1500000.0,135400.0,400.0,2700.0
954,cowboyjess,cowboyjess,320000.0,1600000.0,315900.0,719.0,509.0
955,busheadoph,Busheado,14300000.0,3200000.0,209900.0,709.0,215.0
956,ryansunandar,Ujang SGN💰,4800000.0,873200.0,85700.0,5400.0,2900.0
957,nathaliavalente,Nathalia,13600000.0,2300000.0,242900.0,731.0,375.0
958,mohaimen.alaa,مهيمن علاء,4099999.9999999995,1200000.0,171200.0,1900.0,1200.0
959,itsmenicksmithy2,Nick Smithyman 😎,12600000.0,1700000.0,208600.0,982.0,806.0
960,noeldeyzel_bodybuilder,Noel Deyzel🇿🇦,5300000.0,1400000.0,228200.0,1000.0,885.0
961,_liltam,tamz,497300.0,2200000.0,281600.0,370.0,623.0
962,mak.beh,BEH,861000.0,2600000.0,233200.0,676.0,336.0
963,rajaabelmir,Belmir Rajaa,1100000.0,1400000.0,133800.0,1100.0,2300.0
964,ditanganu,DitaKerang🌊,7700000.0,2400000.0,211400.0,846.0,363.0
965,kinosgina,KINOSGINA,1700000.0,1600000.0,87500.0,2800.0,1800.0
966,texasbushman,Texas BUSHMAN,2100000.0,1200000.0,197000.0,611.0,2000.0
967,notorious_foodie,Notorious Foodie,1500000.0,1700000.0,177700.0,528.0,1500.0
968,10july__,𝑺𝒂𝒅𝒔𝒂𝒔𝒔𝒔 ❤️‍🔥,1100000.0,1000000.0,123100.0,672.0,4300.0
969,lamminhduc2404,🦋AĐ🦋,130199.99999999999,2300000.0,88600.0,2300.0,686.0
970,papavince.davao,PapaVinceDavao,599900.0,899600.0,116100.0,2800.0,3000.0
971,namyulenka,Namy,6900000.0,1500000.0,229900.0,1200.0,654.0
972,bankrolldyl,BankrollDyl💸,5000000.0,1100000.0,226900.0,1200.0,1200.0
973,interesting.thingsz,News For You 🌍,4099999.9999999995,2400000.0,186000.0,991.0,357.0
974,psg,psg,30100000.0,1700000.0,177600.0,1400.0,576.0
975,elo_os,Eloisa Os,2400000.0,1600000.0,276900.0,716.0,637.0
976,zenitfc,FC Zenit,4000000.0,1900000.0,221500.0,1000.0,378.0
977,lauralove5514,LauraLove,7600000.0,1500000.0,230200.0,1100.0,705.0
978,rbplaying,RB playing,4900000.0,1400000.0,100200.0,675.0,3600.0
979,manutd,Manchester United,17100000.0,1600000.0,188700.0,1500.0,519.0
980,amika0429.14,あみか🦄✨@フォーエイト,1200000.0,1300000.0,96800.0,3200.0,1500.0
981,chikn.nuggit,Chikn Nuggit,4700000.0,948500.0,146900.0,3200.0,1100.0
982,aidanmrz,Aidan Mirza,1100000.0,2500000.0,157800.0,991.0,512.0
983,shehabeldin100,Shehabeldin,6900000.0,1400000.0,141000.0,1600.0,1400.0
984,mrchiquitolina,Nicolino,269200.0,805200.0,163600.0,487.0,4000.0
985,nacha_acashore,Michelson,1200000.0,2200000.0,231300.0,434.0,743.0
986,melanypalacioss,Melany🥀,5200000.0,1600000.0,352500.0,909.0,137.0
987,fortcraft354,Fortcraft354,189200.0,1400000.0,156800.0,2600.0,70.0
988,davidspade,DavidSpade,4500000.0,1100000.0,158600.0,1500.0,1800.0
989,monika.kociolek,Monika Kociołek,2800000.0,1100000.0,170400.0,2500.0,614.0
990,yayisrenteria,Yayis Renteria,339900.0,1900000.0,133600.0,382.0,1900.0
991,fabirommel,Fabi Rommel,409700.0,1000000.0,105800.0,573.0,4900.0
992,juanito_pochi,JUANITO🔥🚶,827200.0,2100000.0,191300.0,671.0,781.0
993,brandonspam_,Brandon Conner,8500000.0,1500000.0,236500.0,1400.0,220.0
994,macy.blackwell,macy.blackwell,1200000.0,1100000.0,104400.0,382.0,4700.0
995,calebrownn,Cale Brown,5500000.0,834600.0,148200.0,1900.0,2800.0
996,brendadialoy,Brenda Dialoy,371900.0,1200000.0,187500.0,626.0,2000.0
997,jujufitcats,Juju Fitcats,4300000.0,2200000.0,280800.0,380.0,558.0
998,xoteam,XO Team,37800000.0,2500000.0,180200.0,859.0,450.0
999,kimsnwuo,️️,100900.0,957400.0,226800.0,908.0,1700.0
1000,jass_mcg,jass_mcg,52200.0,503800.0,116000.0,8100.0,1800.0
