handle_tiktok,name_tiktok,followers,views_avg,likes_avg,comments_avg,shares_avg
___nicoichi___,NICO【平成フラミンゴ】,1300000.0,1900000.0,225300.0,1700.0,1100.0
_.anime.edits_0,video,97000.0,1700000.0,75600.0,1500.0,8700.0
_.respect.boss._,Respect compilation 🤝🥶,1500000.0,4400000.0,241900.0,249.0,797.0
_.the.meme.hub._,RANDOM MEMES,2300000.0,3800000.0,787700.0,2900.0,9000.0
_andrewcurtiss,Andrew Curtis,2500000.0,1400000.0,300400.0,5800.0,4000.0
_emil_official,EMİL❤️,600900.0,2500000.0,61900.0,1200.0,9500.0
_ikyikyyy,ikyikyyy,3100000.0,1500000.0,185300.0,1500.0,1600.0
_jennifernierva,Jennifer Nierva,1000000.0,2400000.0,321100.0,1900.0,1000.0
_mister_z,Marco Zedda,4900000.0,2300000.0,407300.0,3200.0,3000.0
_nch04,𝐍𝐠𝐮𝐲𝐞̂̃𝐧 𝐇𝐚̉𝐢,4900000.0,3900000.0,235300.0,1300.0,1200.0
_space.draws_,Space Draws,2600000.0,2000000.0,227100.0,1600.0,817.0
_subtitulos_,KUWTK,92800.0,3400000.0,432700.0,960.0,690.0
_surya_editz_,😈,551200.0,3500000.0,330600.0,1100.0,2100.0
_xochitl.gomez,Xóchitl Gómez,4400000.0,6100000.0,1100000.0,9.0,3400.0
_xsyalisx_,Nya uwu xd,144300.0,1800000.0,347500.0,2400.0,2700.0
.jmwalton,𝙅 ⚡️,1200000.0,3400000.0,667000.0,15300.0,5600.0
1642l4,عطوي خانته سود الليالي,15000.0,1300000.0,64200.0,2800.0,13600.0
1asos,اسراء فرج,3500000.0,2500000.0,174300.0,1200.0,1400.0
230.s,نصائح واخبار فيفا.,13600.0,2200000.0,159200.0,1500.0,1300.0
42psy42,PSY,3900000.0,2500000.0,417800.0,2200.0,1200.0
4q2y,دنوو,1500000.0,1700000.0,140200.0,3600.0,1200.0
7uss.n,حسين الحريبي🌻,1500000.0,2200000.0,225500.0,2200.0,2500.0
aachoyy,chaa ˚◞♡,494900.0,2400000.0,356200.0,2400.0,519.0
abba,ABBA,2500000.0,10100000.0,2000000.0,7600.0,8000.0
abbieherbert,AbbieHerbert,13200000.0,4200000.0,557000.0,1400.0,959.0
abir.sag,Abir e sag,12700000.0,3900000.0,302800.0,2100.0,2100.0
aboody_kareem,عبودي كريم,7200000.0,1500000.0,167700.0,2600.0,1500.0
actressbecc,Becca Bastos,1400000.0,745200.0,207400.0,1500.0,3700.0
actually.average,Reed,1200000.0,1100000.0,320900.0,4000.0,3000.0
adammilardovicc,Adammilardovic,8100000.0,2200000.0,184800.0,1600.0,943.0
adamsilvera,Adam Silvera,93700.0,2200000.0,616300.0,6000.0,4600.0
addisonre,Addison Rae,88000000.0,7500000.0,704300.0,4300.0,2000.0
adi.syahreza,Adi Syahreza,7000000.0,2200000.0,278700.0,1900.0,1800.0
adrianbliss,Adrian Bliss,6000000.0,3000000.0,479000.0,1500.0,4800.0
adrilatinatv,adrilatinatv,25600000.0,3100000.0,243400.0,1500.0,190.0
aemilst,ems,1300000.0,1500000.0,224300.0,2000.0,3400.0
aerilzafrel8,aerilzafrel,1900000.0,2300000.0,216800.0,4700.0,1800.0
aespa_official,aespa official,5000000.0,9500000.0,2200000.0,33900.0,29200.0
aichangemoy_,YT : AiChan TV,8400000.0,2700000.0,250500.0,3200.0,2600.0
aiki_kr,아이키 Aiki,2100000.0,1900000.0,361400.0,1700.0,1300.0
ailaughatmyownjokes,"it's a me, Silvia :)",1900000.0,1400000.0,340400.0,1400.0,4300.0
ajkhiphop,kelil,36500.0,4600000.0,670600.0,686.0,355.0
akamztwenty20,Akamz,20400000.0,3800000.0,410500.0,1300.0,1700.0
akgunnice,GÖZDE AKGÜN,2400000.0,4600000.0,143000.0,1300.0,436.0
akramadinas,AK,3900000.0,1600000.0,374600.0,3100.0,1200.0
albert_cancook,albert_cancook,6700000.0,6200000.0,524900.0,1900.0,2100.0
albertinasacaca,Albertina sacaca1,1500000.0,4000000.0,464400.0,2400.0,787.0
albertinasacaca1,Albertina Sacaca Cal,4800000.0,2500000.0,226100.0,2500.0,575.0
alejandrodelcarpio96,Alejandro del Carpio,148600.0,2500000.0,233800.0,1500.0,255.0
alex_abt,AlexAbt,109000.0,2300000.0,371500.0,592.0,307.0
alexbatistao,Alex ramos22,3200.0,951700.0,46600.0,1700.0,19400.0
alexitoxedits,ALEX <3,2800000.0,966000.0,276700.0,2500.0,3300.0
alexwaarren,Alex warren,15300000.0,2700000.0,643700.0,635.0,417.0
alezha.obukhov,Алежа Обухов,681200.0,2200000.0,251100.0,697.0,1200.0
alfaanm,alfan,101100.0,647200.0,45700.0,1000.0,35700.0
ali.samir11,علي سمير,2500000.0,1700000.0,215700.0,6700.0,982.0
aliciasaavedra_,@aliciastylish,353100.0,4900000.0,113800.0,1300.0,25800.0
alliep.andrews2nd,allieandrews,31400.0,3100000.0,432600.0,1400.0,750.0
alrslani20,المنشد/ماجد الرسلاني,499800.0,2300000.0,100200.0,2100.0,4700.0
alteregofanbase7,𝘼𝙇𝙏𝙀𝙍𝙃𝙊𝙇𝙄𝘾,178700.0,2600000.0,267300.0,560.0,654.0
alxjames,Alx James,2100000.0,1700000.0,278500.0,1900.0,9700.0
amauryguichon,Amaury Guichon,11200000.0,17000000.0,1400000.0,10700.0,15200.0
amrmaskoun,Amrmaskoun,967000.0,2000000.0,169900.0,2100.0,1800.0
ana_eusse,Ana Maria,11700000.0,2400000.0,343600.0,1000.0,166.0
analisseworld,Analisseworld,10300000.0,2300000.0,418700.0,926.0,1000.0
anaraquelhz,Raquel,4000000.0,1600000.0,185900.0,1400.0,6800.0
anas_elshayib,انس الشايب,3900000.0,3100000.0,182100.0,4600.0,1900.0
andcarli,Anderson Carli,8100000.0,7000000.0,236500.0,1300.0,589.0
andremastijan,andre,723700.0,5200000.0,360000.0,2700.0,12500.0
andy.and.michelle,Andy & Michelle,4400000.0,2800000.0,399900.0,1800.0,4600.0
anitta,Anitta,20000000.0,2400000.0,256800.0,945.0,380.0
anna..paull,Anna Paul,4400000.0,3100000.0,731700.0,2100.0,474.0
annajobling,anna jobling,477000.0,4099999.9999999995,482700.0,4500.0,2000.0
annaxsitar,anna x,11900000.0,3100000.0,454200.0,741.0,424.0
apollolikesblu,Apollolol,3000.0,702300.0,124500.0,9500.0,2100.0
areyoukiddingtv,Joey and Steven,4800000.0,4099999.9999999995,648800.0,2500.0,316.0
arfaytb,ARFAYTB,372700.0,894100.0,108700.0,456.0,7600.0
argentinidadnovelera,zoe,91800.0,1800000.0,160500.0,953.0,10800.0
arigameplays,AriGameplays,21500000.0,4900000.0,559000.0,2700.0,2300.0
artbydemarcusshawn,DemarcusShawn,6100000.0,1800000.0,273800.0,2700.0,2800.0
ashmonterooo,ash,8900.0,2600000.0,437200.0,6600.0,15400.0
aubreyandersonemmons,Heyyyy,1100000.0,1800000.0,320800.0,2000.0,1800.0
augustogimenez,AugustoGimenez,12500000.0,4400000.0,562800.0,1200.0,538.0
aureliehermansyahatta,Aurelie Hermansyah,7400000.0,1900000.0,190100.0,1400.0,1300.0
aurikatariina,ᴀᴜʀɪ ✨,7400000.0,8900000.0,1000000.0,4000.0,3700.0
aussiesdoingthings,Aussies Doing Things,2700000.0,1200000.0,170000.0,602.0,3600.0
aussiesdoingthings,Aussies Doing Things,2700000.0,1200000.0,170000.0,602.0,3600.0
austenalexander,Austen Alexander,321400.0,1300000.0,125700.0,1100.0,5200.0
avanireyes,Avani 👽,5100000.0,3500000.0,283600.0,1900.0,542.0
awildani13,NgebisOnline,77200.0,3700000.0,498400.0,5900.0,4400.0
ayaatanjali_,Aya😍,5900000.0,1600000.0,303100.0,1200.0,780.0
ayanakamachi,中町綾,1400000.0,3200000.0,206500.0,1000.0,1800.0
aybukeyim,Aybüke,1200000.0,3100000.0,162700.0,2100.0,500.0
aydenmekus,AYDEN MEKUS,10500000.0,3600000.0,275400.0,8600.0,1300.0
ayesebastien,Sebastien,7200000.0,2000000.0,396500.0,2100.0,1800.0
aylin.criss,Aylin,17300000.0,2600000.0,385700.0,2100.0,355.0
badbunny,Bad Bunny,22200000.0,48900000.0,9000000.0,58400.0,96700.0
baimwong,Baim Wong,8500000.0,2100000.0,130600.0,2000.0,1900.0
bankkamo46_,bankkamo46_🦖,1300000.0,1500000.0,204700.0,1100.0,3000.0
bara_ze,BARA Ze,2500000.0,1800000.0,118800.0,4300.0,2400.0
barbaracoura,Bárbara Coura,8800000.0,1500000.0,239700.0,1400.0,816.0
basementgang,Basement Gang,5400000.0,2900000.0,256200.0,1900.0,2700.0
bavariamedic,bavaria.medic,489700.0,7100000.0,553600.0,1600.0,3400.0
bayashi.tiktok,バヤシ🥑Bayashi,28400000.0,6200000.0,713100.0,3600.0,2000.0
baylenlevine,Baylen Levine,4200000.0,1200000.0,190300.0,2900.0,903.0
bdylanhollis,B. Dylan Hollis,8600000.0,3500000.0,792800.0,4100.0,10400.0
bear,blackbear,1200000.0,2800000.0,284400.0,1100.0,371.0
beberexha,BebeRexha,7300000.0,2000000.0,278000.0,3700.0,1800.0
bebopandbebe,BebopandBebe,750400.0,3300000.0,127200.0,7600.0,354.0
beca,Rebeca Barreto,23000000.0,1700000.0,219800.0,2200.0,1500.0
bellafoodie,Julie & Bella,4200000.0,2300000.0,271800.0,709.0,778.0
bellapoarch,Bella Poarch,90200000.0,6800000.0,921900.0,9500.0,1200.0
bellaretamosa,bella,5400000.0,2300000.0,394300.0,1100.0,709.0
ben_brainard,Benjamin Brainard,2600000.0,1300000.0,296900.0,1200.0,1100.0
benjikrol,Benji Krol,31100000.0,1600000.0,234700.0,1800.0,348.0
berusahalucu,Berusaha Lucu,694000.0,3900000.0,239800.0,954.0,940.0
bessan_esmail,بيسان اسماعيل - Bessan Ismail,10400000.0,2500000.0,175700.0,2600.0,1300.0
bhaviboi,bhaviboi,279700.0,3400000.0,346900.0,677.0,791.0
bi_131_bi,B.I,1400000.0,1100000.0,232100.0,2000.0,1300.0
bibidong07,nhện🕷️🕸️(tích xanh lá trời),5700.0,1900000.0,149800.0,6600.0,3900.0
biggieclean,Biggie Clean,4800000.0,3700000.0,364500.0,1400.0,456.0
bilal.hd91,Bilal Haddad | بلال الحدّاد,2100000.0,1500000.0,175100.0,3100.0,1200.0
bilalahy,Bilal,2000000.0,1100000.0,224500.0,1300.0,2100.0
billlnai,nai,8500000.0,1700000.0,403700.0,958.0,912.0
blacchyna,blacchyna,1100000.0,1700000.0,174200.0,3700.0,1100.0
blacksels,seul,59100.0,620800.0,208800.0,1800.0,5400.0
blakeb628,Blake,568400.0,1300000.0,161300.0,1100.0,10300.0
blondebrunetteredhead,Lamila Petschart,12000000.0,14200000.0,2600000.0,9800.0,7500.0
boberrybiscuits2,🤾🏼,59800.0,1500000.0,309900.0,1900.0,7500.0
booboothafoocloset,Boo Boo,1400000.0,1200000.0,314500.0,673.0,1300.0
borhen.kachbouri,borhen kachbouri,204100.0,3600000.0,331200.0,926.0,604.0
botakteras,Mike,2800000.0,2400000.0,207100.0,1700.0,529.0
boywithuke,boywithuke,4900000.0,1700000.0,209300.0,2200.0,691.0
brandonrogers,Brandon Rogers,1500000.0,2700000.0,497000.0,1700.0,4700.0
brandonspam_,Brandon Conner,8000000.0,1900000.0,380200.0,2100.0,348.0
brentrivera,Brent Rivera,43900000.0,2900000.0,540200.0,2200.0,321.0
bretmanrock,bretmanrock,14200000.0,3200000.0,617200.0,1700.0,1400.0
bricks.and.disorder,Ola 🤜🏾⚡️🤛🏻 Cullen,755300.0,2500000.0,448100.0,1200.0,666.0
briggi_bozzo,Briggitte Bozzo,22000000.0,3600000.0,335000.0,388.0,571.0
brilionaire,model kentang🍟,3900000.0,4099999.9999999995,369600.0,2100.0,7000.0
brittany_broski,Brittany,7000000.0,1300000.0,236700.0,1200.0,1400.0
brittikitty,Brittany & Lily,12600000.0,3700000.0,550900.0,2100.0,2000.0
brodywellmaker,Brody Wellmaker,21100000.0,6300000.0,853000.0,6100.0,16400.0
brookemonk_,Brooke Monk,20300000.0,2700000.0,466900.0,2200.0,1200.0
brunabarbieoficial,Bruna Barbie,18400000.0,2600000.0,168800.0,12000.0,1900.0
bstchld,BeastChild,4400000.0,2800000.0,362700.0,3100.0,5200.0
bukanstreet,Bukanstreet,1000000.0,1300000.0,171500.0,2400.0,1500.0
burnaboyofficial,Burna Boy,972800.0,1300000.0,164500.0,1800.0,2400.0
c4tluvr666,kennedy,2400000.0,2700000.0,558500.0,1400.0,1500.0
cakelegend,¡Aliya!,1300000.0,3500000.0,900600.0,14600.0,1100.0
caleb.green,Caleb Green,2900000.0,3100000.0,256399.99999999997,897.0,329.0
camimendes,camila mendes,2600000.0,6200000.0,971200.0,2800.0,777.0
canalzezao,Zezão,5900000.0,1900000.0,105000.0,1100.0,6000.0
caocuongvu,caocuongvu,3700000.0,3400000.0,395400.0,2200.0,797.0
captain.cream,CAPTAIN CREAM,4200000.0,2800000.0,345500.0,3200.0,4200.0
carebearkieran,Kieran,469100.0,1600000.0,354400.0,1200.0,2000.0
carlcunard,Carl Cunard,3000000.0,5000000.0,158300.0,1300.0,3100.0
carloandsarah,,3700000.0,2700000.0,240600.0,886.0,2300.0
carloscastroes,Carlos Castro,12000000.0,1600000.0,152300.0,400.0,3100.0
carloscastroes,Carlos Castro,12000000.0,1600000.0,152300.0,400.0,3100.0
carlosferiag,Carlos Feria,39200000.0,3300000.0,251900.0,2200.0,203.0
carolcastromx,Carol Castro,11300000.0,3100000.0,440700.0,1500.0,367.0
carolinarinconf,carolina,5500000.0,5900000.0,654100.0,3200.0,2900.0
carolvillanes,Carol Villanes,5500000.0,1900000.0,336400.0,6600.0,322.0
cassholland,Cassie Holland,1700000.0,2400000.0,390200.0,1400.0,943.0
cavalo.do_rock,daniel molo oficial,154400.0,1400000.0,258500.0,7000.0,17700.0
cbum,Chris Bumstead,2600000.0,1600000.0,215800.0,1100.0,2700.0
cciinnn,CiiN,6600000.0,2600000.0,296400.0,1700.0,588.0
cdiasss_,Carol Dias,2500000.0,1900000.0,497400.0,2300.0,977.0
cecia.loaiza,Cecia Loaiza ✨,6200000.0,1900000.0,277700.0,2000.0,388.0
cedriklorenzen,Cedrik Lorenzen,2500000.0,3000000.0,301100.0,4300.0,8100.0
cellat36,cellat36,8500000.0,1900000.0,171400.0,5400.0,1600.0
cemresolmaz,cemre solmaz,10300000.0,2400000.0,164300.0,6400.0,1600.0
cerenyaldz,Ceren Yaldız,9300000.0,1100000.0,97700.0,7900.0,1500.0
cerolzera,CEROL,4099999.9999999995,1700000.0,180400.0,2700.0,1300.0
cesarpantoja.n,Cesar Pantoja,13200000.0,3000000.0,489100.0,1300.0,311.0
cha.momilie,Roma,1200000.0,2000000.0,282100.0,2000.0,1100.0
championsleague,Champions League,14900000.0,3800000.0,551900.0,3400.0,2300.0
chamrent,chamrent,2100000.0,3700000.0,370900.0,1700.0,1300.0
chanelterrero,Chanel Terrero,404700.0,2300000.0,257000.0,1500.0,387.0
chang._.a,창하CHANGHA,22000000.0,1400000.0,286200.0,3600.0,1900.0
charlidamelio,charli d’amelio,142000000.0,16399999.999999998,1800000.0,27300.0,9500.0
charlieputh,Charlie Puth,17200000.0,1900000.0,234600.0,2600.0,772.0
charlymarieofc,CharlyMarieofc,966000.0,1300000.0,103100.0,1500.0,5400.0
charlyokei,Charlyokei,4099999.9999999995,3600000.0,343500.0,824.0,1100.0
chedurena,Che Durena,6800000.0,2000000.0,231500.0,1700.0,6800.0
cheekykiddo,alex🐤,4099999.9999999995,2200000.0,231800.0,489.0,1600.0
chicken_nugget_.0,ChickenNugget,862700.0,1600000.0,240600.0,1900.0,2800.0
chiefilomeno,C  H  I  E,2800000.0,2400000.0,179100.0,1500.0,596.0
chikakiku,🖤🙆🏻‍♀️✨🧚🏻,8500000.0,3300000.0,247100.0,2100.0,679.0
chimeconem.official,Chị Mẹ & Con Em,637600.0,3900000.0,247000.0,599.0,442.0
choega,BEDDY,5500000.0,2100000.0,348200.0,4100.0,2000.0
chourouk.model_official,Chourouk_model_official,4800000.0,3400000.0,147200.0,851.0,2400.0
chris,Chris Olsen,7700000.0,2100000.0,353300.0,897.0,895.0
chrisbrownofficial,chrisbrownofficial,6200000.0,2200000.0,306600.0,3600.0,3600.0
chrisdelia,ChrisDElia,2000000.0,1100000.0,163200.0,1100.0,3100.0
cicichania96,Cici Chania,2700000.0,2700000.0,188100.0,2300.0,1600.0
cizimmektebi,Çizim Mektebi,338100.0,6100000.0,239600.0,3300.0,6800.0
claragnds,Maria Clara Garcia,17100000.0,1800000.0,219200.0,2400.0,1200.0
clerishwijaya,Cherish Wijaya,494200.0,1800000.0,129900.0,2600.0,3600.0
clubgodzilla,Beatking,195200.0,3100000.0,618600.0,4600.0,1700.0
cocielo,Júlio Cocielo,4600000.0,3600000.0,438200.0,601.0,613.0
codsterss,codsterss,58000.0,13000000.0,951600.0,13200.0,136000.0
com.yamato0515,【コムドット】やまと,1800000.0,2300000.0,213700.0,2800.0,1500.0
com.yamato0515,【コムドット】やまと,1800000.0,2300000.0,213700.0,2800.0,1500.0
com.yuta0305,【コムドット】ゆうた,1200000.0,2200000.0,226700.0,2400.0,1900.0
com.yuta0305,【コムドット】ゆうた,1200000.0,2200000.0,226700.0,2400.0,1900.0
conangray,conangray,5700000.0,1400000.0,363200.0,3700.0,1800.0
coopernoriega,Cooper Noriega,2900000.0,4200000.0,287000.0,2500.0,1600.0
creationsross,RossCreations,2400000.0,3200000.0,402100.0,1200.0,4300.0
creative_explained,Armen Adamjan,4500000.0,1900000.0,184900.0,836.0,7800.0
criminalksa,كريمنال🦊,1100000.0,3000000.0,223600.0,1200.0,859.0
cris_soto.09,CRIS SOTO MTA,361400.0,2300000.0,126500.0,340.0,5200.0
crisp.ink,𝐑𝐚𝐜𝐡𝐚𝐞𝐥,620600.0,2200000.0,536900.0,4100.0,10600.0
cristobalsoria,Cristóbal Soria,701000.0,3000000.0,392800.0,6600.0,14500.0
cuongkido,Cường kido,1500000.0,3600000.0,221900.0,869.0,704.0
cvillaloboss,Carmen Villalobos,13000000.0,6000000.0,500600.0,2900.0,927.0
cznburak,cznburak,59500000.0,4300000.0,288900.0,1600.0,927.0
daffaxml,YouTube : Daffa AL,864500.0,1900000.0,190300.0,2800.0,1300.0
dafnnejm,dafnne ☻,2100000.0,1600000.0,354700.0,688.0,761.0
dal9_5,Dalé .,102600.0,1800000.0,204200.0,4300.0,10900.0
daniel.labelle,Daniel LaBelle,26200000.0,5500000.0,777000.0,2600.0,3400.0
danivallem,Dani Valle,4500000.0,1400000.0,108400.0,764.0,16100.000000000002
dannapaola,Danna Paola,16300000.0,4500000.0,554100.0,1600.0,778.0
danphto,D A N P H T O,448000.0,2300000.0,206900.0,2000.0,382.0
danythegaggio,Daniele Cabras,3000000.0,2200000.0,300200.0,2500.0,12100.0
daotthungan,Đào TThu Ngân,1000000.0,3100000.0,229700.0,985.0,301.0
daraarafah24,daraarafah,786400.0,3300000.0,429800.0,5800.0,2700.0
darianrojasc,D A R I A NR O J A S,30400000.0,8100000.0,1000000.0,3900.0,1200.0
dasigantung,Dasi Gantung,5600000.0,2700000.0,426200.0,1200.0,918.0
datdo0803,Đỗ Đạt,6900000.0,5800000.0,592400.0,2200.0,696.0
datvilla94,🔥Đạt Villa🔥,7100000.0,4500000.0,490800.0,8300.0,4600.0
daveardito,Dave Ardito,8800000.0,3900000.0,330600.0,2600.0,1000.0
daviddobrik,DAVID DOBRIK,26000000.0,5000000.0,854600.0,2100.0,2600.0
davidgalvanv,David Galván,4800000.0,2100000.0,291800.0,2000.0,548.0
davidsiwonchoi,최시원 • Siwon Choi,2500000.0,1900000.0,309700.0,2200.0,1800.0
davidyrodriguez,That French Guy,8000000.0,1400000.0,256600.00000000003,1000.0,1700.0
deborahyowa,Deborah yowa,14500000.0,6900000.0,351400.0,6500.0,2700.0
deiveleonardooficial,Deive Leonardo,5800000.0,1800000.0,194800.0,1900.0,39700.0
delaneysayshello,Delaney Rowe,1000000.0,1300000.0,224600.0,1300.0,2900.0
dennnyn,DENII,3400000.0,1100000.0,148000.0,959.0,6700.0
deon.k.washington,Deon👑,112800.0,717200.0,125300.0,1400.0,7700.0
dereklipp_,Derek Lipp,4900000.0,2500000.0,348200.0,1000.0,4400.0
devincaherly,Devin Caherly,7900000.0,2700000.0,279000.0,1000.0,119.0
devon_palmer,devon palmer,1900000.0,2100000.0,432500.0,1000.0,1700.0
dexter.the.tabby,dexter.the.tabby,159200.0,4700000.0,1000000.0,12400.0,13100.0
dhanihehee,BSK・Ｄｈａｎ１ᵀᵒᴾ,1400000.0,1800000.0,138300.0,4300.0,661.0
diefebri19,Febriana,686700.0,1700000.0,227200.0,1800.0,293.0
diegodiego_,Diego Cruz,7800000.0,3300000.0,496800.0,2500.0,2100.0
diiegospyckerzs,Diiego Spyckerzs,808500.0,2800000.0,154500.0,3000.0,11800.0
dilanjaniyar,Emang namanya Dilan,1700000.0,2200000.0,283900.0,1600.0,1100.0
dilanjaniyar_2,Emang Dilan namanya,2500000.0,2200000.0,262700.0,1600.0,1300.0
dilaraaduman,Dilara Duman,2200000.0,4700000.0,338300.0,1500.0,1000.0
dissectpodcast,dissectpodcast,471600.0,1300000.0,252500.0,1400.0,5300.0
ditanganu,DitaKerang🌊,5900000.0,3600000.0,416100.0,2400.0,768.0
dj_hyo,Hyoyeon_djhyo,1600000.0,3200000.0,606700.0,5600.0,3200.0
djsnake,DJ Snake,2300000.0,2200000.0,247800.0,1900.0,1500.0
dmcomics,DM,493400.0,1700000.0,169100.0,2200.0,10100.0
domelipa,Dominik,54200000.0,8600000.0,1500000.0,14300.0,4100.0
dontstopmeowing,Kareem & Fifi,11000000.0,1800000.0,224400.0,1100.0,1700.0
dorychang_03,ChangDory🐬,3800000.0,3900000.0,341500.0,1500.0,943.0
dovecameron,Dove Cameron,11600000.0,2800000.0,538800.0,1500.0,492.0
drewafualo,Drew Afualo,7400000.0,2700000.0,568200.0,3700.0,1400.0
drisantosbr,drisantosbr,3000000.0,1500000.0,197000.0,1700.0,2400.0
droop314,Droop314,465900.0,997200.0,70200.0,1300.0,13100.0
druskitv,DRUSKI,3500000.0,2800000.0,519500.0,3000.0,9400.0
dualipaofficial,Dua Lipa,8400000.0,3100000.0,178700.0,1600.0,2000.0
dudamaryah,dudamaryah,5200000.0,2200000.0,367700.0,1400.0,1300.0
dudamaryah,dudamaryah,5200000.0,2200000.0,367700.0,1400.0,1300.0
duncanyounot,Duncan Joseph,4300000.0,720500.0,246400.0,2900.0,1900.0
dunkmvp,DunkMVP,3300000.0,4600000.0,698700.0,1300.0,2200.0
dxbxd,Saad Abdullah,2400000.0,1800000.0,219100.0,2200.0,1500.0
dylanmulvaney,Dylan Mulvaney,5400000.0,3100000.0,700000.0,7300.0,1800.0
dylanpage.ning,Dylan Page,2800000.0,2200000.0,344300.0,5200.0,2600.0
earlthejackass,Earl,84500.0,2900000.0,359200.0,3800.0,14100.0
editnessbarrett,NESS,157300.0,1500000.0,275700.0,1800.0,845.0
edpeople,Ed People,1400000.0,1800000.0,278100.0,1800.0,1500.0
edsheeran,Ed Sheeran,11400000.0,1800000.0,166900.0,2000.0,672.0
eduardbaka,Eduard,1500000.0,1400000.0,233600.0,1900.0,978.0
edwinmendozza,𝖊𝖉𝖜𝖎𝖓,14700000.0,3200000.0,514299.99999999994,1100.0,249.0
eggrollfish,7aizagatha,56500.0,2200000.0,438300.0,3200.0,7900.0
ehbeefamily,Eh Bee Family,11400000.0,3400000.0,344500.0,1300.0,761.0
ehlija,Eh Lija,3900000.0,3100000.0,402700.0,1800.0,1700.0
el_chicanero,El_chicanero,2700000.0,2500000.0,227100.0,1500.0,7000.0
el_creador_del_sex3,HOLAS🕺,31200.0,1300000.0,134000.0,1700.0,3100.0
el.pollofritoxd,por fin a alguien,89200.0,1200000.0,220800.0,4100.0,8900.0
elchimbatv,EL CHIMBA,1700000.0,3400000.0,277900.0,1200.0,3700.0
elinameng,elina meng,2100000.0,4200000.0,558400.0,886.0,598.0
elliotforbes,Elliot Forbes,8300000.000000001,3500000.0,292200.0,628.0,311.0
elmercanchi,Que chimba sog,1500000.0,4200000.0,362900.0,2400.0,7200.0
elongggg,ELONGGGG,2000000.0,2100000.0,339800.0,2000.0,589.0
elrodcontreras,ROD🫠,41100000.0,3600000.0,496700.0,3800.0,622.0
elysemyers,Elyse Myers,5100000.0,1500000.0,172700.0,2700.0,1700.0
em.ire,irene,259500.0,1200000.0,211600.0,2200.0,2800.0
emiliamernes,Emilia Mernes,3900000.0,10800000.0,1600000.0,3900.0,2700.0
emillyvickof,Emilly Vick,10300000.0,4400000.0,354000.0,707.0,638.0
emilmario69,emilmario,7000000.0,5500000.0,199900.0,3700.0,1300.0
emilyfauver,emily&ella,3600000.0,2600000.0,380200.0,730.0,1300.0
emilymariko,Emily Mariko,10900000.0,3300000.0,309100.0,945.0,560.0
emmybear1005,Emily,1600000.0,4000000.0,431300.0,2800.0,2000.0
engfa32,ENGFA,2700000.0,1700000.0,233300.0,1600.0,829.0
enhypen,enhypen,11800000.0,8000000.0,2400000.0,63000.0,40600.0
enzomk_,enzomk,879700.0,2700000.0,229600.0,1100.0,9600.0
erictro,Eric Tro,3900000.0,5500000.0,534000.0,618.0,1100.0
erinboyle_np,Erin Boyle,5900.0,1800000.0,123600.0,2500.0,20100.0
esnyrdump,esnyrDUMP,896100.0,2400000.0,409700.0,3300.0,1800.0
estanahi,Anahí,1300000.0,2900000.0,419500.0,833.0,571.0
estetsh0,Belal L Galy,1100000.0,1200000.0,165800.0,1100.0,4100.0
eupereiraoficial,Eu Pereira,7200000.0,9900000.0,776600.0,4200.0,7700.0
euro2024,EURO2024,7200000.0,2100000.0,390500.0,2700.0,2000.0
euwillou,Willou,8600000.0,2300000.0,360900.0,1700.0,2700.0
everydaycode,Everyday Code,223300.0,2700000.0,235400.0,1100.0,2300.0
expeditionevans,Expedition Evans,271300.0,3000000.0,355700.0,542.0,2000.0
eyavanana,Eya,12300000.0,2900000.0,492500.0,1700.0,1200.0
fabiola.baglieri,𝐹𝑎𝑏𝑖𝑜𝑙𝑎,12300000.0,2900000.0,375900.0,1200.0,537.0
fabru_blacutt,Fabru,18100000.0,2200000.0,242900.0,2400.0,562.0
fadiljaidi,Fadil Jaidi,8300000.000000001,10700000.0,1700000.0,11400.0,8200.0
fahmi.n1997,fahmi.N1997,1900000.0,4000000.0,389500.0,1700.0,835.0
fahmi.nm,Fahmi,8300000.000000001,2700000.0,260899.99999999997,1400.0,738.0
faithkristin,faith kristin☁️,592100.0,1800000.0,271700.0,4800.0,5100.0
farhakhalidi,Farha Khalidi,1400000.0,2000000.0,364700.0,2600.0,2200.0
farhanrn__,FARHAN,4700000.0,4200000.0,688000.0,3200.0,1700.0
faryanggaa,Ryann,5200000.0,1800000.0,344400.0,1500.0,491.0
fedevigevani,Fede Vigevani,13600000.0,3300000.0,437700.0,2300.0,561.0
fedez,fedez,5500000.0,2800000.0,422400.0,1200.0,2300.0
felipenpv,Felipe Paiva,2200000.0,2800000.0,515500.0,5500.0,4500.0
femin,Thiên Ân,2100000.0,2900000.0,254500.0,4500.0,573.0
fendibaee,🤍,54900.0,788700.0,206000.0,3600.0,3100.0
ferchugimenez,Fernanda,6100000.0,4099999.9999999995,729300.0,1800.0,1200.0
ferxxo444,Feid,2600000.0,1200000.0,234800.0,1400.0,4500.0
firmanskd,𝙆𝙊𝘾𝘼𝙉,2700000.0,2300000.0,212600.0,654.0,9900.0
firmanskd,𝙆𝙊𝘾𝘼𝙉,2700000.0,2300000.0,212600.0,654.0,9900.0
flavinhalouise,Flavinhalouise,11500000.0,1400000.0,128000.0,740.0,3600.0
fleekedbymitch,fleekedbymitch,821200.0,5600000.0,590900.0,3200.0,3800.0
flickerspark_,flickerspark_,1200000.0,2100000.0,516799.99999999994,1400.0,1500.0
fontenel.le,fontenelle,243800.0,1200000.0,259500.0,2200.0,540.0
foodtimecali,Juan C | RECETAS FOODTIME,4099999.9999999995,3800000.0,284000.0,655.0,20800.0
football.clips_09,Football & FIFA Content ⚽️,224500.0,3300000.0,323000.0,1700.0,1100.0
fox.brown,Fox,391700.0,1800000.0,308200.0,1600.0,3400.0
frankielapenna,Frankie LaPenna,3400000.0,7100000.0,316700.0,1200.0,4100.0
freeritzyralph,Ritzyralph,1600000.0,1100000.0,281500.0,2000.0,2400.0
frnzlynfby,Feby,2400000.0,1400000.0,324700.0,1500.0,1700.0
fujiiian,Fuji,15400000.0,4300000.0,449400.0,2100.0,1900.0
furryfritz,furryfritz,3900000.0,1700000.0,271600.0,1100.0,2500.0
fyp,jack neel,8300000.000000001,1800000.0,372200.0,762.0,544.0
g.catt.eng,Dennis loves cats,2000000.0,1900000.0,219900.0,1100.0,1300.0
gameboytok,Gameboyrl,33900.0,2800000.0,424500.0,1300.0,3100.0
gemelasabello2,gemelasabello2,15700000.0,5700000.0,554800.0,1000.0,1800.0
german_crusader,Stardust Crusader,158600.0,1100000.0,208900.0,1700.0,4600.0
germangarmendia,German Garmendia,17500000.0,8800000.0,1600000.0,17200.0,9000.0
ghait6h,غيث خالد,1100000.0,1600000.0,176500.0,4300.0,674.0
giangiu88,GiaNGiu,3700000.0,2500000.0,304500.0,1200.0,2700.0
giannis_an34,Giannis Antetokounmpo,3400000.0,1700000.0,210300.0,1800.0,764.0
gil_foot2,gil_foot2,1500000.0,1200000.0,210600.0,513.0,3300.0
glbtfilms,❦,76300.0,684700.0,195600.0,2400.0,3400.0
goldens.fourever7,Z&M&B&N&F&C&T,965000.0,1200000.0,171500.0,1300.0,7000.0
gordonramsayofficial,Gordon Ramsay,32799999.999999996,11200000.0,648300.0,5000.0,1900.0
grbgt9,zu Hause ✌🏾,132600.0,2200000.0,177600.0,1100.0,2000.0
greenshrimps,olivia,83300.0,1500000.0,334900.0,2800.0,1300.0
gregisms,Gregisms’ Neighborhood,2400000.0,1100000.0,180600.0,6600.0,6400.0
gtcreationslime,Giovanni T. 🇮🇹,4099999.9999999995,3100000.0,183900.0,728.0,946.0
guilhermebatilani,guilhermebatilani,398700.0,2100000.0,323300.0,983.0,2700.0
guiraya,O Milionário,733200.0,2200000.0,197300.0,1300.0,1300.0
gustavomeloof,Gustavo Melo,5000000.0,1400000.0,113400.0,1200.0,8800.0
gusyterequijas,Gus Quijas,1800000.0,1600000.0,236900.0,777.0,2700.0
gutierrezcastro,Gutierrez Castro,13000000.0,1400000.0,229900.0,2000.0,2000.0
gzfoodqood,Foodqood by Giallozafferano,17100000.0,2500000.0,237500.0,745.0,808.0
haidang_doo,Hai Dang Doo,2600000.0,4500000.0,317300.0,607.0,398.0
haileybieber,Hailey Bieber,9000000.0,2400000.0,257000.0,2500.0,805.0
hakobone,jakobone_hh,299200.0,2900000.0,195800.0,1600.0,6500.0
halinhofficial,Ha Linh Official,1300000.0,3200000.0,223300.0,3200.0,1200.0
haqiemstopa,Haqiem_stopa,846700.0,2100000.0,156400.0,2500.0,697.0
haritsuuu,ハリツ🌿極,1800000.0,6700000.0,307300.0,7000.0,8800.0
harry.shin,harry - hiatus era ☆,904500.0,4300000.0,509600.0,2400.0,833.0
hasanmucci,hasanmucci,2100000.0,2500000.0,196600.0,1600.0,619.0
hat590,HAT Snow,3600000.0,1500000.0,191300.0,2400.0,306.0
hayleygeorgiamorris,Hayley Morris,3200000.0,2400000.0,366700.0,1400.0,9600.0
herranwalt,Herr Anwalt,5500000.0,1800000.0,282000.0,2300.0,1600.0
hikakin,HIKAKIN ヒカキン公式,1600000.0,4800000.0,454500.0,4100.0,6300.0
hoaa.hanassii,Đào Lê Phương Hoa,12800000.0,6000000.0,618500.0,3800.0,849.0
hoaminzy_hoadambut,Hoà Minzy,4200000.0,2800000.0,280200.0,789.0,268.0
hoaminzy_hoadambut,Hoà Minzy,4200000.0,2800000.0,280200.0,789.0,268.0
homm9k,ХОМЯК,42100000.0,2200000.0,301900.0,2300.0,569.0
hourialesyeuxverts_off,Houria les yeux verts,143200.0,1000000.0,102100.0,1500.0,6000.0
how.kev.eats,how.kev.eats,2200000.0,2600000.0,305900.0,1400.0,401.0
howridiculous,howridiculous,13600000.0,13900000.0,516299.99999999994,889.0,758.0
hstikkytokky,hstikkytokky,808700.0,1600000.0,161400.0,2500.0,1700.0
hunterprosper,Hunter Prosper,4700000.0,2200000.0,384600.0,1200.0,1900.0
i.f.t.fishing,IFTFishing,9700.0,3800000.0,154500.0,2100.0,12000.0
iamdikeh,Dikeh,2800000.0,1800000.0,174500.0,2400.0,1300.0
iamferv,Fernanda,29300000.0,10000000.0,1400000.0,10200.0,6400.0
iamkelianne,Kelianne,9900000.0,4200000.0,452500.0,360.0,263.0
iamnotshaneofficial,iamnotshane,225500.0,2200000.0,187400.0,554.0,2800.0
iampauloandre,Paulo André 🏁,1400000.0,4300000.0,854100.0,5500.0,6400.0
iamzario,zario,2000000.0,1200000.0,244600.0,1800.0,1500.0
iben_ma,Iben M.A.,7000000.0,5200000.0,379100.0,20900.0,1100.0
ig_alongwiranda,🕌🏃,880700.0,3200000.0,129400.0,1200.0,20000.0
ikercasillas,Iker Casillas,2400000.0,1300000.0,212100.0,2400.0,3000.0
ikhmal_azzarin,Ikhmal Azzarin,407400.0,4400000.0,303700.0,4000.0,3800.0
iloveyourmomscatt,,8200.0,1300000.0,159300.0,4900.0,3300.0
ilusha_help,ilusha_help,4600000.0,2300000.0,75900.0,1200.0,7900.0
ilyasikuba,Ilyasikuba,2700000.0,1900000.0,188800.0,558.0,2400.0
imdimpey,Dimpey,8000000.0,1400000.0,330000.0,3100.0,4700.0
imma.tokyo,imma,486900.0,9900000.0,1200000.0,5700.0,3100.0
inachitomer,iNacho Mer,1300000.0,2900000.0,516200.00000000006,1100.0,1000.0
incorrectlyroce,Roce Ordoñez,6500000.0,3900000.0,650400.0,2000.0,2300.0
infinite,Infinite,7300000.0,4800000.0,722300.0,6900.0,382.0
infinite,Infinite,7300000.0,4800000.0,722300.0,6900.0,382.0
ingratax,ingrid,14800000.0,3100000.0,617800.0,784.0,420.0
initiaraandini,tiara andini,4700000.0,3500000.0,338600.0,1300.0,1200.0
iqmorteza,مرتضى محمد,873500.0,3700000.0,429800.0,6500.0,2000.0
isaach.p,Isaac H.P,1800000.0,1200000.0,189400.0,3200.0,2100.0
isaiahgarza,Isaiah Garza,7500000.0,1600000.0,297300.0,1500.0,954.0
isaliagomez_,Salma Isalia Gómez,703800.0,1600000.0,297300.0,863.0,3700.0
its.michhh,Michel Chavez,30200000.0,2400000.0,369700.0,1900.0,193.0
itsjojosiwa,JoJo Siwa,41800000.0,3500000.0,429200.0,2200.0,619.0
itskingchris,KingChristian,16200000.0,1800000.0,355000.0,3000.0,1800.0
itslennnie,lennnie,2300000.0,764700.0,120600.0,1500.0,20400.0
itsmenicksmithy,Nick Smithyman 🤓,7400000.0,2200000.0,415400.0,3400.0,2400.0
itsoraida,itsoraida,4200000.0,1100000.0,254500.0,1700.0,2100.0
itsqcp,QCP,10100000.0,1600000.0,297700.0,1500.0,916.0
itssassagurl,Sassa Gurl,6000000.0,3900000.0,716400.0,3300.0,6500.0
itstalasafwan,تالا صفوان | Tala Safwan🌵👸🏽,4700000.0,2900000.0,177600.0,4600.0,1400.0
itsthescotts,The Scotts,6200000.0,1500000.0,231700.0,517.0,2200.0
itzyofficial,ITZY,8400000.0,1200000.0,332400.0,3800.0,2300.0
ivanmartinez,Ivan KEN🤴🏼,12400000.0,3000000.0,392100.0,1300.0,489.0
ivanovik.83,ivanovik.1983,172700.0,2300000.0,91500.0,1100.0,11100.0
ive.official,IVE.official,2200000.0,7700000.0,1500000.0,12000.0,14000.0
jack_papho69,แจ็ก แปปโฮ,6700000.0,3300000.0,313100.0,2300.0,964.0
jackgrealish,Jack Grealish,3000000.0,2000000.0,256000.0,4500.0,1700.0
jacobday,jacob day,3700000.0,1200000.0,193100.0,3400.0,1200.0
jadepicon,JADE PICON 🌪,8100000.0,2800000.0,342700.0,1800.0,843.0
jaimeonod,Telma,1500000.0,2000000.0,319500.0,3200.0,1300.0
jakeandrich,Jake Andrich / Jakipz,12000000.0,2600000.0,241800.0,2500.0,3300.0
jakeandrich,Jake Andrich / Jakipz,12500000.0,1800000.0,184300.0,2000.0,2700.0
jakemaldonado,Jake Maldonado,6500000.0,1700000.0,324100.0,659.0,2700.0
jakepaul,Jake Paul,16500000.0,3100000.0,354900.0,2800.0,1000.0
jamescharles,James Charles,36200000.0,3100000.0,344600.0,1600.0,631.0
janeydm,รัชนก สุวรรณเกตุ,14300000.0,2600000.0,305100.0,1300.0,381.0
jaxwritessongs,Jax,9500000.0,2400000.0,346500.0,3100.0,2200.0
jaykindafunny8,Jaykindafunny,23900000.0,5800000.0,426000.0,3300.0,4600.0
jaynie.dizire,Jaynie🧎🏽‍♀️,19100.0,1200000.0,193500.0,3200.0,2000.0
jayrscottyy,CHESTA,2700000.0,2500000.0,333200.0,3400.0,1900.0
jdiasss_,João Dias,7400000.0,2800000.0,610500.0,5600.0,4900.0
jdpantoja,JD Pantoja,28800000.0,4099999.9999999995,658300.0,8000.0,1000.0
jefripradewa,𝗝𝗘𝗙𝗥𝗜 𝗣𝗥𝗔𝗗𝗘𝗪𝗔,226200.0,1600000.0,178800.0,3000.0,10700.0
jellybeannotvince,cutejellybean,542700.0,2700000.0,352200.0,2800.0,6900.0
jennifergarner,Jen Garner,2500000.0,2000000.0,326400.0,1600.0,1000.0
jessnolimit999,Jess No Limit,6200000.0,17000000.0,1700000.0,24200.0,11500.0
jesusortizpaz,Jesusortizpaz,1700000.0,1800000.0,207500.0,1200.0,832.0
jezzzini,jezzini,1700000.0,1400000.0,419000.0,1600.0,6200.0
jhothsa,jhothsa,13300000.0,1100000.0,189800.0,960.0,2600.0
jimena.jimenezr,Jimena,23500000.0,3700000.0,577500.0,962.0,2000.0
jimmydarts,Jimmy Darts,8600000.0,2200000.0,360300.0,3500.0,492.0
jjeverettrose,Jake Joseph Everett-Rose,3200000.0,2200000.0,345800.0,775.0,575.0
jmartineze_,josi,22200000.0,2400000.0,377700.0,1800.0,2500.0
joaoferdnan,João Ferdnan,7700000.0,919700.0,143300.0,2500.0,4000.0
joe.bartolozzi,Joe Bartolozzi,18800000.0,1900000.0,338800.0,2300.0,552.0
joelsvnny,Joel Sunny,1100000.0,897800.0,203800.0,2700.0,1700.0
joerauth_,Joe rauth,5400000.0,1900000.0,319400.0,1200.0,1900.0
joesantagato,Joe Santagato,1500000.0,1500000.0,175500.0,2400.0,2500.0
joeyvalence,Joey Valence,717800.0,2800000.0,559600.0,1100.0,705.0
johnnyy.ed,johnnyy.ed,1700000.0,1200000.0,173100.0,1200.0,3300.0
jonata_26,Jonata🤩,5100000.0,2500000.0,415500.0,1100.0,1500.0
jonata_26,Jonata🤩,5200000.0,2300000.0,377900.0,999.0,1300.0
joshanglooo,josh anglo,670900.0,1000000.0,315100.0,1600.0,1900.0
joshrichards,Josh Richards,25600000.0,2900000.0,275500.0,1300.0,682.0
joslum,José L,12100000.0,2500000.0,327300.0,1900.0,403.0
jounggustav,Joung Gustav,3400000.0,9600000.0,1300000.0,4700.0,6700.0
juanchimy,Juan Lopez,3100000.0,2100000.0,485000.0,2400.0,2100.0
jubiandxian,jubiandxian,4700000.0,3300000.0,557800.0,3000.0,2600.0
julesleblanc,jules,18700000.0,1900000.0,455700.0,1600.0,554.0
juliaaliceaa,jujuuu,3700.0,2200000.0,550300.0,3100.0,14300.0
juliagisella,Julia Gisella,11500000.0,2600000.0,381300.0,7400.0,6900.0
junya1gou,Junya/じゅんや,42700000.0,3900000.0,174400.0,2100.0,2300.0
just_dt,Dt,8900000.0,1400000.0,221000.0,3200.0,2800.0
just.hamilton,Just Hamilton,2600000.0,1000000.0,185500.0,1100.0,3400.0
just.hamilton,Just Hamilton,2600000.0,1000000.0,185500.0,1100.0,3400.0
justthenobodys,JustTheNobodys,7900000.0,2900000.0,293800.0,1500.0,1200.0
jwaltonnn,ᴊ⚡️,733400.0,1600000.0,350900.0,27000.0,2500.0
k0uvr,Kouvr,13600000.0,2300000.0,404200.0,854.0,321.0
kaan.etm,Kaan,3100000.0,1500000.0,322500.0,2100.0,862.0
kaelimaee,kaeli mae,9000000.0,1900000.0,293600.0,682.0,864.0
kallmekris,Kris HC,44500000.0,4099999.9999999995,784300.0,5300.0,2100.0
kamuimi,anto🦋,306200.0,2100000.0,411300.0,2200.0,522.0
karmalust.ff,karmalust ff,204600.0,962900.0,40600.0,36100.0,745.0
kartiniinspiringwoman,kartini.skm,359900.0,970100.0,80800.0,2400.0,11600.0
katclark86,Kat Clark,1900000.0,2700000.0,381900.0,1100.0,211.0
kaylamalecc,kayla,7900000.0,3300000.0,462600.0,3900.0,255.0
keirariff,Keira,4200000.0,3300000.0,545200.0,1800.0,2500.0
keniaos,KeniaOs,14600000.0,1600000.0,280700.0,4800.0,822.0
kenti.best.boi,kenti 🎨,1200000.0,1000000.0,167900.0,1900.0,3400.0
kervo.dolo,Kervo.dolo,9700000.0,5600000.0,1200000.0,7000.0,14900.0
keysilva990,Zukey Silva 🧿❤️,29200.0,2300000.0,134300.0,1500.0,1300.0
kfc_es,KFC España,2800000.0,1200000.0,171700.0,3000.0,1500.0
khaby.lame,Khabane lame,143200000.0,25300000.0,2900000.0,23500.0,16300.0
khalidandsalama,❣️Khalid & Salama❣️,4600000.0,2100000.0,204800.0,2300.0,2300.0
khoailangthang,Khoai Lang Thang,731700.0,3900000.0,258800.0,2000.0,1300.0
kieuduylong16,Kiều Duy Long 🐉,1900000.0,2600000.0,311500.0,1800.0,335.0
kikakiim,Kika Kim,30900000.0,2800000.0,307500.0,1400.0,698.0
kimandnorth,Kim and North,6800000.0,3600000.0,684000.0,0.0,3700.0
kimberly.loaiza,Kimberly Loaiza,64200000.0,6300000.0,1000000.0,11500.0,2600.0
kinemachuu,流れ星☆ちゅうえい,215600.0,2600000.0,205200.0,1100.0,10500.0
king_misr,🎨محمد فاروق الرسام🎨,2000000.0,1500000.0,82100.0,1100.0,7500.0
kingblackcinema,Black Cinema,90900.0,979000.0,206900.0,2300.0,5400.0
kirbyquimado,Kirbyyy,187900.0,2100000.0,274900.0,1500.0,7600.0
kjsmoothh,Kjsmoothh,2500000.0,5300000.0,793200.0,10200.0,13500.0
kodakblack,Kill Bill,1300000.0,1200000.0,196700.0,4300.0,4200.0
kodasteven,Steven🇵🇷,5300000.0,2400000.0,512700.00000000006,3400.0,1900.0
kodyantle,Kody Antle,28800000.0,7300000.0,467900.0,2100.0,5300.0
kookiiecore,safe space,1200000.0,904100.0,305800.0,1300.0,2000.0
kozuehayashii,KOZUE,6700000.0,2700000.0,517100.0,568.0,812.0
kpp2179393999,きゃりーぱみゅぱみゅの裏垢,834900.0,6500000.0,345500.0,1300.0,3200.0
kristenhanby123,Kristenhanby,12200000.0,8300000.000000001,700500.0,1300.0,2500.0
kru1d,ครูหนึ่งสอนดี,4200000.0,1800000.0,108500.0,652.0,3400.0
ktkr_knw,ノワの隣,137800.0,3100000.0,159800.0,802.0,3100.0
kulinaria.recetas,AGUS LIPORACE,3300000.0,2400000.0,287100.0,669.0,8600.0
kulubotnabetl0g,Ramburat,1400000.0,987400.0,190900.0,3000.0,1900.0
kyliejenner,Kylie Jenner,41200000.0,8199999.999999999,1200000.0,4000.0,1300.0
la_lerma,LERMITA,12200000.0,1400000.0,198400.0,1200.0,2900.0
la.maraaa,LA MARA,6500000.0,1200000.0,275300.0,3400.0,761.0
lachama4_ff,LA CHAMA ᴰ,9000000.0,1300000.0,214300.0,2600.0,434.0
ladygaga,ladygaga,6700000.0,4600000.0,886400.0,11100.0,4400.0
lagranjadelborrego,La granja del borrego,8300000.000000001,2500000.0,335600.0,2000.0,688.0
lanavlnc,Lanavlnc,151900.0,1200000.0,144200.0,1800.0,4300.0
larasilvan,Lara Silva,16800000.0,5300000.0,797700.0,2700.0,2800.0
larissagloor,𝗟𝗮𝗿𝗶𝘀𝘀𝗮 𝗚𝗹𝗼𝗼𝗿,3100000.0,1500000.0,328600.0,3600.0,1800.0
laronhinesofficial,La’Ron®🎤,9500000.0,2700000.0,260899.99999999997,1000.0,730.0
larrayeeee,LARRAY,25900000.0,4900000.0,527600.0,4000.0,1200.0
larraysucksihatehim,user6329084170278,695900.0,3700000.0,877400.0,9600.0,2100.0
larrywheels,Larrywheels,1800000.0,5600000.0,669100.0,4600.0,10100.0
laschakv,Laschakv,971700.0,1400000.0,238000.0,975.0,2300.0
laurahfritz,laura & lena,2600000.0,1300000.0,253100.0,881.0,1600.0
lauralove5514,LauraLove,5900000.0,1900000.0,292000.0,1600.0,638.0
lavdysheva,lera,762400.0,4000000.0,842200.0,1900.0,1700.0
leaelui,Lea Elui,17300000.0,2800000.0,425200.0,743.0,1000.0
leanadeeb,Leana Deeb,6900000.0,8900000.0,1600000.0,3900.0,6400.0
leanbeefpatty,Beef patty,4500000.0,2000000.0,351700.0,4100.0,2700.0
leavoon,Zhanel,1300000.0,1100000.0,420600.0,1500.0,4100.0
leen_mohd98,LEEN🌸,3300000.0,1600000.0,151900.0,1900.0,1700.0
leidys_sotolongo,Leidys Sotolongo,12200000.0,2000000.0,361700.0,1500.0,234.0
leleburnier,LELÊ BURNIER,1800000.0,1600000.0,312700.0,2900.0,803.0
leonardzbant,Leonard Zbant,3000.0,1700000.0,131200.0,486.0,9600.0
letterkenny_problems,Letterkenny,2100000.0,2900000.0,276400.0,762.0,10000.0
leyla.tavas,leyla ♡,778400.0,5200000.0,1300000.0,6800.0,7900.0
liammillerr,Liam Miller,4099999.9999999995,907100.0,220800.0,1800.0,2500.0
libardoisaza,Libardo Isaza,19600000.0,5100000.0,675400.0,1200.0,1600.0
lights.are.off,LIGHTS ARE OFF,19400000.0,2800000.0,218500.0,2500.0,1300.0
lil.tecca,Lil Tecca,1800000.0,7000000.0,1400000.0,7800.0,18400.0
lilihayes,Lili Hayes,5200000.0,2500000.0,356600.0,1500.0,6600.0
lilireinhart,Lili Reinhart,4700000.0,6600000.0,1200000.0,3600.0,5200.0
lilyxgarcia,Lily Garcia,10900000.0,2300000.0,382100.0,1400.0,1200.0
lionsgate,Lionsgate,4099999.9999999995,971200.0,232100.0,1700.0,2700.0
liverpoolfc,Liverpool FC,9300000.0,2200000.0,283700.0,3100.0,1800.0
livvy,Olivia Dunne,5500000.0,2600000.0,302100.0,2100.0,1200.0
livyyrenata,livy renata,2200000.0,2500000.0,239200.0,1100.0,862.0
lizzo,lizzo,24000000.0,2800000.0,438700.0,2800.0,1200.0
lizzza,Liza Koshy,29800000.0,2000000.0,425100.0,750.0,381.0
lkzinhu,LK,15200000.0,3600000.0,497800.0,1800.0,1900.0
lockedinout,🔐,4400000.0,5400000.0,661100.0,1700.0,6200.0
locofer5,fermifer2,700800.0,1400000.0,264500.0,1900.0,1500.0
loganpaul,Logan Paul,15100000.0,3700000.0,610800.0,1900.0,1100.0
logfive,Logan,2000000.0,1500000.0,211800.0,1200.0,1700.0
lollobaroque,Lollo,699900.0,2000000.0,181800.0,6400.0,794.0
lonely.moods,:),354500.0,815500.0,214000.0,5400.0,10600.0
lonrot,Lonrot,1300000.0,3300000.0,386800.0,1800.0,5200.0
lorenzosabatoo,Lorenzo Sabato,160500.0,1600000.0,223700.0,2600.0,6100.0
lorigreiner,Lori Greiner,1800000.0,5900000.0,379000.0,2900.0,1500.0
losariasbrothers,Los Arias,1300000.0,2000000.0,376000.0,1200.0,2200.0
lossiblings_,Lossiblings🍭,25200000.0,2200000.0,300800.0,891.0,380.0
louflores_,DIY | Home Decor | Makeup,2800000.0,1900000.0,150400.0,1100.0,4800.0
louisematejczyk,Louisamatejczyk,389300.0,2900000.0,154500.0,642.0,1300.0
lowcarbstateofmind,Jackie Hartlaub,6500000.0,1900000.0,145400.0,656.0,6400.0
luadoll,루아 LuA,11200000.0,3000000.0,326300.0,661.0,2400.0
lucas_burgatti,Lucas Burgatti,2700000.0,3300000.0,428200.0,1600.0,1400.0
lucaslopezvilet,Lucas Lopez,2600000.0,4000000.0,827800.0,5900.0,8800.0
lucaspopan,Lucas Popan,938000.0,1800000.0,207700.0,2200.0,5300.0
lucasvarelaaaa,Lucas varela,2700000.0,1700000.0,307600.0,690.0,3600.0
lucifer_zam,Luzbel Zam,198500.0,777200.0,196500.0,451.0,34500.0
lukeeohalloran,Luke O'Halloran,1000000.0,3400000.0,302300.0,3000.0,4900.0
luongthingocha,Ngân Hà🍌,5500000.0,2900000.0,350000.0,1800.0,346.0
luongthingocha,Ngân Hà🍌,5500000.0,2900000.0,350000.0,1800.0,346.0
luvadepedreiro,Iran Ferreira (Lai),17100000.0,5900000.0,706200.0,5500.0,3000.0
lyfstyle.tv,Da Frontyardigans,356300.0,903500.0,267600.0,1500.0,2700.0
lyleforever,Therapy Gecko (Lyle),2400000.0,1800000.0,398900.0,696.0,2000.0
lyricoo__,ʟʏʀɪᴄᴏᴏ,1200000.0,1300000.0,165700.0,1700.0,8600.0
m0lnigt,Sandra,83300.0,1400000.0,306400.0,2700.0,934.0
m7_x4,محمد شايف,2000000.0,3400000.0,305600.0,2000.0,1500.0
mac.twinkles,สามีแห่งชาติ,1300000.0,2800000.0,311900.0,497.0,458.0
machikayt,MachikaYT,12500000.0,1900000.0,264500.0,1300.0,301.0
machinegunkelly,Colson,3600000.0,3900000.0,444700.0,3800.0,3000.0
maddy.leah3,Not me,240900.0,2900000.0,281900.0,6700.0,294.0
maddzak,Maddzak,4500000.0,2300000.0,128500.0,4400.0,109.0
madudepaoli,Madu💫,1100000.0,7500000.0,723800.0,2900.0,1400.0
mahmoud_xj,Quran Recitation,1100000.0,942900.0,165100.0,2100.0,26300.0
mahmoudalhasanat09,محمود الحسنات,6200000.0,2500000.0,314300.0,4700.0,7700.0
maiaknight,Maia Knight,8600000.0,4800000.0,912300.0,2300.0,1100.0
main_and_aseel,Main & Aseel,1300000.0,3000000.0,178100.0,1400.0,1100.0
maitreyiramakrishnan,maitreyi,4200000.0,2500000.0,484400.0,2000.0,1300.0
mamamomo2022,MamaMomo.oe,256399.99999999997,1800000.0,149700.0,1600.0,1500.0
mammybanter,Mammy Banter,1300000.0,1600000.0,220800.0,1700.0,6500.0
mandinhasiilvaa,Amanda Silva,214500.0,2200000.0,230400.0,1800.0,1900.0
mandrake1984real,Giuseppe Mandrake Ninno,1100000.0,1400000.0,185900.0,1400.0,7000.0
manhtienkhoi_,Mạnh Tiến Khôi 🐯,3500000.0,1600000.0,198400.0,2000.0,961.0
manta_ec,Manta_ec,102500.0,6100000.0,179600.0,1300.0,3500.0
margaritadebarros,Margarita De Barros,75600.0,10900000.0,620500.0,870.0,1500.0
mariabecerra_22,Maria Becerra,6800000.0,3200000.0,528200.0,2100.0,1200.0
marialuciap29,Lúcia,1900000.0,2000000.0,434600.0,3100.0,1600.0
marianna_alexandre,Marianna Alexandre,5800000.0,2100000.0,338700.0,1200.0,314.0
marianne.la.mesera,Marianne 🍸,3000000.0,4700000.0,962900.0,1300.0,684.0
marilynl19,user1692838440296,995200.0,2800000.0,476500.0,5700.0,12800.0
mariolcalderon,Mario Calderon,1800000.0,815800.0,141100.0,3900.0,12500.0
marsaimartin,Marsai,3400000.0,1600000.0,355000.0,2500.0,1200.0
marshelwidianto,Marshel Widianto,2000000.0,3000000.0,208500.0,1100.0,1300.0
marshmellomusic,marshmello,25700000.0,1800000.0,245800.0,1400.0,577.0
marwanwsahar,MarwanwSahar,1400000.0,2500000.0,163500.0,710.0,2200.0
mas_nizar,IG: nizar_abzhr31,5200000.0,1800000.0,322100.0,2600.0,630.0
mateus_hwang,Mateus Hwang,1900000.0,1900000.0,136800.0,5800.0,2600.0
matheusevitoriaofc,Matheus e Vitoria,7600000.0,2800000.0,468900.0,1400.0,1300.0
mativelasco94,Mati Velasco,1700000.0,5100000.0,392200.0,2200.0,622.0
matsudake,M2DK/マツダ家の日常,5700000.0,6800000.0,284500.0,3300.0,1000.0
matt.larose,Matt Larose,498800.0,2600000.0,371000.0,910.0,223.0
mattiastanga,Mattia Stanga,2500000.0,1500000.0,240700.0,2400.0,7700.0
mattstonie,Matt Stonie,2600000.0,2300000.0,322900.0,1000.0,285.0
mattsturniolo,Matt,2100000.0,1900000.0,386200.0,4800.0,938.0
mauoteroo,Mau Otero,4300000.0,3300000.0,349200.0,353.0,345.0
max7424453118,Max Taylor,2800000.0,3500000.0,572600.0,5200.0,9500.0
mayapolarbear,mayapolarbear,5500000.0,1500000.0,154900.0,756.0,8400.0
maymayentrata,maymay,9000000.0,5300000.0,697900.0,2900.0,2000.0
mckekell,kekel,3900000.0,1500000.0,154300.0,4100.0,2500.0
mcsilsiloficial,@mcsilsiloficial,6600000.0,1700000.0,134100.0,2200.0,6300.0
mdmotivator,Zachery Dereniowski,9300000.0,5100000.0,930300.0,3400.0,1400.0
meghanandjack,🌻Meg and Jack🌻,4099999.9999999995,1700000.0,277700.0,548.0,2400.0
mell_editz0,鬼 • 𝐆 𝐎 𝐉 𝐎,480500.0,1500000.0,229900.0,1500.0,1100.0
mellacarli,Mella Carli,2000000.0,1800000.0,283700.0,1400.0,6000.0
mementoe,Máté Méhész,3600000.0,3400000.0,588500.0,4400.0,5800.0
meowbahh,Meowbah!,1500000.0,2500000.0,92400.0,17200.0,2000.0
meowlife7,meowlife7,1900000.0,3300000.0,399000.0,1300.0,3900.0
mexicocookingclub,Calixto Serna,10900000.0,1700000.0,221900.0,1100.0,7100.0
miakhalifa,Mia K.,33600000.0,8600000.0,938700.0,2500.0,1300.0
michaelrendyw,Michael Rendy W,6200000.0,4600000.0,324800.0,806.0,746.0
michou_yt,Michou,7000000.0,1500000.0,272700.0,1800.0,574.0
midnightmood_oficial,Midnight Mood,15000000.0,1500000.0,145600.0,443.0,5200.0
mieayamthebstt,Unaa🍜,14300000.0,5500000.0,582800.0,4500.0,2600.0
mikaylanogueira,Mikayla Nogueira,12800000.0,1900000.0,246700.0,1800.0,403.0
miketoks,Miketoks,12900000.0,1900000.0,261200.0,1100.0,654.0
miketyson,Mike Tyson,3100000.0,2500000.0,331400.0,5800.0,1700.0
milliyormlenlaew,MILLI,5500000.0,5900000.0,807200.0,1500.0,1800.0
milos.guzel,Milos,5000000.0,1700000.0,340300.0,1100.0,612.0
mimiermakeup,Mirta Miler,15900000.0,2300000.0,339000.0,1200.0,254.0
minami.0819,🦄💙MINAMI💙🦄,1400000.0,995200.0,114100.0,7800.0,778.0
missionaryjack,Jack Harlow,5400000.0,4400000.0,745200.0,9100.0,9000.0
mix_151,Mix_151,1300000.0,3300000.0,268100.0,2900.0,4300.0
mmmjoemele,Joe Mele,22100000.0,9100000.0,1500000.0,3600.0,3400.0
mndiaye_97,mndiaye_97,14800000.0,2800000.0,495300.0,3100.0,2200.0
moanabih,A really basic TikTok page,808200.0,2100000.0,647500.0,1900.0,2000.0
mohaimen.alaa,مهيمن علاء,3500000.0,1500000.0,205300.0,1900.0,1400.0
mohanadrafal,مهند رفلfamily🎈,994800.0,12400000.0,265200.0,3400.0,8400.0
moneybagyo85,YouTube king von 1,55100.0,4400000.0,216100.0,680.0,244.0
montpantoja,Montpantoja,34000000.0,5700000.0,931100.0,3700.0,2400.0
morimura,MoriMura🍕,7200000.0,3000000.0,564600.0,2200.0,2100.0
moritabritos,moriii🖤,1200000.0,2700000.0,719400.0,4100.0,6200.0
mowgli.j,Mowgli,3000000.0,1600000.0,282600.0,4300.0,1600.0
mr.benz,Mr. Benz,4500000.0,2200000.0,254200.0,2100.0,2600.0
mrbeast,MrBeast,37500000.0,4300000.0,570500.0,5800.0,1400.0
mrizkybillar,Rizky Billar,5300000.0,3700000.0,334700.0,4600.0,2800.0
mrstiventc1977,MrStivenTc,6200000.0,2400000.0,288600.0,1900.0,979.0
mscathygonzaga,Alex Gonzaga,7200000.0,2700000.0,328700.0,616.0,403.0
mttiwx,Matt-,321100.0,1600000.0,310100.0,3600.0,2200.0
munchy_monk,Louie,897700.0,1300000.0,283600.0,3900.0,1600.0
muslimoffcial0,🔥Muslim - مسلم,3000000.0,2300000.0,256700.0,2200.0,1100.0
mythical_bubbles,Mythical Bubble,133500.0,1100000.0,221300.0,2800.0,2900.0
n0dd,اينعم سلطان  | SuLTAN,3800000.0,1600000.0,241300.0,3500.0,713.0
nada_m7amed,دودا🦹🏻🤍,6200000.0,3500000.0,272200.0,2800.0,2100.0
namyulenka,Namy,6500000.0,3000000.0,467500.0,3000.0,1600.0
naomineo,Naomi,1500000.0,2900000.0,614600.0,1300.0,1700.0
naomineo,Naomi,1500000.0,2900000.0,614600.0,1300.0,1700.0
nasyakailanazifa,Nasya Kaila Nazifah,2800000.0,4200000.0,173200.0,1700.0,1100.0
nathcampost,NATH CAMPOS,1700000.0,5600000.0,871800.0,1500.0,991.0
nazormaya,Maya Nazor,5000000.0,5700000.0,538100.0,1600.0,393.0
ndn2307,Ngô Đình Nam💦,5500000.0,2600000.0,242300.0,1400.0,172.0
nelkboys,NELKBOYS,4099999.9999999995,3400000.0,314100.0,1800.0,7300.0
nessaabarrett,Ness,18500000.0,9000000.0,791200.0,3800.0,3000.0
ngikuttrendaja,Ahmad Rizki,192800.0,3700000.0,304500.0,1500.0,1200.0
ngoc.matcha,Ngọc Matcha ☘️,3900000.0,1500000.0,255400.0,2400.0,723.0
niallmacmillan,Niall MacMillan,3100000.0,2000000.0,149700.0,886.0,1800.0
nianaguerrero,Niana Guerrero,32100000.0,6500000.0,1100000.0,4100.0,2600.0
nick.digiovanni,nick.digiovanni,8900000.0,2100000.0,300000.0,750.0,591.0
nickschmiiid,Nick Schmid,769700.0,1100000.0,250200.0,1300.0,2400.0
nickvannsmith,Nick Smith,9400.0,1200000.0,269800.0,2500.0,9900.0
nicocaponecomedy,nicocapone.comedy,21700000.0,13300000.0,720700.0,5600.0,33200.0
nicolecherry,nicolecherry,1100000.0,1700000.0,178700.0,1400.0,5600.0
nicoletv,Kayla Nicole,10600000.0,4600000.0,872400.0,1700.0,2600.0
nicollefigueroaa,Nicolle Figueroa,11000000.0,6900000.0,889800.0,2900.0,1400.0
nilered,NileRed,9700000.0,2800000.0,456700.0,2100.0,825.0
njr11njr,njr11njr,1200000.0,1800000.0,228800.0,3800.0,2100.0
nmixx_official,NMIXX,1900000.0,1500000.0,378300.0,3900.0,1500.0
noahschnapp,Noah Schnapp,23700000.0,23600000.0,4900000.0,44200.0,16000.0
nobodysausage,nobody sausage,15600000.0,1900000.0,117600.0,934.0,3900.0
noeldeyzel_bodybuilder,Noel Deyzel,4700000.0,2300000.0,287900.0,1600.0,1300.0
nolaymex,Nolay,54900.0,4400000.0,342800.0,3500.0,8400.0
norinpham_m4,NorinPham,2200000.0,2700000.0,279500.0,3900.0,366.0
nosoychaparro,Luis Chaparro,5400000.0,7300000.0,1400000.0,3900.0,5200.0
nost___,Nost,451000.0,3400000.0,195000.0,726.0,902.0
notshanebennett,Shane Bennett,2100000.0,2700000.0,394500.0,1000.0,1200.0
nubiegriffi,NubieGriffi,130800.00000000001,4300000.0,378500.0,2000.0,13300.0
nurbolat_football7,nurbolat_football,23500.0,2200000.0,132800.0,2000.0,4300.0
nurse.johnn,Jc Dela Cruz,1900000.0,2500000.0,272500.0,1100.0,4100.0
nvran_,😺,538500.0,3400000.0,341400.0,1500.0,30300.0
nyx.lynnx,Nyx,202600.0,1600000.0,155500.0,1800.0,1400.0
obj,Odell Beckham Jr.,1500000.0,3600000.0,447200.0,1600.0,2900.0
odintsoov,Андрей Одинцов,324300.0,1500000.0,370800.0,2500.0,4000.0
official_kep1er,Kep1er,4300000.0,4000000.0,805000.0,6100.0,3500.0
official_nct,NCT Official,8300000.000000001,1100000.0,296500.0,2800.0,1300.0
official_wayv,WayV Official,3800000.0,702700.0,251700.0,6200.0,1700.0
officialjadenwilliams,Jaden Williams,1500000.0,1700000.0,405000.0,2000.0,2100.0
officialsalicerose,Salice Rose,19000000.0,951400.0,188000.0,1600.0,2900.0
ogikdp,Zona Ogik | YT MELLO PROJECT,3000000.0,4200000.0,354300.0,3600.0,966.0
ogulcan,Oğulcan Aşıkoğlu,287100.0,3300000.0,227900.0,1900.0,3300.0
oironyoliveira,Kbuloso 😈,6200000.0,1300000.0,89700.0,329.0,7300.0
okjackok,jack,1100000.0,1400000.0,322300.0,875.0,1100.0
oldtimehawkey,Old Time Hawkey,5800000.0,4600000.0,814000.0,7000.0,5200.0
oli_natu,Oli Natu,9100000.0,2800000.0,437900.0,777.0,1100.0
olisboa,LISBOA,2300000.0,2800000.0,522200.00000000006,1200.0,1800.0
oliver6060,Queen cheryl 👸,2800000.0,1600000.0,67100.0,6700.0,1900.0
oma_abi_reaktions,Oma Abi 👵🏻,16300.0,1400000.0,104700.0,2000.0,4900.0
ongsquad,Ong Squad,8000000.0,2700000.0,304800.0,1200.0,807.0
onlyjayus,Bella Avila,18000000.0,1700000.0,291300.0,1800.0,758.0
onwardwanna,Wanna🥊,5700000.0,8700000.0,1700000.0,15300.0,4400.0
oscar_mezar,Oscar Meza,5700000.0,2600000.0,449400.0,1700.0,1600.0
otakoyakisoba,otakoyakisoba,14800000.0,2100000.0,240100.0,966.0,1400.0
outofcontextcontent,"1 , 2 0 0 , 0 0 0 LEGENDS",1200000.0,8600000.0,776900.0,2300.0,9300.0
outtpig,OuttPig,1900000.0,1700000.0,543800.0,2600.0,2200.0
ox_zung,원정맨 WonJeong,45000000.0,1900000.0,258300.0,2300.0,564.0
paansih16,gustian_magrib,1100000.0,3600000.0,291100.0,1400.0,31500.0
pablitocastilloo,pablitocastilloo,5200000.0,1300000.0,138200.0,857.0,5100.0
pacodemiguel,Paco De Miguel,6700000.0,771200.0,109900.0,2000.0,7300.0
pakoyaso_,Pakoyaso,10600000.0,2800000.0,378200.0,1500.0,3000.0
paloma.cedeno,Paloma Cedeño,578600.0,1800000.0,289600.0,5000.0,18800.0
pam_a_cake,Pam,4300000.0,2300000.0,390400.0,1100.0,146.0
pamibabyy,pami ♡,7200000.0,1700000.0,288900.0,679.0,1300.0
papurriyluisito,PapurriYluisito,814000.0,1300000.0,209400.0,684.0,2300.0
paralympics,paralympics,2100000.0,2200000.0,228400.0,4300.0,2800.0
parishilton,ParisHilton,6300000.0,2100000.0,201600.0,1700.0,1100.0
parkerlocke,Parker Locke,6400000.0,3000000.0,634300.0,8000.0,8500.0
patrickrenna,Patrick Renna,2900000.0,3200000.0,248500.0,1800.0,3500.0
paulablanca143,Paula Blanca,58000.0,2700000.0,145300.0,8100.0,23000.0
paulo_victormelo2,Paulo Victor Melo,1700000.0,2900000.0,186700.0,706.0,1500.0
paulomuzy,paulomuzy,1300000.0,1500000.0,182400.0,909.0,13600.0
paupelaez_,ʜᴀɴᴇᴍɪʏᴀ,6000000.0,2900000.0,496700.0,3600.0,1000.0
payton,“payton”,15200000.0,1200000.0,241900.0,2300.0,1300.0
paytonking,Payton King,5200000.0,4900000.0,1100000.0,8700.0,10100.0
peaks.100_,Peaks100,1000000.0,1600000.0,172300.0,1900.0,1400.0
pedro.loc,Pedro Loc,203600.0,2800000.0,384800.0,3000.0,2700.0
peetmontzingo,Peet Montzingo,10400000.0,2400000.0,266600.0,1300.0,500.0
pegamangaa,Pegamangaa,1900000.0,2000000.0,242400.0,704.0,1400.0
pepperonimuffin,Kirsten,7300000.0,3800000.0,688100.0,1400.0,524.0
pete_pamana,petepamana,2700000.0,2900000.0,307200.0,1600.0,801.0
phamvinh99,Phạm Vinh,2700000.0,2800000.0,224800.0,1400.0,913.0
phatnail,Lê Đại Phát 🥑,1300000.0,2900000.0,190900.0,2400.0,238.0
phun.anh,Phùn Anh,3600000.0,3000000.0,271600.0,2000.0,735.0
pietro_storti,pietro.storti,400700.0,1000000.0,141600.0,1600.0,5800.0
piperrockelle,♥️Piper Rockelle♠️,9500000.0,1700000.0,173200.0,4300.0,389.0
pkllipe,Pk,17700000.0,2100000.0,378700.0,1700.0,2100.0
pollywogcabin,Jake Valois,149600.0,1400000.0,134600.0,664.0,11800.0
polya_tuti,Поля тут🔥👇,2300000.0,3100000.0,250600.0,711.0,730.0
pongamoslo_a_prueba,Pongámoslo a Prueba,34200000.0,11200000.0,1700000.0,4100.0,3500.0
popokbolong,PARHANCUK!,2600000.0,1500000.0,276900.0,1600.0,806.0
posterised,Posterised,4099999.9999999995,10100000.0,1300000.0,3600.0,3900.0
pr4nce,gabriel prince,2600000.0,1600000.0,267100.0,3500.0,2500.0
priimoraa,Prii Moraa,15000000.0,3000000.0,525900.0,840.0,880.0
priv_mav,MAV 🦦,5300000.0,2700000.0,334000.0,524.0,686.0
psg,psg,27900000.0,2600000.0,271500.0,1500.0,497.0
pureojuice,NO OPPS OUT ON ALL PLATFORMS,168300.0,1100000.0,186100.0,3300.0,3700.0
qamar_altaey,𓆩𝑄𝐴𝑀𝐴𝑅¹⁶𓆪,3200000.0,5800000.0,517200.00000000006,12200.0,11600.0
qpark,Q Park,32000000.0,12400000.0,1100000.0,6400.0,19100.0
queen_paul,⭐️💄Queen Paul💄⭐️,3100000.0,3200000.0,78900.0,3100.0,950.0
qvos,Rupthy🏡 (Roblox),1900000.0,1500000.0,157100.0,4200.0,2200.0
rad.miru,🌜РАДМИР🌛,12000000.0,3700000.0,298200.0,1100.0,294.0
rafaellatuma,Rafaella Tuma,1200000.0,1500000.0,146000.0,1400.0,12600.0
rafaelsantos,Rafael Santos,17900000.0,2400000.0,548000.0,2700.0,1100.0
rafifrasyaq,rafif,74700.0,1600000.0,221800.0,1800.0,4100.0
rah_money1,General ock,3100000.0,1700000.0,231500.0,1500.0,1400.0
rakib_hossain_vlogs,Rakib Hossain,1200000.0,1300000.0,139600.0,4100.0,1100.0
ramonvitor,ramonvitor,4400000.0,3900000.0,821600.0,2900.0,1300.0
ratuauliaa22,ratuauliatp,12600000.0,2500000.0,304100.0,1900.0,1000.0
rawwwash,Mostafa Abo Rawash,1200000.0,7100000.0,370600.0,2100.0,3700.0
rayanfahmi,Rayoon,3300000.0,2400000.0,221200.0,1200.0,921.0
rayssabuq,Rayssa Buq,6100000.0,1500000.0,252200.0,2000.0,761.0
readyfredi,fredi,2300000.0,7500000.0,1400000.0,19000.0,32100.0
real_animasinopal,Animasinopal,1500000.0,2500000.0,309600.0,1000.0,3100.0
realmadrid,Real Madrid C.F.,17700000.0,2800000.0,403200.0,2600.0,2300.0
renpc_,✨Ren PC✨,4099999.9999999995,1900000.0,349700.0,1800.0,6400.0
reyyhaan31,Reyyhaan!,4400000.0,2800000.0,213500.0,1000.0,409.0
riaricis,Ria Ricis,27400000.0,2900000.0,276700.0,1100.0,1200.0
richcaroline,Caroline Ricke,3100000.0,1600000.0,308200.0,669.0,1400.0
rickylemon99,Ricky Limon,11600000.0,3500000.0,394800.0,549.0,366.0
rita_pubg,ريتا العراقية,1600000.0,1400000.0,135700.0,7500.0,1500.0
robert_kelley,Robert Rausch,780500.0,1400000.0,280000.0,1400.0,2000.0
roblox,Roblox,8800000.0,1500000.0,239600.0,5900.0,1500.0
rosalia,La Rosalia,20800000.0,3300000.0,445100.0,2100.0,992.0
rubentuestaok,Ruben Tuesta,15600000.0,4900000.0,568100.0,1400.0,4000.0
rucenuenda1,Ruce Nuenda,1600000.0,2100000.0,332500.0,1400.0,740.0
rug,FaZe Rug,9100000.0,1700000.0,230500.0,1900.0,314.0
rus.alien,Rustam Raziev,7000000.0,5000000.0,279500.0,1200.0,233.0
ryanbakery,𝙍𝙮𝙖𝙣𝘽𝙖𝙠𝙚𝙧𝙮,1500000.0,3500000.0,364500.0,4200.0,4200.0
rzy135,RZ......,278300.0,1100000.0,153900.0,1100.0,3800.0
rzy135,RZ......,278300.0,1100000.0,153900.0,1100.0,3800.0
sa_ro01,sara💜,5800000.0,4900000.0,385900.0,8200.0,2300.0
saafiir_,Saafiir,3600000.0,3500000.0,143600.0,738.0,789.0
sabrenorris,Sabre Norris,3100000.0,1700000.0,168400.0,9600.0,607.0
sabrinacarpenter,Sabrina Carpenter,12300000.0,2800000.0,502600.0,1500.0,1100.0
sabrinamaria,Sabrina Maria,66000.0,3400000.0,435900.0,1700.0,752.0
sachiuki,sachi ˘͈ᵕ˘͈,617400.0,866800.0,269200.0,3900.0,2800.0
samanth_a01,Sam,490500.0,1900000.0,247900.0,1700.0,1100.0
samkelly322,Samantha Kelly,2500000.0,2400000.0,423500.0,1200.0,2100.0
sammihanratty,Sammi Hanratty,1200000.0,3700000.0,775500.0,1600.0,1500.0
sammy_dao222,Sammy Đào,2600000.0,2200000.0,218700.0,4000.0,1300.0
samseats,Sam Way,9000000.0,9600000.0,1100000.0,2300.0,2100.0
sarahcothran,Sarah Cothran,3200000.0,1500000.0,276800.0,1200.0,1000.0
scarlettsspam2,scarlett,2100000.0,17900000.0,845800.0,53900.0,6300.0
scottsreality,Scott 🔥,37400000.0,4900000.0,139600.0,1000.0,196.0
scottsreality,Scott 🔥,37400000.0,4900000.0,139600.0,1000.0,196.0
scottsreality,Scott 🔥,37400000.0,4900000.0,139600.0,1000.0,196.0
secondhandhuns,Verona Farrell,99000.0,1800000.0,252500.0,1900.0,1200.0
sefo,Sefo,759800.0,3300000.0,283400.0,1000.0,810.0
selenagomez,Selena Gomez,41600000.0,11300000.0,1900000.0,12000.0,6100.0
selenaoutdid,♡,347200.0,2000000.0,280700.0,1500.0,1800.0
semiraminta,Yeliz Korkmaz,11900000.0,2200000.0,167400.0,5000.0,605.0
sergioramos,Sergio Ramos,10200000.0,1600000.0,192700.0,4800.0,342.0
seventeen17_official,SEVENTEEN,5000000.0,3400000.0,748600.0,10300.0,9400.0
shadisrour,Shadi Srour,1900000.0,3100000.0,290300.0,4100.0,2700.0
shahab_vid1,حساب الرسمي شهاب ملح,3000000.0,3700000.0,62400.0,2600.0,1900.0
shakira,Shakira,23900000.0,6300000.0,407300.0,1600.0,508.0
shanjid_hasan,🔥Shanjid Hasan🔥,4600000.0,2200000.0,233700.0,1100.0,879.0
shanti_rehman,shanti rehman🇧🇩,290300.0,3700000.0,245100.0,2000.0,2200.0
sharl_crb,sharl,1800000.0,2100000.0,365700.0,1300.0,516.0
shayvise,Shayvise,2900000.0,2100000.0,376000.0,861.0,282.0
shenacinnamon,Shenina Cinnamon,530600.0,2500000.0,237700.0,798.0,559.0
sherifkhalid,sherif khalid 🙏,9800000.0,1300000.0,154600.0,2000.0,2300.0
shlatfish,Shlatfish,3800000.0,1800000.0,250100.0,3900.0,2600.0
shxtsngigs,ShxtsNGigs Podcast,4000000.0,6000000.0,1200000.0,2400.0,13100.0
sibenitoo,SiBenitoo,5100000.0,1700000.0,147800.0,2000.0,1200.0
sidetalknyc,Sidetalk,3700000.0,1600000.0,222100.0,897.0,3800.0
simp4me.de,Soffi,17300.0,1400000.0,202500.0,2200.0,6400.0
siscakohl,Sisca Kohl,12000000.0,11200000.0,1400000.0,15000.0,5200.0
sjbleau,SJ,12900000.0,2500000.0,372200.0,979.0,576.0
skaijackson,Skai Jackson 🥰,19900000.0,2000000.0,393300.0,1500.0,601.0
skillerhomei,Football ⚽️ SkillerHome,1900000.0,1900000.0,329700.0,3800.0,4800.0
slimjim,Slim Jim,2700000.0,1800000.0,137000.0,22700.0,190.0
snauzk,snauzk,4300000.0,897000.0,225600.0,1900.0,3600.0
snoopdogg,Snoop Dogg,21400000.0,4300000.0,362300.0,4700.0,1800.0
sofiaespanha,sofia espanha,3700000.0,2600000.0,437200.0,2800.0,688.0
softbulletgun97,Tik Toker,1300000.0,2300000.0,188300.0,2200.0,4100.0
somosnoveleiros,𝗷𝘂𝗹𝗶𝗼,1100000.0,1500000.0,287800.0,1700.0,537.0
soojinicoreana,Chingu Amiga,18600000.0,9000000.0,1400000.0,4300.0,1100.0
soupytime,georgie,5100000.0,1300000.0,282500.0,2100.0,794.0
soydekko,Soydekko,6900000.0,2100000.0,307800.0,2000.0,304.0
soyminisech,🐻🐻SECHITO🐻🐻,731600.0,5700000.0,360700.0,1500.0,5700.0
soysaucer,fivar,563000.0,5900000.0,851100.0,2700.0,14400.0
soysuco,soysuco,11400000.0,4800000.0,628100.0,14500.0,1700.0
soysuco_ff,Suco Ismael,3700000.0,3400000.0,430500.0,6600.0,981.0
spencer_serafica,Xspencer,12900000.0,3200000.0,562200.0,3100.0,2600.0
spents,Spence,1700000.0,1200000.0,255300.0,1200.0,1500.0
spicyycam_,Spice King,19100000.0,1800000.0,214800.0,1900.0,139.0
stayc_official,STAYC,1400000.0,706200.0,229900.0,5400.0,1400.0
stellajero16,Vester Ajero,1300000.0,861900.0,185300.0,9300.0,970.0
stephenamell,Stephen Amell,1600000.0,1200000.0,206500.0,2100.0,2700.0
stevang08,stevang08,251100.0,2200000.0,293000.0,2100.0,23300.0
steveioe,Steveioe,10900000.0,1400000.0,254000.0,888.0,1500.0
story_7647,𝕾𝖙𝖔𝖗𝖞,571100.0,1600000.0,316500.0,358.0,6100.0
straange_56guuuuy,aikihoruus?,5900.0,1500000.0,276600.0,2200.0,10800.0
strangehumano,strangehuman,9200000.0,4600000.0,656700.0,2200.0,1600.0
straykids_japan,straykids_japan,7600000.0,849600.0,255300.0,6700.0,4700.0
subwaysurfersofficial,Subway Surfers,4300000.0,4200000.0,677100.0,8400.0,963.0
sucss.s,Açucena Guirra,10700000.0,2700000.0,608500.0,2800.0,649.0
supadupahumble,@supadupahumble,2200000.0,2700000.0,540300.0,1700.0,6900.0
surfinsafari,Surfin Safari,105700.0,2000000.0,221100.0,1400.0,1700.0
susymourizz,🍩Susy Mouriz🍩,7200000.0,2000000.0,229300.0,2700.0,1300.0
swaggyj.enny,tg,546300.0,1500000.0,316200.0,1600.0,1200.0
tai.tl2,tai_tl,396900.0,1200000.0,212400.0,1700.0,3300.0
talalionaire,طلاليونير,593000.0,5600000.0,404100.0,10900.0,8100.0
talfishman,Tal Fishman,2200000.0,1600000.0,206500.0,1500.0,837.0
tangmokoko,แตงโม โกโก้ปั่น,901500.0,3000000.0,191400.0,1600.0,467.0
tannertan36,tan,689800.0,926200.0,249300.0,1900.0,3600.0
taylorfrankiepaul,Taylor Paul,3600000.0,3500000.0,155700.0,1200.0,443.0
teddyteclebrhan,TeddyTeclebrhan,863200.0,1200000.0,140500.0,585.0,4000.0
terryreloaded,Terry Reloaded,5900000.0,4700000.0,946900.0,7100.0,13200.0
tessteur,Tess Teur,83400.0,940800.0,81900.0,704.0,10800.0
teukuryantr,teukuryantr,3700000.0,2200000.0,215900.0,1400.0,1600.0
texasboi78,Casey,21400.0,1400000.0,89000.0,900.0,19000.0
thallyssonsb,Thallysson Borges,9600000.0,2600000.0,388800.0,4200.0,6000.0
thanhyvo,🌹❤️Thành ý võ ❤️🌹,11500000.0,3900000.0,245100.0,1100.0,202.0
thatlittlepuff,ThatLittlePuff,28600000.0,4600000.0,476500.0,916.0,1200.0
thaybeou40,Thầy Beo U40,4099999.9999999995,4099999.9999999995,363600.0,2000.0,290.0
the.historical,History Footage,201500.0,2900000.0,346200.0,4800.0,5100.0
theandrewschulz,Andrew Schulz,3500000.0,2600000.0,474100.0,2700.0,11800.0
thebenjishow,benji,5700000.0,1800000.0,274100.0,1100.0,1500.0
thebosswives,The Boss Wives,1100000.0,2200000.0,206200.0,808.0,4200.0
thecoreyb,Corey B,8700000.0,905900.0,141400.0,808.0,5600.0
theevaelfie,Eva Elfie,4099999.9999999995,1600000.0,194100.0,3500.0,1200.0
thegervaisshrine,Ricky Gervais’ Best Bits,135300.0,2300000.0,232900.0,1200.0,3700.0
thehealchef,Harry Heal,2000000.0,2500000.0,374500.0,3000.0,2700.0
thekapelariz,The Kapelari Family,1400000.0,1800000.0,255900.0,1500.0,741.0
thekauczuk,Kauczuk,644900.0,2400000.0,205100.0,2000.0,358.0
thekidlaroi,The Kid LAROI.,3100000.0,3500000.0,448500.0,3600.0,3100.0
thelondoncharles,London Charles,5900000.0,2700000.0,637400.0,2400.0,2200.0
themysteriouschef,TheMysteriousChef,4700000.0,1900000.0,187800.0,1100.0,1200.0
theovon,Theo Von,2100000.0,1400000.0,127300.0,1300.0,12300.0
therealhammytv,TheRealHammyTV,14800000.0,6400000.0,322500.0,2100.0,17300.0
therealmaneskin,Måneskin,5700000.0,2900000.0,339800.0,1600.0,974.0
therock,The Rock,53100000.0,2700000.0,422700.0,5900.0,2900.0
thestradman,TheStradman,3200000.0,4000000.0,587800.0,7400.0,2400.0
thesupercole,Cole LaBrant,21900000.0,8000000.0,848800.0,3300.0,2100.0
thethai.14,THAIFT,445200.0,2900000.0,182400.0,1100.0,841.0
thethinktok,The Think Tok,666100.0,1700000.0,152100.0,1900.0,7100.0
thiagobarrosoficial,Thiago Barros,3600000.0,2000000.0,223700.0,901.0,950.0
thiagobarrosoficial,Thiago Barros,3600000.0,2000000.0,223700.0,901.0,950.0
thinfrog,frog army tiktok😈🐸💪,1500000.0,2300000.0,204300.0,1400.0,863.0
thinhung99,Thị Nhung,6200000.0,2600000.0,295700.0,4600.0,965.0
thiskasai,Thiskasai,884000.0,1500000.0,272500.0,1700.0,6700.0
tiahranelson,T✨,4400000.0,890000.0,260800.0,4100.0,2900.0
tifannylm,⚡️TEF,8300000.000000001,4000000.0,451200.0,1300.0,517.0
tik_tok_bhadie,grantbeans,1600000.0,4600000.0,1200000.0,4100.0,6600.0
tiktokchavs_,THETIKTOKCHAVS,1400000.0,1200000.0,203500.0,1300.0,2400.0
tmaai_,20th6.,91800.0,1300000.0,170900.0,638.0,4400.0
tombrady,Tom Brady,4200000.0,5500000.0,551600.0,4500.0,6900.0
tomjamesr,Tom Riggott,77100.0,2200000.0,298700.0,1100.0,956.0
tommyinnit,Tommy,11500000.0,1300000.0,366300.0,5400.0,1100.0
tonylopez,Tony Lopez,23100000.0,2100000.0,252000.0,1300.0,460.0
tooturnttony,Tooturnttony,17000000.0,4099999.9999999995,494300.0,4400.0,1300.0
trainee_a,Trainee A,3100000.0,1000000.0,280200.0,3000.0,2500.0
trashywashyy,Rach,3600000.0,3800000.0,288900.0,1100.0,355.0
trevorwallace,trevor wallace,8000000.0,2800000.0,269400.0,673.0,7600.0
tsezy,Tommy,4800000.0,2000000.0,253500.0,1900.0,735.0
tsonghanwu,Tsong Han Wu Velasquez,6400000.0,2200000.0,358000.0,652.0,932.0
tuananh_villa699,🔥Tuấn Anh🔥,1900000.0,1700000.0,251200.0,3800.0,1100.0
tuankiet.2000,Kiệt Hà Tịnh,3400000.0,2200000.0,258399.99999999997,1300.0,386.0
tulio_sasaya,tulio sasaya,468500.0,1600000.0,366900.0,2100.0,1500.0
tunico80,🌠Antonio Tonon🌠,6700000.0,1800000.0,297800.0,1800.0,1800.0
turquoise.dec,turks<3,469400.0,1400000.0,302800.0,1200.0,1300.0
tuvok12,Tuvok12,12700000.0,9300000.0,1300000.0,1100.0,1000.0
twice_tiktok_official,TWICE,15900000.0,4900000.0,1300000.0,21800.0,12800.0
txt.bighitent,TOMORROW X TOGETHER,17300000.0,4200000.0,1300000.0,21400.0,7800.0
ty.funnyfunny,Ty.funnyfunny,237700.0,1200000.0,240900.0,5000.0,14900.0
unboxing.id,unboxing.id,100000.0,2100000.0,203900.0,1300.0,643.0
unlabeled_,Paula 🐄,1200000.0,3300000.0,610500.0,1700.0,648.0
unlap1n,ELL/BILL,124200.0,803500.0,263200.0,2000.0,2500.0
unreal_keanu,Unreal Keanu Reeves,3700000.0,1800000.0,187900.0,6400.0,2000.0
usso96,Usso96,7000000.0,4000000.0,303100.0,889.0,1800.0
ustazebitlew,Ebit Lew,3300000.0,2400000.0,195200.0,3600.0,2400.0
valuza.z,Valentina Zenere,1900000.0,2100000.0,365700.0,1300.0,748.0
vancityreynolds,Ryan Reynolds,20100000.0,3800000.0,973500.0,3400.0,2500.0
vanessalopesr,Vanessa Lopes,23300000.0,3900000.0,387900.0,3200.0,1800.0
vanrezaputra,Elaina,320100.0,1900000.0,163300.0,2300.0,1800.0
vasif.yahyayev95,RASHEL KOLANECİ,1600000.0,2300000.0,117900.0,1000.0,1900.0
veganpastrychef,Gracie,2000000.0,2500000.0,380500.0,2100.0,4100.0
veliaveve_,Velia,2500000.0,2100000.0,361300.0,1400.0,337.0
venao2323,YANFRY EL TIERNO🙈,4500000.0,1800000.0,175700.0,1200.0,1900.0
vhackerr,Vinnie,14400000.0,3700000.0,737600.0,9600.0,5300.0
vibin.wit.tay,Tay,3700000.0,2800000.0,652000.0,2900.0,12400.0
victormelo,Victor Melo,20900000.0,5100000.0,745100.0,4100.0,5200.0
videomusic.oficial,Videomusic,2000000.0,1500000.0,140000.0,284.0,5500.0
vidhia_r,Vidhi_R,6700000.0,3200000.0,382900.0,4700.0,3900.0
vienvibi_899,Viên Vibi,6700000.0,3200000.0,330600.0,1300.0,285.0
vietphuongthoa98,Việt Phương Thoa,11000000.0,3700000.0,426600.0,1800.0,387.0
viki_tory88,Вика & Женя,310600.0,1900000.0,48800.0,208.0,12900.0
viliacarl,Vilia Carl,3200000.0,3100000.0,281500.0,785.0,1200.0
vilmeijuga,VILMEI✨,13300000.0,3200000.0,321600.0,3600.0,1900.0
vinhtech.review,VINHTECH REVIEW,753000.0,4200000.0,225600.0,3000.0,1100.0
viralatacaramelo,vira-lata caramelo,1500000.0,2100000.0,526300.0,4900.0,1700.0
virginiafonseca,Virginia,32500000.0,4300000.0,495100.0,2300.0,946.0
vitoou,vito•_•,52400.0,1000000.0,179300.0,3300.0,10900.0
vzelivx,vzelivx,731300.0,2100000.0,271200.0,2600.0,1300.0
wawazainal92,WAWA ZAINAL,116700.0,1700000.0,216100.0,3900.0,2600.0
wessamq,wessamq,5200000.0,8300000.000000001,860900.0,4700.0,6200.0
wigofellas,wigofellas,33299999.999999996,3200000.0,163500.0,606.0,1300.0
williamlast_krm,William Last KRM,4600000.0,2000000.0,210600.0,2900.0,2400.0
williesalim,WILLIE SALIM,13300000.0,4300000.0,260800.0,6000.0,1800.0
wisdm8,Wisdom Kaye,8199999.999999999,1400000.0,277500.0,2600.0,1600.0
wuesilva,Wue Silva,12500000.0,1900000.0,236400.0,1600.0,1600.0
xtnam1,Lee,2000000.0,1300000.0,352800.0,1500.0,1200.0
xxlechuga,Daniel Lechuga,4099999.9999999995,1200000.0,293100.0,1300.0,2000.0
xxxten1369,XXXTENTACION,3700000.0,2800000.0,335100.0,1000.0,1800.0
yahia_x,يحيى الزعبي,2200000.0,4000000.0,189900.0,1000.0,3100.0
yasincengiz38,YasinCengiz,1500000.0,5300000.0,141500.0,433.0,4500.0
yescyrille,Yescyrille,3000000.0,3000000.0,196500.0,967.0,2200.0
yesimresmi1,~YEŞİM,16600000.000000002,3300000.0,223400.0,1500.0,850.0
yg_treasure_tiktok,yg_treasure_official,4200000.0,2300000.0,645400.0,10200.0,6200.0
ygnazz,NAS,1500000.0,1200000.0,214800.0,1600.0,2600.0
yizaroff,YIZARO,4900000.0,1800000.0,252200.0,2900.0,551.0
yk_osiris,YK Osiris,1900000.0,3000000.0,373600.0,4000.0,6300.0
yogaarizona,Yoga Arizona,1000000.0,3700000.0,352700.0,1800.0,1900.0
yucholoco,Sintya Marisca,2200000.0,2000000.0,226200.0,6800.0,3900.0
yunggravy,Yung Gravy 🍯,3800000.0,2800000.0,431900.0,2700.0,3000.0
yurielkysojeda,Yurielkys Ojeda,13700000.0,2000000.0,293700.0,1300.0,515.0
yzn47,يزن الأسمر,6100000.0,13100000.0,555500.0,3600.0,20100.0
zachking,Zach King,68800000.0,3500000.0,394400.0,1400.0,650.0
zakuryyy,ZAK,423500.0,2600000.0,359300.0,1900.0,5000.0
zappingtv.it,ZappingTv.it,146200.0,2300000.0,150000.0,426.0,2000.0
zara,ZARA,2600000.0,6200000.0,235500.0,786.0,399.0
zeinabharake,Zeinab Harake,13500000.0,2600000.0,399200.0,1500.0,637.0
zeth,Zeth,12500000.0,6700000.0,1300000.0,3000.0,7700.0
zodiac.boyfriend,Zodiac Boyfriend🪐🔮,1800000.0,1900000.0,272700.0,6800.0,3600.0
zowloficial,Lord Zowl,1100000.0,1400000.0,178100.0,1400.0,2100.0
zrt.foot,ZR7,100800.0,2300000.0,218000.0,1700.0,6400.0
zubarefff,Зубарев Александр,4000000.0,1900000.0,249000.0,1300.0,1600.0
