handle_instagram,name_instagram,category_1,category_2,followers,audience_country,engagement_auth,engagement_avg,unified_cat_1,unified_cat_2
433,433,Sports with a ball,,50700000,Spain,274900,456700.0,Sports,
____kimwoobin,김우빈,Lifestyle,,3600000,Indonesia,449400,592700.0,Lifestyle,
__youngbae__,TAEYANG,Music,,13400000,Indonesia,269600,304100.0,Music,
_agentgirl_,НАСТЯ ИВЛЕЕВА,Shows,,18600000,Russia,164400,189400.0,Entertainment,
_hakkencoser_,Hakken 八犬,Lifestyle,Photography,3500000,United States,525100,643000.0,Lifestyle,Lifestyle
_hakkencoser_,Hakken 八犬,Lifestyle,Photography,3500000,United States,525100,643000.0,Lifestyle,Lifestyle
_imyour_joy,Joy,Lifestyle,,14000000,Indonesia,1100000,1400000.0,Lifestyle,
_jeongjaehyun,Jaehyun,,,11900000,Indonesia,2100000,2600000.0,,
_mariahwasa,HWASA,,,8200000,Brazil,957200,1200000.0,,
_rl9,Robert Lewandowski,Sports with a ball,,26600000,Poland,381900,486000.0,Sports,
_seorina,설인아 sᴇᴏʀɪɴᴀ,Lifestyle,Cinema & Actors/actresses,5700000,South Korea,728000,903500.0,Lifestyle,Entertainment
_shotaroo_,SHOTARO ショウタロウ,Lifestyle,Music,5300000,Indonesia,866900,1100000.0,Lifestyle,Music
_zyozyo,지효 (JIHYO),,,3600000,,1900000,,,
03_hu,박지후,Lifestyle,,4200000,South Korea,632200,775600.0,Lifestyle,
21savage,,Music,,13500000,United States,271200,475800.0,Music,
39saku_chan,Sakura Miyawaki,Cinema & Actors/actresses,,3500000,Indonesia,666200,822300.0,Entertainment,
3gerardpique,Gerard Piqué,Sports with a ball,,20400000,Spain,453300,668800.0,Sports,
5sos,5 Seconds of Summer,Music,,10100000,United States,154300,213700.0,Music,
9gag,9GAG: Go Fun The World,Humor & Fun & Happiness,,58200000,Indonesia,118500,154400.0,Entertainment,
ab,Antonio Brown,Sports with a ball,,9600000,United States,131900,268000.0,Sports,
abdevilliers17,AB de Villiers,Sports with a ball,Lifestyle,18300000,India,274100,315800.0,Sports,Lifestyle
achrafhakimi,Achraf Hakimi,Sports with a ball,,9800000,Morocco,359200,527200.0,Sports,
actor_jg,"💓배우 이준기 LEE JOON GI , a.k.a Actor JG 李準基 💓",Cinema & Actors/actresses,,6400000,Indonesia,332200,389900.0,Entertainment,
actorleeminho,이민호 leeminho,Cinema & Actors/actresses,,29900000,Indonesia,2500000,3300000.0,Entertainment,
actorsuriya,Suriya Sivakumar,Cinema & Actors/actresses,,4800000,India,715600,928700.0,Entertainment,
acunilicali,Acun Ilıcalı,Cinema & Actors/actresses,,13700000,Turkey,128100,157400.0,Entertainment,
adamsandler,Adam Sandler,Cinema & Actors/actresses,,13300000,United States,126800,161800.0,Entertainment,
adamweitsman,Adam Weitsman,Business & Careers,,17200000,Russia,235800,321700.0,Info/Business,
addisonraee,Addison Rae,Beauty,,40500000,United States,569500,880100.0,Beauty/Fashion,
adinross,,,,2800000,United States,497200,1000000.0,,
adinross,,,,2700000,United States,497300,1000000.0,,
aespa_official,aespa 에스파,Lifestyle,,8900000,Indonesia,211900,304200.0,Lifestyle,
agustd,SUGA of BTS 민윤기,Lifestyle,Music,35900000,,10200000,,Lifestyle,Music
ahmedabohashima,Ahmed Abouhashima,Business & Careers,Finance & Economics,14800000,Egypt,121900,164400.0,Info/Business,Info/Business
ahmedhelmy,Ahmed Helmy,Humor & Fun & Happiness,,16600000,Egypt,107900,135600.0,Entertainment,
ahmedhelmy,Ahmed Helmy,Humor & Fun & Happiness,,16600000,Egypt,107900,135600.0,Entertainment,
akshaykumar,Akshay Kumar,Cinema & Actors/actresses,,62500000,India,501100,593800.0,Entertainment,
albafloresoficial,Alba Flores,Cinema & Actors/actresses,,11700000,Spain,244400,328900.0,Entertainment,
aleoliveiracm,Alê Oliveira,Humor & Fun & Happiness,,8400000,Brazil,232500,589600.0,Entertainment,
alexandradaddario,alexandra daddario,Cinema & Actors/actresses,,22600000,India,281100,343800.0,Entertainment,
alexis_officia1,Sanchez Alexis,Sports with a ball,,14000000,Chile,123200,202200.0,Sports,
alexisren,Alexis Ren,Lifestyle,,16500000,United States,98700,153300.0,Lifestyle,
alfinetei,Alfinetadas Dos Famosos 📌,Humor & Fun & Happiness,,21600000,Brazil,82500,185400.0,Entertainment,
aliaabhatt,Alia Bhatt 🤍☀️,Cinema & Actors/actresses,,66600000,India,1300000,1600000.0,Entertainment,
aliandooo,Aliando Syarief,Music,Cinema & Actors/actresses,16600000,Indonesia,132500,212300.0,Music,Entertainment
aliiiiiiiikarimi8,Ali Karimi,Sports with a ball,,9400000,Iran,383800,578100.0,Sports,
alishalehmann7,Alisha Lehmann,Sports with a ball,,7700000,Brazil,235600,444800.0,Sports,
alluarjunonline,Allu Arjun,Cinema & Actors/actresses,,18500000,India,1100000,1400000.0,Entertainment,
alok,Alok,Music,Art/Artists,27600000,Brazil,103900,132000.0,Music,Entertainment
alvaromorata,Álvaro Morata,Sports with a ball,Literature & Journalism,17200000,Italy,104700,162100.0,Sports,Info/Business
alvaromorte,Álvaro Morte,Cinema & Actors/actresses,,12200000,India,125200,172100.0,Entertainment,
alvxaro,ALVARO,Lifestyle,,9600000,Brazil,205700,515700.0,Lifestyle,
alwaysramcharan,Ram Charan,Lifestyle,Cinema & Actors/actresses,7800000,India,833600,933700.0,Lifestyle,Entertainment
amadorat,N I C O L E   A M A D O 🐉,Fashion,Lifestyle,8200000,Mexico,440900,492500.0,Beauty/Fashion,Lifestyle
amandacerny,Amanda 𝕮𝖊𝖗𝖓𝖞,Humor & Fun & Happiness,,24000000,India,97400,157100.0,Entertainment,
amauryguichon,Amaury Guichon,Food & Cooking,,8900000,United States,416000,507800.0,Lifestyle,
amin.hayai,Amin Hayaiee,,,9000000,Iran,298100,392500.0,,
amitabhbachchan,Amitabh Bachchan,Cinema & Actors/actresses,,30600000,India,202200,233700.0,Entertainment,
amitabhbachchan,Amitabh Bachchan,Cinema & Actors/actresses,,30700000,India,173000,199300.0,Entertainment,
amybethmcnulty,Amybeth,Lifestyle,Cinema & Actors/actresses,7000000,Brazil,430500,591500.0,Lifestyle,Entertainment
ana_d_armas,A N A   D E   A R M A S,Cinema & Actors/actresses,Lifestyle,7000000,United States,613800,830200.0,Entertainment,Lifestyle
anahi,Anahi,Music,Modeling,9700000,Brazil,340100,596300.0,Music,Beauty/Fashion
ananyapanday,Ananya 💛💫,Cinema & Actors/actresses,,22900000,India,355500,415700.0,Entertainment,
anas,Anas,Family,Shows,5700000,,577700,,Lifestyle,Entertainment
andreavaldirisos,ANDREA VALDIRI 🇨🇴,Lifestyle,Beauty,8500000,Colombia,462100,656900.0,Lifestyle,Beauty/Fashion
andresiniesta8,Andres Iniesta,Sports with a ball,,39600000,Spain,63000,91700.0,Sports,
angela_aguilar_,Ángela Aguilar 🇲🇽,Lifestyle,,8700000,Mexico,320000,388100.0,Lifestyle,
angeldimariajm,Ángel Di María,Sports with a ball,,17500000,Argentina,178700,262900.0,Sports,
angelinajolie,Angelina Jolie,Lifestyle,,13200000,Brazil,213800,354200.0,Lifestyle,
angelinajolie,Angelina Jolie,,,13200000,Brazil,213800,354200.0,,
angeliqueboyer,Angelique Boyer,Shows,Cinema & Actors/actresses,14100000,Brazil,254200,318800.0,Entertainment,Entertainment
angelrai07,Angel Rai :),Humor & Fun & Happiness,,19900000,India,448100,539000.0,Entertainment,
anguscloud,Angus Cloud,,,8300000,United States,864800,1400000.0,,
anirudhofficial,Anirudh,Lifestyle,Music,5900000,India,351800,445500.0,Lifestyle,Music
anitta,Anitta 🎤,Music,,62700000,Brazil,185700,345500.0,Music,
anjimaxuofficially,Anjali Arora,Lifestyle,,11400000,India,422100,540000.0,Lifestyle,
annehathaway,Anne Hathaway,Cinema & Actors/actresses,,24300000,United States,685600,903800.0,Entertainment,
ansufati,Ansu Fati,Sports with a ball,,8600000,Spain,252300,382700.0,Sports,
antogriezmann,Antoine Griezmann,Sports with a ball,,36300000,Spain,85700,138100.0,Sports,
antonelaroccuzzo,Antonela Roccuzzo,Modeling,Family,19500000,Argentina,1000000,1700000.0,Beauty/Fashion,Lifestyle
anuel,“REAL HASTA LA MUERTE”,Music,,28700000,Spain,382000,587400.0,Music,
anupamaparameswaran96,Anupama Parameswaran,Cinema & Actors/actresses,,12200000,India,400000,456800.0,Entertainment,
anushkasen0408,Anushka Sen,Cinema & Actors/actresses,,37600000,India,388400,451800.0,Entertainment,
anushkasharma,AnushkaSharma1588,Cinema & Actors/actresses,,59100000,India,1100000,1300000.0,Entertainment,
anyageraldine,anya geraldine,Music,,10800000,Indonesia,120700,202200.0,Music,
anyageraldine,anya geraldine,Music,,10800000,Indonesia,120700,202200.0,Music,
anyataylorjoy,Anya Taylor-Joy,,,9100000,United States,711200,1000000.0,,
araikgalstyanmoscowschool,ＡＲＡＩＫ  ＧＡＬＳＴＹＡＮ®️,Beauty,,15100000,Turkey,288000,372100.0,Beauty/Fashion,
arashi_5_official,ARASHI,Music,,4400000,Japan,535000,557800.0,Music,
arianagrande,Ariana Grande,Music,,318300000,United States,2000000,2800000.0,Music,
arigameplays,ARIGAMEPLAYS,,,10500000,Mexico,764400,918000.0,,
arishfakhan138,Sayyed Arishfa Khan 💎,Cinema & Actors/actresses,,29100000,India,152200,184900.0,Entertainment,
arishfakhan138,Sayyed Arishfa Khan 💎,Cinema & Actors/actresses,,29100000,India,152200,184900.0,Entertainment,
aron.piper,ARON🌜🌞,Music,Lifestyle,13900000,Brazil,312400,589600.0,Music,Lifestyle
arthuraguiar,Arthur Aguiar,Music,Cinema & Actors/actresses,14000000,Brazil,103600,239600.0,Music,Entertainment
asabopp,Asa Butterfield,Cinema & Actors/actresses,,5800000,Brazil,602900,881700.0,Entertainment,
asalamaleh,Asala Maleh,Shows,,6900000,Iraq,326100,403800.0,Entertainment,
asaprocky,GRIM,Music,,15000000,United States,437500,730700.0,Music,
ashishchanchlani,Ashish Chanchlani,Cinema & Actors/actresses,,14500000,India,655600,802100.0,Entertainment,
aslisona,Sonakshi Sinha,Cinema & Actors/actresses,Lifestyle,22800000,India,81300,99300.0,Entertainment,Lifestyle
ataliapr,atalia praratya,Lifestyle,,3900000,Indonesia,825500,1300000.0,Lifestyle,
ateez_official_,ATEEZ(에이티즈),Music,,6700000,United States,287400,329400.0,Music,
ateez_official_,ATEEZ(에이티즈),Music,,6700000,United States,287400,329400.0,Music,
auba,Pierre-Emerick Aubameyang,Sports with a ball,,12800000,United Kingdom,130300,207000.0,Sports,
aurelie.hermansyah,Aurelie Hermansyah Atta,Beauty,,26400000,Indonesia,236900,299200.0,Beauty/Fashion,
avani,avani,Beauty,Lifestyle,19000000,United States,176500,237600.0,Beauty/Fashion,Lifestyle
avengers,Avengers,Cinema & Actors/actresses,,13500000,India,180200,226200.0,Entertainment,
avneetkaur_13,Avneet Kaur Official,Cinema & Actors/actresses,,32100000,India,266900,325000.0,Entertainment,
avrillavigne,Avril Lavigne,Music,Cinema & Actors/actresses,11200000,Brazil,163200,203500.0,Music,Entertainment
awez_darbar,Awez Darbar,Shows,Humor & Fun & Happiness,21100000,India,715100,857600.0,Entertainment,Entertainment
badbunnypr,,Music,,40600000,United States,3500000,5500000.0,Music,
bambam1a,BamBam,Music,,16500000,Brazil,928700,1200000.0,Music,
barackobama,Barack Obama,Finance & Economics,Business & Careers,35400000,United States,84900,100400.0,Info/Business,Info/Business
barbieferreira,barbie ferreira,,,6300000,United States,597200,1100000.0,,
bbrightvc,bright,Cinema & Actors/actresses,,15400000,Indonesia,1300000,1600000.0,Entertainment,
beautifuldestinations,BEAUTIFUL DESTINATIONS,Photography,Travel,24600000,United States,105000,141000.0,Lifestyle,Lifestyle
beberexha,Bebe Rexha,Music,Lifestyle,10800000,India,188300,278500.0,Music,Lifestyle
beingsalmankhan,Salman Khan,Cinema & Actors/actresses,Art/Artists,52800000,India,390500,501300.0,Entertainment,Entertainment
belindapop,Beli,Music,,15400000,Mexico,405000,581000.0,Music,
belindapop,Beli,Music,,15400000,Mexico,270500,388300.0,Music,
bellahadid,Bella 🦋,Modeling,,53100000,United States,425200,682500.0,Beauty/Fashion,
bellapoarch,Bella Poarch,,,14200000,United States,772000,1000000.0,,
bellathorne,BELLA,Music,Art/Artists,25400000,United States,189900,317300.0,Music,Entertainment
bernardokath,Kathryn Bernardo 🐘,Beauty,Cinema & Actors/actresses,17200000,Philippines,206000,248700.0,Beauty/Fashion,Entertainment
beyonce,Beyoncé,Music,Fashion,265000000,United States,922600,1300000.0,Music,Beauty/Fashion
bhadbhabie,Bhabie,Music,,16400000,United States,122000,228600.0,Music,
bhuvan.bam22,Bhuvan Bam,Cinema & Actors/actresses,,14600000,India,544100,673700.0,Entertainment,
bianca,BIANCA ROSA,Beauty,,18000000,Brazil,72600,170900.0,Beauty/Fashion,
bibisbeautypalace,! Bibi,Family,Lifestyle,8300000,Germany,357600,411200.0,Lifestyle,Lifestyle
bighit_ent,BigHit Music Updates,Music,,13000000,Indonesia,584300,720000.0,Music,
billieeilish,BILLIE EILISH,Music,,104100000,United States,2600000,3400000.0,Music,
bizarrap,BZRP,Music,,13200000,Argentina,1000000,1200000.0,Music,
blackpinkofficial,BLΛƆKPIИK,Music,,47400000,Indonesia,1200000,1500000.0,Music,
bleacherreport,Bleacher Report,Sports with a ball,,19200000,United States,86800,171700.0,Sports,
blythe,Andrea Brillantes,Cinema & Actors/actresses,Modeling,13500000,Philippines,149900,170600.0,Entertainment,Beauty/Fashion
bn_sj2013,박서준,Cinema & Actors/actresses,Modeling,22100000,Indonesia,2100000,2500000.0,Entertainment,Beauty/Fashion
borodylia,Ксения Бородина,Shows,Family,18400000,Russia,116700,143400.0,Entertainment,Lifestyle
brentrivera,Brent Rivera,Music,Cinema & Actors/actresses,22300000,United States,732600,950300.0,Music,Entertainment
bretmanrock,Bretman (Da Baddest) Rock,Art/Artists,Beauty,18400000,United States,368800,620300.0,Entertainment,Beauty/Fashion
brfootball,Bleacher Report Football,Sports with a ball,,12400000,United States,116000,187900.0,Sports,
briandadeyanara,BRIANDA 💖,,,12900000,Mexico,222700,261200.0,,
britneyspears,Britney Spears,Music,,41600000,United States,494600,685600.0,Music,
bronny,,,,6300000,United States,718400,1300000.0,,
brooklynpeltzbeckham,,Modeling,Lifestyle,14200000,United States,106900,164500.0,Beauty/Fashion,Lifestyle
brunamarquezine,Bruna Marquezine,Cinema & Actors/actresses,,43000000,Brazil,102500,176200.0,Entertainment,
brunogagliasso,Bruno Gagliasso,Cinema & Actors/actresses,Photography,21400000,Brazil,139000,202500.0,Entertainment,Lifestyle
brunomars,Bruno Mars,Music,,25700000,Brazil,547500,829500.0,Music,
brycehall,Bryce Hall,Music,,7300000,United States,304200,390500.0,Music,
bts.bighitofficial,BTS official,Music,,65400000,Indonesia,3700000,4100000.0,Music,
bugatti,BUGATTI,Cars & Motorbikes,Luxury,16500000,United States,118400,159900.0,Lifestyle,Beauty/Fashion
bumkeyk,SHINee KEY,Music,,9200000,Indonesia,324000,388700.0,Music,
burakozcivit,Burak Özçivit,Cinema & Actors/actresses,,21400000,Turkey,232200,282800.0,Entertainment,
burcuozberk,Burcu Özberk,Cinema & Actors/actresses,,9200000,Turkey,295800,382900.0,Entertainment,
c.syresmith,Jaden Smith,Cinema & Actors/actresses,Lifestyle,19000000,United States,147800,228000.0,Entertainment,Lifestyle
caiocastro,Caio Castro,Cars & Motorbikes,Racing Sports,20600000,Brazil,74900,132600.0,Lifestyle,Sports
camila_cabello,camila,Music,,64100000,Brazil,434700,588800.0,Music,
camilaloures,Camila Loures,Shows,,18200000,Brazil,91900,136500.0,Entertainment,
camilo,C A M I L O,Music,,27400000,Argentina,197700,314700.0,Music,
candiceking,Candice King,Family,Lifestyle,9900000,Brazil,267800,373400.0,Lifestyle,Lifestyle
canelo,Saul Alvarez,Fitness & Gym,,13400000,Mexico,133700,185700.0,Sports,
canyaman,Can Yaman,Cinema & Actors/actresses,Modeling,9700000,Italy,197400,245800.0,Entertainment,Beauty/Fashion
caradelevingne,Cara Delevingne,Modeling,Cinema & Actors/actresses,43000000,United States,120000,166300.0,Beauty/Fashion,Entertainment
carlinhosmaiaof,Carlinhos Maia🌻,Lifestyle,,25800000,Brazil,449600,822300.0,Lifestyle,
carryminati,𝑨𝒋𝒆𝒚 𝑵𝒂𝒈𝒂𝒓,Computers & Gadgets,Machinery & Technologies,15800000,India,719700,847600.0,Tech/Gaming,Tech/Gaming
casemiro,Casemiro,Sports with a ball,,15700000,Spain,195300,291800.0,Sports,
catherinemcbroom,Catherine Paiz,Family,,7400000,United States,581800,999200.0,Lifestyle,
caviarmagnat,by Tregubov,,,15200000,Russia,216200,313200.0,,
cazzu,♡ 𝖓𝖊𝖓𝖆 ᴛʀᴀᴍᴘᴀ,Music,,10300000,Argentina,215000,275900.0,Music,
cbum,Chris Bumstead,Fitness & Gym,,8500000,United States,504200,833200.0,Sports,
centralcee,📲,,,3600000,United Kingdom,378300,926300.0,,
chaelincl,CL,Art/Artists,Fashion,10200000,Brazil,211600,279800.0,Entertainment,Beauty/Fashion
champagnepapi,champagnepapi,Music,,114800000,United States,763600,1200000.0,Music,
charles_leclerc,Charles Leclerc,Racing Sports,,7800000,Italy,346900,461300.0,Sports,
charlidamelio,charli,Lifestyle,Shows,48800000,United States,638800,739200.0,Lifestyle,Entertainment
charlieputh,Charlie Puth,Music,,16200000,United States,331400,472000.0,Music,
chelseafc,Chelsea FC,Sports with a ball,,34700000,Indonesia,88300,133100.0,Sports,
chiaraferragni,Chiara Ferragni ✨,Beauty,,27400000,Italy,168600,280600.0,Beauty/Fashion,
chieffkeeffsossa,Chief Keef,Music,,7700000,United States,168600,311400.0,Music,
chinguamiga,sujin kim,Humor & Fun & Happiness,Shows,6000000,Mexico,336100,390400.0,Entertainment,Entertainment
chloegmoretz,Chloë Grace Moretz,Cinema & Actors/actresses,,20900000,United States,171100,229900.0,Entertainment,
choi_seung_hyun_tttop,TOP,,,14200000,Indonesia,352300,418600.0,,
chrisbrownofficial,BREEZY,Music,,113500000,United States,153500,237700.0,Music,
chrisevans,Chris Evans,,,16700000,United States,1700000,2100000.0,,
chrishemsworth,Chris Hemsworth,Cinema & Actors/actresses,,55000000,India,837200,1100000.0,Entertainment,
chrismcg,Christopher McGinnis,,,10500000,United States,164500,362100.0,,
chrissyteigen,chrissy teigen,Shows,Modeling,38300000,United States,56000,72000.0,Entertainment,Beauty/Fashion
christian_fig,Christian Figueiredo,Cinema & Actors/actresses,Lifestyle,10600000,Brazil,127900,199200.0,Entertainment,Lifestyle
ciara,Ciara,Music,Modeling,32100000,United States,97700,132500.0,Music,Beauty/Fashion
clean_0828,김세정,Lifestyle,,7900000,Indonesia,1600000,2000000.0,Lifestyle,
cocielo,Júlio Cocielo Estaniecki,Cinema & Actors/actresses,,18600000,Brazil,169000,265600.0,Entertainment,
coldplay,Coldplay,Music,,16500000,Brazil,127300,176200.0,Music,
cole.labrant,Cole LaBrant,Lifestyle,Fashion,5000000,United States,348600,490700.0,Lifestyle,Beauty/Fashion
colesprouse,Cole Sprouse,Modeling,,36000000,United States,653600,854900.0,Beauty/Fashion,
conangray,Conan Gray,Music,,6300000,Brazil,607500,907800.0,Music,
coolio_daryl,Coolio,,,5900000,,581300,,,
corinnakopf,corinna kopf,Beauty,,6600000,United States,492400,753900.0,Beauty/Fashion,
courteneycoxofficial,Courteney Cox,Cinema & Actors/actresses,,12200000,India,198500,262400.0,Entertainment,
cristiano,Cristiano Ronaldo,Sports with a ball,,459200000,India,5100000,6200000.0,Sports,
cvillaloboss,CARMEN VILLALOBOS,Shows,Cinema & Actors/actresses,19900000,Colombia,102000,125800.0,Entertainment,Entertainment
cznburak,Burak Özdemir,Food & Cooking,,36000000,Turkey,531800,722100.0,Lifestyle,
cznburak,Burak Özdemir,Food & Cooking,,36100000,Turkey,504000,683600.0,Lifestyle,
d_degeaofficial,David De Gea,Sports with a ball,,13400000,United Kingdom,167700,237200.0,Sports,
dababy,BILLION DOLLAR BABY 👶🏾,Music,,21100000,United States,165100,267700.0,Music,
daddyyankee,Daddy Yankee,Music,,45800000,Argentina,210900,294300.0,Music,
dagelan,Dagelan,Humor & Fun & Happiness,,20800000,Indonesia,65800,111800.0,Entertainment,
danbilzerian,Dan Bilzerian,Cinema & Actors/actresses,,32900000,India,1300000,2200000.0,Entertainment,
danialves,Daniel Alves,Sports with a ball,,36600000,Brazil,66200,102100.0,Sports,
dannapaola,Danna Paola,Music,,34200000,Mexico,571300,829800.0,Music,
daquan,Daquan,Humor & Fun & Happiness,,16800000,United States,293200,451700.0,Entertainment,
darianrojasc,DARIAN R. C R A W S T O N ✗,Lifestyle,,7900000,Mexico,748400,827500.0,Lifestyle,
darshanravaldz,Darshan Raval #Goriye,Music,,15400000,India,416200,502500.0,Music,
dava_m,Дава Ⓜ️ Всё будет хорошо🧸,Business & Careers,,13600000,Russia,164600,213600.0,Info/Business,
davidalaba,David Alaba,Sports with a ball,,10000000,Spain,332000,470500.0,Sports,
davidbeckham,David Beckham,Family,Sports with a ball,74300000,India,272900,346400.0,Lifestyle,Sports
davidluiz23,David Luiz,Sports with a ball,,21800000,Brazil,45800,101500.0,Sports,
davidluiz23,David Luiz,Sports with a ball,,21800000,Brazil,45800,101500.0,Sports,
davidmichigan,David Michigan ⚡️,Art/Artists,Photography,16700000,United States,96500,125400.0,Entertainment,Lifestyle
davido,Davido,Music,,24400000,Nigeria,129800,181100.0,Music,
dbook,Devin,,,5300000,United States,381600,749600.0,,
ddlovato,Demi Lovato,Music,,135200000,United States,230900,302500.0,Music,
dean.schneider,Dean Schneider,Animals,,10100000,India,236600,303200.0,Lifestyle,
dear.zia,𝑓𝑟𝑒𝑒𝑧𝑖𝑎 .🌼,Lifestyle,,3600000,South Korea,1300000,1400000.0,Lifestyle,
dearra,De'arra Taylor,Lifestyle,,6200000,United States,182400,454900.0,Lifestyle,
dedesecco,Deborah Secco,Cinema & Actors/actresses,,24000000,Brazil,73100,95600.0,Entertainment,
deepikapadukone,Deepika Padukone,Cinema & Actors/actresses,,67600000,India,462000,602800.0,Entertainment,
deiveleonardo,Deive Leonardo,Literature & Journalism,Trainers & Coaches,11500000,Brazil,222400,409200.0,Info/Business,Sports
deiveleonardo,Deive Leonardo,Literature & Journalism,Trainers & Coaches,11500000,Brazil,222400,409200.0,Info/Business,Sports
dejesusoficial,Gabriel Jesus,Sports with a ball,,17300000,Brazil,97400,150700.0,Sports,
demetozdemir,Demet Özdemir,Cinema & Actors/actresses,,15200000,India,318700,406500.0,Entertainment,
demirose,Demi 🌹,Modeling,Lifestyle,19900000,United States,263500,343900.0,Beauty/Fashion,Lifestyle
dew_jsu,2000,Cinema & Actors/actresses,,6000000,Indonesia,543800,731700.0,Entertainment,
dhanushkraja,Dhanush,Cinema & Actors/actresses,,4300000,India,484900,628300.0,Entertainment,
dilettaleotta,🌸Diletta Leotta🌸,Shows,,8300000,Italy,188900,282100.0,Entertainment,
diljitdosanjh,DILJIT DOSANJH,Cinema & Actors/actresses,,13500000,India,148500,179400.0,Entertainment,
dindahw,Dinda Hauw,Cinema & Actors/actresses,,14400000,Indonesia,150400,224800.0,Entertainment,
dishapatani,disha patani (paatni) 🦋,Cinema & Actors/actresses,Lifestyle,51800000,India,688100,845400.0,Entertainment,Lifestyle
dixiedamelio,dixie,Music,Clothing & Outfits,25100000,United States,217500,318000.0,Music,Beauty/Fashion
djokernole,Novak Djokovic,Sports with a ball,,10900000,Serbia,172200,211900.0,Sports,
djsnake,djsnake,Music,,9500000,India,383000,455400.0,Music,
djxiao_888,XIAOJUN,,,6800000,Indonesia,980100,1200000.0,,
dkharbour,David Harbour,Cinema & Actors/actresses,,7700000,United States,238400,312700.0,Entertainment,
dlwlrma,이지금 IU,Art/Artists,,26900000,South Korea,2500000,3000000.0,Entertainment,
dntlrdl,CHOIWOOSHIK,Lifestyle,,6400000,Indonesia,787700,1000000.0,Lifestyle,
do0_nct,Doyoung,Lifestyle,,10300000,Indonesia,1400000,1800000.0,Lifestyle,
dojacat,Doja Cat,Music,,24300000,United States,2400000,3300000.0,Music,
domelipa,domelipa,Lifestyle,,18700000,Mexico,882400,1100000.0,Lifestyle,
donatella_versace,Donatella Versace,Fashion,,8900000,United States,159100,275400.0,Beauty/Fashion,
donya,Donya,Fashion,,15100000,Iran,192300,301600.0,Beauty/Fashion,
dovecameron,DOVE,Cinema & Actors/actresses,,47900000,United States,1100000,1400000.0,Entertainment,
dqsalmaan,Dulquer Salmaan,Cinema & Actors/actresses,,10600000,India,363400,492600.0,Entertainment,
dra.deolanebezerra,Deolane Bezerra,Lifestyle,,14300000,Brazil,282800,605700.0,Lifestyle,
dualipa,DUA LIPA,Music,,84700000,Mexico,1200000,1500000.0,Music,
dudewithsign,Seth,,,8100000,United States,219200,345300.0,,
duki,Ya Supiste,Music,,9900000,Argentina,429100,660200.0,Music,
dylanminnette,Dylan Minnette,Music,Cinema & Actors/actresses,7400000,United States,283200,460300.0,Music,Entertainment
dylansprouse,Dylan Sprouse,Cinema & Actors/actresses,,9200000,United States,356900,560000.0,Entertainment,
earthpix,🌎  EarthPix  🌎,Nature & landscapes,Photography,23300000,United States,175200,214000.0,Lifestyle,Lifestyle
easportsfifa,EA SPORTS FIFA,Sports with a ball,,26600000,Spain,81100,136100.0,Sports,
easymoneysniper,,Lifestyle,Sports with a ball,13000000,United States,324300,608600.0,Lifestyle,Sports
eda.ece,Eda Ece,Lifestyle,Cinema & Actors/actresses,6500000,Turkey,290100,356800.0,Lifestyle,Entertainment
eduincaz,Eduin Caz,Lifestyle,,7100000,Mexico,234200,299600.0,Lifestyle,
egorkreed,Егор Крид | #HeartBreakKid,Music,,14700000,Russia,241900,297400.0,Music,
egupta,Esha Gupta,Lifestyle,Modeling,8600000,India,347400,435100.0,Lifestyle,Beauty/Fashion
eilirjani,Elton ILIRJANI,Lifestyle,,10300000,Albania,153900,222700.0,Lifestyle,
elcinsangu,Elçin Sangu,Cinema & Actors/actresses,Lifestyle,8500000,Turkey,216900,260600.0,Entertainment,Lifestyle
elmarianaa,El Mariana,Humor & Fun & Happiness,,3600000,Mexico,568600,831300.0,Entertainment,
elrodrigocontreras,ROD🥴,Lifestyle,,12900000,Mexico,683700,754200.0,Lifestyle,
elrubiuswtf,el rubius WTF,Computers & Gadgets,,16700000,Mexico,1200000,1400000.0,Tech/Gaming,
emiliamernes,Emilia Mernes,Music,,5800000,Argentina,325200,612300.0,Music,
eminem,Marshall Mathers,Cinema & Actors/actresses,Music,36100000,Iran,442800,571600.0,Entertainment,Music
emmachamberlain,emma chamberlain,Lifestyle,Shows,15700000,United States,934700,1400000.0,Lifestyle,Entertainment
emmaroberts,Emma Roberts,Cinema & Actors/actresses,,18100000,United States,126300,185800.0,Entertainment,
emrata,Emily Ratajkowski,Modeling,,29400000,United States,431700,688800.0,Beauty/Fashion,
enhypen,ENHYPEN,Music,,10400000,Indonesia,757800,1100000.0,Music,
erling.haaland,Erling Braut Haaland,,,16800000,Brazil,797200,1200000.0,,
esbilgic,Esra Bilgic,Lifestyle,Modeling,6900000,India,309100,393700.0,Lifestyle,Beauty/Fashion
espn,ESPN,Sports with a ball,,23100000,United States,74000,134700.0,Sports,
ester_exposito,Ester 🌙,Cinema & Actors/actresses,,29300000,Russia,2300000,3400000.0,Entertainment,
eunwo.o_c,차은우,Music,Lifestyle,28900000,Indonesia,3700000,4600000.0,Music,Lifestyle
euphoria,euphoria,,,7900000,United States,564200,910600.0,,
evaluna,Evaluna Montaner de Echeverry,Family,Music,20700000,Argentina,846800,1200000.0,Lifestyle,Music
everyone_woo,Wonwoo,,,2800000,Indonesia,787500,1000000.0,,
ewsbdi,로운,,,4500000,Indonesia,504500,753800.0,,
f1,FORMULA 1®,Racing Sports,,19700000,Italy,107600,136200.0,Sports,
fabriziorom,Fabrizio Romano,Literature & Journalism,Shows,8000000,Italy,387700,670800.0,Info/Business,Entertainment
fabriziorom,Fabrizio Romano,Literature & Journalism,Shows,8000000,Italy,387700,670800.0,Info/Business,Entertainment
fadiljaidi,Fadil Jaidi,Lifestyle,,7600000,Indonesia,409400,615200.0,Lifestyle,
farhaddddddd,Farhad Majidi,Sports with a ball,,3600000,Iran,477000,787600.0,Sports,
faz3,Fazza,Lifestyle,,14400000,United Arab Emirates,189400,248700.0,Lifestyle,
fcbarcelona,FC Barcelona,Sports with a ball,,109700000,Indonesia,316900,481000.0,Sports,
fcbayern,FC Bayern,Sports with a ball,,33100000,Germany,214900,314600.0,Sports,
fedeevalverde,Fede Valverde,Sports with a ball,,6200000,Spain,314800,446400.0,Sports,
fedez,FEDEZ,Music,,14100000,Italy,441600,612200.0,Music,
feliciathegoat,"Tyler, The Creator",Music,,12800000,United States,822000,1400000.0,Music,
felipeneto,Felipe Neto 🦉,Lifestyle,,15900000,Brazil,162300,231100.0,Lifestyle,
fenerbahce,Fenerbahçe,Sports with a ball,,7900000,Turkey,205300,274500.0,Sports,
fernandasouzaoficial,🇫 🇪 🇷 🇳 🇦 🇳  🇩 🇦   🇸 🇴 🇺 🇿 🇦,Music,Cinema & Actors/actresses,22000000,Brazil,106500,147200.0,Music,Entertainment
fifaworldcup,FIFA World Cup,Sports with a ball,,28000000,India,55800,83800.0,Sports,
filiperet,Ret,Lifestyle,,6800000,Brazil,147900,379400.0,Lifestyle,
finnwolfhardofficial,Finn Wolfhard,Music,Cinema & Actors/actresses,23300000,Brazil,1000000,1400000.0,Music,Entertainment
florencepugh,Florence Pugh,Humor & Fun & Happiness,Cinema & Actors/actresses,7400000,United States,562400,859800.0,Entertainment,Entertainment
floydmayweather,Floyd Mayweather,Fitness & Gym,,28300000,United States,73200,127700.0,Sports,
fortnite,Fortnite,Computers & Gadgets,,25900000,United States,161100,189600.0,Tech/Gaming,
francety,Francia James,Adult content,,11300000,India,158400,207400.0,Entertainment,
frenkiedejong,Frenkie de Jong,Sports with a ball,,10400000,Spain,311400,466800.0,Sports,
friends,Friends,Shows,,11900000,Brazil,270300,339700.0,Entertainment,
fuckjerry,FUCKJERRY,Humor & Fun & Happiness,,16800000,United States,175500,226400.0,Entertainment,
fuji_an,Fujianti Utami Putri,Lifestyle,Family,11700000,Indonesia,191300,454700.0,Lifestyle,Lifestyle
funnymike,FunnyMike,Art/Artists,,7900000,United States,166600,295100.0,Entertainment,
future,Future PLUTO Hendrix,Music,,20600000,United States,490000,979600.0,Music,
g_eazy,G-Eazy,Music,Art/Artists,9600000,United States,154500,236000.0,Music,Entertainment
g_eazy,G-Eazy,Music,Art/Artists,9600000,United States,154500,236000.0,Music,Entertainment
gabigol,Gabi 🇧🇷 Lil Gabi,Sports with a ball,,9800000,Brazil,164400,248800.0,Sports,
gal_gadot,Gal Gadot,Cinema & Actors/actresses,,82900000,United States,443900,572800.0,Entertainment,
galatasaray,Galatasaray,Sports with a ball,,11400000,Turkey,198300,240100.0,Sports,
garethbale11,Gareth Bale,Sports with a ball,,47700000,Spain,481400,759500.0,Sports,
gatenm123,Gaten Matarazzo,Music,Cinema & Actors/actresses,15800000,Brazil,429100,566700.0,Music,Entertainment
geewonii,김지원,,,7500000,Indonesia,473400,624300.0,,
geneliad,Genelia Deshmukh,Cinema & Actors/actresses,,10100000,India,174400,215500.0,Entertainment,
geneliad,Genelia Deshmukh,Cinema & Actors/actresses,,10100000,India,174400,215500.0,Entertainment,
georgenotfound,GeorgeNotFound,,,3000000,United States,1000000,1100000.0,,
georginagio,Georgina Rodríguez,Lifestyle,Fashion,38600000,India,2000000,2900000.0,Lifestyle,Beauty/Fashion
germangarmendia,GERMAN,Cinema & Actors/actresses,Fitness & Gym,14600000,Argentina,799400,966400.0,Entertainment,Sports
ggonekim,,,,5400000,Indonesia,426100,523900.0,,
gianlucavacchi,Gianluca Vacchi,Lifestyle,,22400000,Brazil,231900,358000.0,Lifestyle,
giannis_an34,Giannis Antetokounmpo,Sports with a ball,,12800000,United States,157900,249900.0,Sports,
gigihadid,Gigi Hadid,Modeling,Lifestyle,74900000,United States,1600000,2400000.0,Beauty/Fashion,Lifestyle
gildovigor,GIL DO VIGOR,Family,Lifestyle,15200000,Brazil,143800,202100.0,Lifestyle,Lifestyle
gioewbank,Giovanna Ewbank,Cinema & Actors/actresses,Modeling,28400000,Brazil,78400,125300.0,Entertainment,Beauty/Fashion
gisele,Gisele Bündchen,Modeling,Fashion,19400000,Brazil,128300,190700.0,Beauty/Fashion,Beauty/Fashion
goar_avetisyan,Goar Avetisyan,Beauty,,11600000,Russia,227700,315700.0,Beauty/Fashion,
golfarahani,Golshifteh Farahani,Cinema & Actors/actresses,,13300000,Iran,389000,503400.0,Entertainment,
greeicy,Greeicy,Shows,Cinema & Actors/actresses,21100000,Colombia,776200,1000000.0,Entertainment,Entertainment
grefg_official,TheGrefg,Computers & Gadgets,Machinery & Technologies,7300000,Spain,285400,343500.0,Tech/Gaming,Tech/Gaming
grisha_eric,Grisha Eric,,,12500000,Turkey,172100,248600.0,,
gucci,,Accessories & Jewellery,Clothing & Outfits,48700000,United States,33100,45100.0,Beauty/Fashion,Beauty/Fashion
gucci,,Accessories & Jewellery,Clothing & Outfits,48700000,United States,33100,45100.0,Beauty/Fashion,Beauty/Fashion
gururandhawa,Guru Randhawa,Music,,32800000,India,161200,197100.0,Music,
gusttavolima,🏛 Gusttavo Lima 🏛,Music,,43600000,Brazil,95400,157600.0,Music,
hadise,Hadise,Music,Shows,13800000,Turkey,183900,214400.0,Music,Entertainment
haechanahceah,HAECHAN,,,3500000,,2100000,,,
haifawehbe,Haifa Wehbe,Music,,10000000,Iraq,251400,368100.0,Music,
haileesteinfeld,hailee steinfeld,Cinema & Actors/actresses,,19000000,United States,794600,1000000.0,Entertainment,
haileybieber,Hailey Rhode Baldwin Bieber,Lifestyle,Modeling,45500000,United States,900800,1200000.0,Lifestyle,Beauty/Fashion
hakkiakdenizz,hakki akdeniz,Business & Careers,,22500000,Russia,169500,245800.0,Info/Business,
handemiyy,Hande Erçel,Cinema & Actors/actresses,,28300000,Turkey,1600000,2100000.0,Entertainment,
hannahelzahed,Hannah El-Zahed,Cinema & Actors/actresses,,17700000,Egypt,136200,169100.0,Entertainment,
hannahstocking,Hannah Stocking,Modeling,,22000000,United States,483800,686900.0,Beauty/Fashion,
hardikpandya93,Hardik Himanshu Pandya,Sports with a ball,,21600000,India,573700,718700.0,Sports,
harrystyles,,Music,Fashion,45900000,United States,2200000,3000000.0,Music,Beauty/Fashion
harshbeniwal,Harsh KADAMBADI Beniwal,Humor & Fun & Happiness,Shows,5500000,India,370600,482700.0,Entertainment,Entertainment
hasan_yazdani73,hasan yazdani73,Extreme Sports & Outdoor activity,Fitness & Gym,2700000,Iran,506700,917000.0,Sports,Sports
hassan_reyvandi,hasan reyvandi حسن ریوندی,Cinema & Actors/actresses,Humor & Fun & Happiness,19400000,Iran,304600,420200.0,Entertainment,Entertainment
hazalkaya,Hazal Kaya,Cinema & Actors/actresses,Lifestyle,7100000,Turkey,310900,368700.0,Entertainment,Lifestyle
hazardeden_10,Eden Hazard,Sports with a ball,,27000000,Spain,677100,1100000.0,Sports,
hegdepooja,Pooja Hegde,Cinema & Actors/actresses,,20600000,India,926400,1100000.0,Entertainment,
henrycavill,Henry Cavill,Cinema & Actors/actresses,,21200000,Brazil,815600,992100.0,Entertainment,
heybiblee,이성경,Modeling,,14300000,Indonesia,996100,1300000.0,Beauty/Fashion,
hi_high_hiy,황인엽,Cinema & Actors/actresses,,14100000,South Korea,2100000,2500000.0,Entertainment,
hi_songjoongki,송중기 songjoongki official,Cinema & Actors/actresses,,9300000,Indonesia,1900000,2600000.0,Entertainment,
hi_sseulgi,슬기 Seulgi,Modeling,,12500000,Indonesia,738000,925400.0,Beauty/Fashion,
hilaryduff,Hilary Duff,Cinema & Actors/actresses,,21800000,United States,84200,107100.0,Entertainment,
hm_son7,Son HeungMin(손흥민)🇰🇷,,,7300000,Brazil,420400,684300.0,,
holyhaein,정해인,,,10200000,Indonesia,1400000,1700000.0,,
hoooooyeony,Hoyeon,Lifestyle,,23500000,South Korea,1600000,2100000.0,Lifestyle,
houseofhighlights,House of Highlights,Sports with a ball,,34600000,United States,121500,223100.0,Sports,
hrithikroshan,Hrithik Roshan,Cinema & Actors/actresses,,43200000,India,1000000,1300000.0,Entertainment,
hshq,Harry Styles HQ,Music,Cinema & Actors/actresses,6300000,United States,487000,856400.0,Music,Entertainment
huddy,Chase Hudson,Lifestyle,Art/Artists,11800000,United States,177900,244800.0,Lifestyle,Entertainment
humansofny,Humans of New York,Lifestyle,Photography,12100000,United States,166500,196700.0,Lifestyle,Lifestyle
hunterschafer,Hunter,,,7300000,United States,741700,1200000.0,,
hyeri_0609,혜리,Music,,7200000,South Korea,338100,407000.0,Music,
hyunah_aa,Hyun Ah,Music,,18000000,South Korea,349900,414200.0,Music,
i_m_hendery,Hi👉🏻im Hendery👈🏻,,,6200000,United States,905600,1200000.0,,
i_nivethathomas,Nivetha Thomas,Cinema & Actors/actresses,,6100000,India,330900,374300.0,Entertainment,
i_nivethathomas,Nivetha Thomas,Cinema & Actors/actresses,,6100000,India,330900,374300.0,Entertainment,
iambeckyg,Becky G,Music,,32700000,Mexico,258000,311200.0,Music,
iamcardib,Cardi B,Music,Fashion,135600000,United States,1200000,1700000.0,Music,Beauty/Fashion
iamferv,fer,Lifestyle,Art/Artists,9800000,Mexico,1000000,1500000.0,Lifestyle,Entertainment
iamhalsey,halsey,Music,,30000000,United States,442800,581300.0,Music,
iammichelemorroneofficial,Michele Morrone,Lifestyle,Cinema & Actors/actresses,14800000,Brazil,761600,1100000.0,Lifestyle,Entertainment
iampauloandre,Paulo André 🏁,Lifestyle,,10000000,Brazil,68000,239700.0,Lifestyle,
iamsrk,Shah Rukh Khan,Cinema & Actors/actresses,,29900000,India,1000000,1300000.0,Entertainment,
iamzlatanibrahimovic,Zlatan Ibrahimović,Sports with a ball,,54300000,Italy,675700,1000000.0,Sports,
iansomerhalder,iansomerhalder,Cinema & Actors/actresses,,23000000,United States,536200,800700.0,Entertainment,
ibaillanos,Ibai,Art/Artists,,7500000,Spain,787200,1100000.0,Entertainment,
ignaciaa_antonia,Ignacia Hernandez👑,Lifestyle,,9700000,Mexico,210700,273000.0,Lifestyle,
ikercasillas,Iker Casillas,Sports with a ball,,18200000,Spain,119000,164300.0,Sports,
imcryansp,TUBARAO GIGANTE 🦈,,,3800000,Brazil,254600,605400.0,,
imhyoseop,안효섭,Lifestyle,,8400000,Indonesia,2200000,2600000.0,Lifestyle,
imouniroy,mon,Cinema & Actors/actresses,,23700000,India,142600,172600.0,Entertainment,
imsebastianstan,Sebastian Stan,Shows,Cinema & Actors/actresses,9400000,United States,918800,1100000.0,Entertainment,Entertainment
inanna,Inanna,Shows,,14600000,United States,103300,155900.0,Entertainment,
indiancricketteam,Team India,Sports with a ball,,24400000,India,249100,291100.0,Sports,
indiaroyale,India,Lifestyle,,4300000,United States,240900,714900.0,Lifestyle,
instagram,Instagram,Photography,,523300000,India,294300,356500.0,Lifestyle,
iqbaal.e,iqbaal ramadhan,Cinema & Actors/actresses,,13500000,Indonesia,121100,207400.0,Entertainment,
irinashayk,irinashayk,Modeling,,18700000,Russia,132500,183000.0,Beauty/Fashion,
isaias,Isaías,Shows,,9200000,Brazil,72800,239400.0,Entertainment,
iscoalarcon,Isco Alarcon Suarez,Sports with a ball,,24700000,Spain,215100,309400.0,Sports,
itsmarziapie,Marzia Kjellberg,Beauty,Lifestyle,8300000,United States,630900,737500.0,Beauty/Fashion,Lifestyle
itzy.all.in.us,ITZY,Music,,17000000,Indonesia,954900,1200000.0,Music,
ivetesangalo,Veveta,Music,Shows,34600000,Brazil,57000,74400.0,Music,Entertainment
iynemliarasbulut,Aras Bulut İynemli,Cinema & Actors/actresses,Lifestyle,10300000,Turkey,546700,763400.0,Entertainment,Lifestyle
j.m,JIMIN,,,37000000,,11800000,,,
jackblack,Jack Black,Cinema & Actors/actresses,,8800000,United States,198000,258200.0,Entertainment,
jackblack,Jack Black,Cinema & Actors/actresses,,8800000,United States,198000,258200.0,Entertainment,
jackharlow,Jack Harlow,Lifestyle,Music,6700000,United States,361900,675800.0,Lifestyle,Music
jacksepticeye,Jacksepticeye,Computers & Gadgets,Machinery & Technologies,7900000,United States,231900,269000.0,Tech/Gaming,Tech/Gaming
jacksonwang852g7,Jackson Wang,Music,,28700000,China,1200000,1400000.0,Music,
jacquelinef143,Jacqueline Fernandez,Cinema & Actors/actresses,,61800000,India,254300,309600.0,Entertainment,
jadenhossler,jxdn,Music,,4600000,United States,463300,714900.0,Music,
jadepicon,JADE 🌪,Modeling,Fashion,20600000,Brazil,194900,429300.0,Beauty/Fashion,Beauty/Fashion
jadethirlwall,jade amelia thirlwall,Music,Art/Artists,9200000,United States,197700,259100.0,Music,Entertainment
jailyneojeda,Jailyne Ojeda Ochoa,Modeling,Lifestyle,14200000,United States,304200,421400.0,Beauty/Fashion,Lifestyle
jairmessiasbolsonaro,Jair M. Bolsonaro,Finance & Economics,Business & Careers,20100000,Brazil,163700,229700.0,Info/Business,Info/Business
jamescharles,James Charles,Beauty,,22900000,United States,382000,560900.0,Beauty/Fashion,
jamesrodriguez10,James Rodríguez,Sports with a ball,,49700000,Colombia,292200,443900.0,Sports,
jamorant,12 🥷🏽🖤,Lifestyle,Sports with a ball,7200000,United States,259100,419100.0,Lifestyle,Sports
janhvikapoor,Janhvi Kapoor,Lifestyle,Cinema & Actors/actresses,17500000,India,708400,844500.0,Lifestyle,Entertainment
jannatzubair29,Jannat Zubair Rahmani,Cinema & Actors/actresses,,43100000,India,617300,753400.0,Entertainment,
jasonstatham,Jason Statham,Cinema & Actors/actresses,,30600000,Iran,549600,810000.0,Entertainment,
jaspritb1,jasprit bumrah,Lifestyle,,9800000,India,331600,380800.0,Lifestyle,
jaybnow.hr,LIM JAE BEOM,Music,,6900000,Brazil,521700,684100.0,Music,
jbalvin,J Balvin,Music,,52800000,Mexico,241800,317000.0,Music,
jbayleaf,JONATHAN BAILEY,,,3400000,United Kingdom,448600,623500.0,,
jennaortega,Jenna Ortega,Cinema & Actors/actresses,Lifestyle,8100000,United States,530000,755100.0,Entertainment,Lifestyle
jennierubyjane,J,Music,,67600000,Indonesia,7000000,8400000.0,Music,
jennifer.garner,Jennifer Garner,Cinema & Actors/actresses,,13300000,United States,198500,225200.0,Entertainment,
jenniferaniston,Jennifer Aniston,Cinema & Actors/actresses,,40700000,Brazil,624800,907700.0,Entertainment,
jensenackles,Jensen Ackles,Cinema & Actors/actresses,,9400000,United States,317900,413900.0,Entertainment,
jeonghaniyoo_n,윤정한,,,2900000,Iran,823100,1000000.0,,
jeremyrenner,Jeremy Renner,Shows,Cinema & Actors/actresses,17700000,United States,114200,137300.0,Entertainment,Entertainment
jeromepolin,Jerome Polin Sijabat ジェローム,Education,Humor & Fun & Happiness,6900000,Indonesia,435100,637500.0,Info/Business,Entertainment
jessica.syj,Jessica Jung,Modeling,Beauty,10600000,Indonesia,173800,212500.0,Beauty/Fashion,Beauty/Fashion
jessicah_o,Jessi / 제시,Music,,11800000,United States,928800,1200000.0,Music,
jessicajane99,Jessica Jane,Lifestyle,,6000000,Indonesia,408800,538900.0,Lifestyle,
jessnolimit,Jess No Limit,Shows,,7300000,Indonesia,532200,637900.0,Entertainment,
jharden13,James Harden,Sports with a ball,,11600000,United States,122200,209900.0,Sports,
jhope_bighitentertainment,J-HOPE (제이홉) Updates,Lifestyle,,8000000,Brazil,1100000,1200000.0,Lifestyle,
jichangwook,지창욱,Cinema & Actors/actresses,,20500000,Indonesia,832800,1100000.0,Entertainment,
jimena.jimenezr,Jimena,,,5800000,Mexico,580100,837900.0,,
jimin_bighitentertainment,JIMIN (박지민) Updates,Lifestyle,,8900000,Indonesia,754700,836600.0,Lifestyle,
jin,Jin of BTS,,,36600000,United States,9300000,9300000.0,,
jin_bighitentertainment,JIN (김석진) Updates,Lifestyle,,8300000,Indonesia,685700,779300.0,Lifestyle,
jinyoung_0922jy,박진영,Music,,9800000,Indonesia,712700,943600.0,Music,
jlo,Jennifer Lopez,Music,Cinema & Actors/actresses,215500000,United States,700000,896200.0,Music,Entertainment
joaogomescantor,João Gomes 🎙,Family,Music,12600000,Brazil,133900,366800.0,Lifestyle,Music
joaoguilherme,J҉O҉T҉I҉N҉H҉A҉,Music,Cinema & Actors/actresses,16000000,Brazil,157300,306500.0,Music,Entertainment
joeyking,Joey King,Music,Cinema & Actors/actresses,19000000,Brazil,262300,374400.0,Music,Entertainment
johnnydepp,Johnny Depp,Cinema & Actors/actresses,,26200000,India,2300000,3100000.0,Entertainment,
johnnyjsuh,Johnny Suh,Lifestyle,Music,8600000,Indonesia,1300000,1600000.0,Lifestyle,Music
jojotodynho,JoJo,Music,,22500000,Brazil,83700,136800.0,Music,
jokowi,Joko Widodo,Finance & Economics,,47100000,Indonesia,109500,138600.0,Info/Business,
jongsuk0206,이종석,Cinema & Actors/actresses,,22900000,Indonesia,1800000,2400000.0,Entertainment,
jordialbaoficial,Jordi Alba,Sports with a ball,,14400000,Spain,128100,185200.0,Sports,
jorgelopez_as,Jorge Lopez,Cinema & Actors/actresses,,9600000,Brazil,161000,264300.0,Entertainment,
joshrichards,Josh Richards,Shows,Modeling,6900000,United States,225100,315800.0,Entertainment,Beauty/Fashion
joshu_acoustic,Joshua Hong,Music,,4200000,,1000000,,Music,
juandediospantoja,JD PANTOJA 🇲🇽,Music,Art/Artists,22200000,Mexico,548600,625400.0,Music,Entertainment
juanpazurita,Juanpa Zurita,Cinema & Actors/actresses,,29700000,Mexico,127200,182000.0,Entertainment,
juki_lop,JukiLop,Shows,Family,9400000,Mexico,313600,364600.0,Entertainment,Lifestyle
julesleblanc,julianna,Music,Shows,9700000,United States,420200,608300.0,Music,Entertainment
juliette,Juliette,Cinema & Actors/actresses,,33800000,Brazil,178100,282100.0,Entertainment,
juliopfernandez,J U L I O   P E Ñ A   F. D E Z,,,3500000,Brazil,614900,782500.0,,
jungkook_bighitentertainment,JUNGKOOK (전정국) Updates,Management & Marketing,Music,9600000,Brazil,660100,749000.0,Info/Business,Music
jungkook.97,전 정국 이올시다,Music,,41800000,,4900000,,Music,
justinbieber,Justin Bieber,Music,,244000000,India,758600,1100000.0,Music,
juventus,Juventus,Sports with a ball,,53900000,India,52000,77700.0,Sports,
jy_piece,정연 (JEONGYEON),,,2400000,,1200000,,,
k.mbappe,Kylian Mbappé,Sports with a ball,,72100000,France,2100000,3000000.0,Sports,
kajalaggarwalofficial,Kajal A Kitchlu,Cinema & Actors/actresses,,23000000,India,522900,632900.0,Entertainment,
kajol,Kajol Devgan,Cinema & Actors/actresses,,12600000,India,134500,166100.0,Entertainment,
kaka,Kaká,Sports with a ball,,18600000,Brazil,89300,145600.0,Sports,
kaliuchis,,Music,,3900000,United States,408100,704400.0,Music,
kanik4kapoor,Kanika Kapoor,Shows,Lifestyle,10600000,India,214900,257100.0,Entertainment,Lifestyle
kapilsharma,Kapil Sharma,Cinema & Actors/actresses,Shows,41700000,India,293400,332900.0,Entertainment,Entertainment
kareenakapoorkhan,Kareena Kapoor Khan,Lifestyle,Cinema & Actors/actresses,9300000,India,211700,264100.0,Lifestyle,Entertainment
karelyruiz,Karely Ruiz,Lifestyle,,5800000,Mexico,656000,823600.0,Lifestyle,
karimbenzema,Karim Benzema,Sports with a ball,,55300000,France,743200,1100000.0,Sports,
karljacobs,Karl Jacobs,,,4100000,United States,645400,840600.0,,
karna.val,🖤Valentina🖤,Lifestyle,,7300000,Russia,455900,532500.0,Lifestyle,
karolg,KAROL G,Music,,54100000,Mexico,2500000,3000000.0,Music,
karrrambaby,Карина KARRRAMBABY КАрМАн БэБИ,Lifestyle,,4000000,Russia,532600,590800.0,Lifestyle,
kartikaaryan,KARTIK AARYAN,Cinema & Actors/actresses,,25200000,India,389900,484600.0,Entertainment,
kashikakapoor09,Kashika Kapoor,,,8100000,Indonesia,274000,295200.0,,
kashikakapoor09,Kashika Kapoor,,,8100000,Indonesia,271600,292600.0,,
katherinelangford,KATHERINE LANGFORD,Cinema & Actors/actresses,,27800000,India,172300,247000.0,Entertainment,
katrinakaif,Katrina Kaif,Beauty,,65400000,India,1900000,2100000.0,Beauty/Fashion,
katyperry,KATY PERRY,Music,,165500000,Brazil,129000,168800.0,Music,
kaylanicolejones,,Shows,,7400000,United States,144100,304800.0,Entertainment,
kaylanicolejones,,Shows,,7400000,United States,144100,304800.0,Entertainment,
keerthysureshofficial,Keerthy Suresh,Fashion,Cinema & Actors/actresses,13200000,India,428300,489400.0,Beauty/Fashion,Entertainment
kellyrowland,Kelly Rowland,Music,Cinema & Actors/actresses,13300000,United States,153600,211200.0,Music,Entertainment
kendalljenner,Kendall,Modeling,Fashion,244700000,United States,2500000,4000000.0,Beauty/Fashion,Beauty/Fashion
keniaos,Kenia Os,Music,,13500000,Mexico,705700,918500.0,Music,
kentooyamazaki,山﨑賢人,Cinema & Actors/actresses,,5000000,Japan,623100,724500.0,Entertainment,
kenzie,kenzie ♡,Art/Artists,,14900000,United States,155700,236700.0,Entertainment,
kevindebruyne,Kevin De Bruyne,Sports with a ball,,18000000,United Kingdom,322400,499500.0,Sports,
kevinhart4real,Kevin Hart,Cinema & Actors/actresses,,147300000,United States,46800,55800.0,Entertainment,
khabib_nurmagomedov,Хабиб Нурмагомедов,Fitness & Gym,,33500000,Russia,119800,168600.0,Sports,
khaby00,Khaby Lame,Sports with a ball,,78300000,Iran,3500000,5300000.0,Sports,
khloekardashian,Khloé Kardashian,Clothing & Outfits,Lifestyle,256500000,United States,604300,751700.0,Beauty/Fashion,Lifestyle
kiaraaliaadvani,KIARA,Cinema & Actors/actresses,,23800000,India,555500,630300.0,Entertainment,
kikakim,Kristina Kim,Lifestyle,,6900000,Kazakhstan,311700,412400.0,Lifestyle,
kimberly.loaiza,KIM LOAIZA 🖤,Clothing & Outfits,Lifestyle,35000000,Mexico,1300000,1600000.0,Beauty/Fashion,Lifestyle
kimjuncotton,SUHO,Lifestyle,,10200000,Indonesia,889700,1100000.0,Lifestyle,
kimkardashian,,Fashion,Beauty,320500000,United States,724000,1100000.0,Beauty/Fashion,Beauty/Fashion
kingarturo23oficial,Arturo Vidal,Sports with a ball,,17300000,Italy,81700,132900.0,Sports,
kingbach,King Bach,Music,Art/Artists,22700000,United States,141900,283600.0,Music,Entertainment
kingjames,👑,Sports with a ball,,125700000,United States,776000,1300000.0,Sports,
kit.connor,Kit Connor,Cinema & Actors/actresses,,4100000,United States,377800,626100.0,Entertainment,
kittychicha,NANNO | KITTYCHICHA AMATAYAKUL,Lifestyle,,4200000,Philippines,654700,794100.0,Lifestyle,
kjapa,KJ Apa,Cinema & Actors/actresses,,18900000,United States,541600,773000.0,Entertainment,
klaythompson,Klay Thompson,Sports with a ball,Lifestyle,12800000,United States,179100,260300.0,Sports,Lifestyle
klrahul,KL Rahul👑,Sports with a ball,,12800000,India,824400,1100000.0,Sports,
kourtneykardash,Kourtney Kardashian Barker ❤️‍🔥,Lifestyle,,185300000,United States,997300,1400000.0,Lifestyle,
krisjenner,Kris Jenner,Shows,Beauty,48800000,United States,128600,195200.0,Entertainment,Beauty/Fashion
krithi.shetty_official,Krithi Shetty,,,3400000,India,531100,628000.0,,
kritisanon,Kriti,Modeling,,49500000,India,348700,407700.0,Beauty/Fashion,
ksi,KSI,Music,,11500000,United Kingdom,545900,766300.0,Music,
kto_takaya,Liza Miller,Family,,7000000,Russia,303500,374400.0,Lifestyle,
kun11xd,KUN,Lifestyle,,6700000,Indonesia,818800,1000000.0,Lifestyle,
kunaguero,Sergio Leonel Agüero,Sports with a ball,,23400000,Argentina,332200,575000.0,Sports,
kyliejenner,Kylie 🤍,Fashion,Modeling,352700000,United States,2800000,4600000.0,Beauty/Fashion,Beauty/Fashion
kyrieirving,K.A.I Hélà,Sports with a ball,,16800000,United States,165200,250700.0,Sports,
l7nnon,L7,Lifestyle,Shows,7800000,Brazil,168500,400600.0,Lifestyle,Entertainment
lacasadepapel,La Casa de Papel,Shows,Cinema & Actors/actresses,12900000,Brazil,304000,457100.0,Entertainment,Entertainment
lacikaysomers,Laci Kay Somers,Music,Modeling,12200000,United States,167400,287200.0,Music,Beauty/Fashion
ladygaga,Lady Gaga,Music,Cinema & Actors/actresses,53000000,United States,421500,590600.0,Music,Entertainment
lalala_lfamily,Lfamily,,,2200000,Thailand,801700,959400.0,,
lalalalisa_m,LISA,Music,,79200000,Indonesia,7300000,8400000.0,Music,
lamborghini,Lamborghini,Luxury,Cars & Motorbikes,32000000,India,137000,187500.0,Beauty/Fashion,Lifestyle
lanarhoades,Lana Rhoades,Lifestyle,Modeling,16800000,United States,1000000,1700000.0,Lifestyle,Beauty/Fashion
larasilva,Lara Silva 💦,Shows,Adult content,17400000,Brazil,525300,810100.0,Entertainment,Entertainment
larissamanoela,Larissa Manoela,Cinema & Actors/actresses,,45900000,Brazil,72100,121900.0,Entertainment,
larissamanoela,Larissa Manoela,Cinema & Actors/actresses,,45900000,Brazil,49900,83800.0,Entertainment,
larray,larri,Lifestyle,Modeling,6800000,United States,301200,440800.0,Lifestyle,Beauty/Fashion
latto777,BIG LATTO🎰,Music,,9400000,United States,156600,319800.0,Music,
laurenjauregui,Lauren Jauregui,Music,,10600000,United States,140000,207200.0,Music,
laurenjauregui,Lauren Jauregui,Music,,10600000,United States,140000,207200.0,Music,
laurenlondon,Lauren London,Cinema & Actors/actresses,Modeling,9800000,United States,138600,237100.0,Entertainment,Beauty/Fashion
layzhang,Lay Zhang,Music,,14200000,Indonesia,810600,862400.0,Music,
ldh_sky,이도현,,,5600000,Indonesia,819800,1100000.0,,
leaelui,Lea Elui G,Modeling,Lifestyle,11600000,India,395500,664500.0,Beauty/Fashion,Lifestyle
leedongwook_official,이동욱 (Official_Instagram),Cinema & Actors/actresses,,14500000,Indonesia,1000000,1400000.0,Entertainment,
leeyoum262,이유미,Photography,Humor & Fun & Happiness,7800000,South Korea,352800,432200.0,Lifestyle,Entertainment
leighannepinnock,Leigh-Anne Pinnock,Music,,8900000,Brazil,193200,274800.0,Music,
leomessi,Leo Messi,Sports with a ball,Family,341700000,Argentina,4700000,6300000.0,Sports,Lifestyle
leonardodicaprio,Leonardo DiCaprio,Cinema & Actors/actresses,,54000000,United States,100200,125700.0,Entertainment,
leonardodicaprio,Leonardo DiCaprio,Cinema & Actors/actresses,,54000000,United States,87100,111400.0,Entertainment,
ler_chek,Валерия Чекалина,Lifestyle,Beauty,10400000,Russia,360400,465800.0,Lifestyle,Beauty/Fashion
lestykejora,Lestikejora,Music,,25600000,Indonesia,330000,426600.0,Music,
letthelordbewithyou,Scott Disick,Lifestyle,Family,27200000,United States,73900,112700.0,Lifestyle,Lifestyle
lewishamilton,Lewis Hamilton,Racing Sports,,28700000,Brazil,538200,773400.0,Sports,
lexibrookerivera,Lexi Rivera,Shows,Humor & Fun & Happiness,8500000,United States,761000,953000.0,Entertainment,Entertainment
liamhemsworth,Liam Hemsworth,Cinema & Actors/actresses,,13100000,United States,274100,389800.0,Entertainment,
liampayne,Liam Payne,Music,,24300000,United States,348600,486700.0,Music,
lilbaby,WHAM,Music,,19600000,United States,389300,718800.0,Music,
lildurk,DURKIOOO,Music,Art/Artists,13700000,United States,230900,653100.0,Music,Entertainment
lilnasx,MONTERO,Music,,12500000,United States,376600,630200.0,Music,
liluzivert,,Music,,15900000,United States,632700,1200000.0,Music,
liluzivert,,Music,,15900000,United States,632700,1200000.0,Music,
lilyjcollins,Lily Collins,Cinema & Actors/actresses,,27000000,United States,186700,277600.0,Entertainment,
lilyrose_depp,Lily-Rose Depp,Modeling,,6300000,United States,360800,567300.0,Beauty/Fashion,
litkillah,MAWZ💬,Music,,7900000,Argentina,498400,657400.0,Music,
littlemix,Little Mix,Music,,15900000,Brazil,137300,184600.0,Music,
liverpoolfc,Liverpool Football Club,Sports with a ball,,39400000,United Kingdom,127300,176900.0,Sports,
lizakoshy,Liza Koshy,Cinema & Actors/actresses,,20000000,United States,144300,191300.0,Entertainment,
lizasoberano,Liza Soberano,Beauty,Cinema & Actors/actresses,17300000,Philippines,466900,556700.0,Beauty/Fashion,Entertainment
lizgillz,Elizabeth Gillies,Music,Cinema & Actors/actresses,14000000,Mexico,462100,669400.0,Music,Entertainment
lizzobeeating,Lizzo,Music,Lifestyle,12700000,United States,192300,269600.0,Music,Lifestyle
lm_____ltm,TAEMIN,,,5400000,Indonesia,940700,1200000.0,,
loganpaul,Logan Paul,Fitness & Gym,,23200000,United States,123700,166300.0,Sports,
loreimprota,Lorena Improta,Art/Artists,,13300000,Brazil,98800,229300.0,Entertainment,
loud_babi,Bárbara Passos,Lifestyle,,9100000,Brazil,186000,299800.0,Lifestyle,
loud_victor,Victor Augusto,Lifestyle,Sports with a ball,10600000,Brazil,336400,428400.0,Lifestyle,Sports
louispartridge_,Louis💐,Cinema & Actors/actresses,,7600000,United States,883600,1300000.0,Entertainment,
louist91,Louis Tomlinson,Music,,18500000,Brazil,817200,1100000.0,Music,
lucas_lira,Lucas Lira,Humor & Fun & Happiness,Lifestyle,5800000,Brazil,269500,394600.0,Entertainment,Lifestyle
lucasranngel,LUCAS RANGEL,Lifestyle,,19700000,Brazil,234500,520000.0,Lifestyle,
lucasvazquez91,Lucas Vázquez,Sports with a ball,,14400000,Spain,171900,253400.0,Sports,
lucyhale,Lucy Hale,Cinema & Actors/actresses,,24400000,United States,121100,159500.0,Entertainment,
ludmilla,Ludmilla,Music,,27300000,Brazil,99500,147400.0,Music,
luissuarez9,Luis Suarez,Sports with a ball,,43800000,Brazil,263400,397000.0,Sports,
lukadoncic,Luka Doncic,Sports with a ball,,7000000,United States,203700,304400.0,Sports,
lukamodric10,Luka Modric,Sports with a ball,,24200000,Spain,625000,914300.0,Sports,
luvadepedreiro,Iran Ferreira,Family,Sports with a ball,14400000,Brazil,331700,752100.0,Lifestyle,Sports
m_kayoung,MUN KA YOUNG,Cinema & Actors/actresses,,8200000,Indonesia,864400,1200000.0,Entertainment,
m.by__sana,사나 (SANA),,,2800000,,1500000,,,
m10_official,Mesut Özil,Sports with a ball,,24500000,Turkey,642000,903800.0,Sports,
machinegunkelly,the Blonde Don,Music,,9600000,United States,215400,346500.0,Music,
maddieziegler,maddie,Cinema & Actors/actresses,Modeling,13900000,United States,139200,208300.0,Entertainment,Beauty/Fashion
madelame,Madelaine Petsch,Cinema & Actors/actresses,,25500000,Russia,1100000,1600000.0,Entertainment,
madelyncline,Maddie,,,12600000,United States,1700000,2400000.0,,
madhuridixitnene,Madhuri Dixit,Music,Cinema & Actors/actresses,32000000,India,230400,266500.0,Music,Entertainment
madisonbaileybabe,Maddie Baby,Lifestyle,,6700000,United States,361600,676900.0,Lifestyle,
madisonbeer,Madison Beer,Music,,31600000,United States,498000,744000.0,Music,
madonna,Madonna,Music,,18300000,Italy,99300,148100.0,Music,
maisa,+A,Music,,43600000,Brazil,102700,138200.0,Music,
maluma,MALUMA,Music,,62600000,Italy,420800,645700.0,Music,
malutrevejo,Malú 🦋 222🎤,Music,,11500000,United States,267800,480500.0,Music,
malutrevejo,Malú 🦋 222🎤,Music,,11500000,United States,254800,456800.0,Music,
manchesterunited,Manchester United,Sports with a ball,,58700000,United Kingdom,136000,217900.0,Sports,
mancity,Manchester City,Sports with a ball,,32800000,United Kingdom,92400,126000.0,Sports,
maneskinofficial,Måneskin,Lifestyle,,6100000,Italy,384600,542900.0,Lifestyle,
manurios,Manu Rios,Shows,,11100000,Mexico,1000000,1700000.0,Entertainment,
manurios,Manu Rios,Shows,,11100000,Mexico,981700,1700000.0,Entertainment,
marcelotwelve,Marcelo Vieira,Sports with a ball,,57000000,Spain,518800,773000.0,Sports,
marcoasensio10,Marco Asensio,Sports with a ball,,14400000,Spain,167900,257600.0,Sports,
marcusrashford,Marcus Rashford MBE,Sports with a ball,,12700000,United Kingdom,224800,356400.0,Sports,
mariaalice,Maria Alice,,,7300000,Brazil,665700,1400000.0,,
mariabecerra,Maria Becerra,Music,,9600000,Argentina,490800,1200000.0,Music,
mariapedraza_,María Pedraza,Cinema & Actors/actresses,,12000000,Spain,159500,211000.0,Entertainment,
marimaria,Mari Maria,Beauty,,20100000,Brazil,117500,225000.0,Beauty/Fashion,
marinaruybarbosa,Marina Ruy Barbosa,Cinema & Actors/actresses,,40500000,Brazil,307100,467600.0,Entertainment,
markiplier,Markiplier,Shows,,10300000,United States,353800,403400.0,Entertainment,
markruffalo,Mark Ruffalo,Cinema & Actors/actresses,,20900000,Brazil,108200,136800.0,Entertainment,
marktuan,Mark Tuan,Music,Cinema & Actors/actresses,12700000,Thailand,769100,1000000.0,Music,Entertainment
marshmello,marshmello,Music,,29400000,,601300,,Music,
marshmello,marshmello,,,29400000,,536800,,,
martinpdisalvo,Coscu,,,3600000,Argentina,421100,637700.0,,
marvel,Marvel Entertainment,Cinema & Actors/actresses,Comics & sketches,65200000,United States,77000,89000.0,Entertainment,Entertainment
marvelstudios,Marvel Studios,Cinema & Actors/actresses,Comics & sketches,37400000,India,126900,142100.0,Entertainment,Entertainment
mathildtantot,Mathilde,Lifestyle,Modeling,10200000,United States,531600,804600.0,Lifestyle,Beauty/Fashion
mattyperry4,Matthew Perry,,,7900000,Brazil,413500,564400.0,,
maudeapatow,Maude Apatow,Lifestyle,Cinema & Actors/actresses,4900000,United States,471000,779600.0,Lifestyle,Entertainment
maudyayunda,Maudy Ayunda,Music,,16800000,Indonesia,412100,607700.0,Music,
maxverstappen1,Max Verstappen,Racing Sports,,8800000,United States,306000,402300.0,Sports,
mclomaofficial,Paloma Santos 🐟,Music,,8000000,Brazil,246400,421900.0,Music,
meganfox,Megan Fox,Cinema & Actors/actresses,,20300000,United States,1000000,1700000.0,Entertainment,
melissamelmaia,MEL MAIA 🍯,Music,,12500000,Brazil,194800,353200.0,Music,
melo,LaMelo Ball,Sports with a ball,,8900000,United States,265600,539600.0,Sports,
memezar,MEMEZAR • Comedy and Culture,Cinema & Actors/actresses,,23500000,United States,91600,137300.0,Entertainment,
memphisdepay,Memphis Depay,Sports with a ball,,14900000,France,104400,185200.0,Sports,
miakhalifa,Mia K.,Fitness & Gym,Lifestyle,27800000,India,849800,1400000.0,Sports,Lifestyle
miamalkova,Mia Malkova,Cinema & Actors/actresses,,10900000,India,205400,279100.0,Entertainment,
michelleobama,Michelle Obama,Finance & Economics,Business & Careers,49900000,United States,121100,132900.0,Info/Business,Info/Business
miguel.g.herran,Miguel Herrán,Cinema & Actors/actresses,,14100000,Brazil,387700,583700.0,Entertainment,
mileycyrus,Miley Cyrus,Music,,176600000,United States,552800,750900.0,Music,
milliebobbybrown,Millie Bobby Brown,Cinema & Actors/actresses,,52300000,Brazil,2600000,3300000.0,Entertainment,
min9yu_k,김민규,Music,,6700000,Indonesia,1200000,1400000.0,Music,
mina_sr_my,미나 (MINA),,,3100000,,1500000,,,
mingue.k,김민규,Shows,,5600000,Indonesia,1100000,1400000.0,Entertainment,
mirandacosgrove,Miranda Cosgrove,Music,Cinema & Actors/actresses,9900000,Brazil,171800,268300.0,Music,Entertainment
mirella,BAD MI ⚡️ MIRELLA,Music,,27200000,Brazil,111400,236100.0,Music,
missasinfonia,MissaSinfonia,,,5300000,Mexico,687500,770700.0,,
mo.on_air,TAEIL,,,4800000,Indonesia,1300000,1500000.0,,
mohanshakti,Shakti Mohan,Art/Artists,Cinema & Actors/actresses,16100000,India,225400,270000.0,Entertainment,Entertainment
momo,모모 (MOMO),Modeling,,6600000,Turkey,1900000,2800000.0,Beauty/Fashion,
momo,모모 (MOMO),,,6600000,Turkey,1900000,2800000.0,,
mont.pantoja,MONT,,,11900000,Mexico,724400,862000.0,,
mosalah,Mohamed Salah,Sports with a ball,,51600000,Egypt,1300000,1800000.0,Sports,
mr_faisu_07,FAISAL SHAIKH,Modeling,Cinema & Actors/actresses,27700000,India,381100,486800.0,Beauty/Fashion,Entertainment
mrancelotti,Carlo Ancelotti,Sports with a ball,,8300000,Italy,268500,418600.0,Sports,
mrbeast,MrBeast,Shows,Humor & Fun & Happiness,18800000,United States,1300000,1700000.0,Entertainment,Entertainment
ms_puiyi,Siew Pui Yi 🤍,Adult content,,18700000,United States,249700,320500.0,Entertainment,
ms.sethii,Shilpa Sethi,,,6500000,United States,246700,373300.0,,
mterstegen1,Marc ter Stegen,Sports with a ball,,13500000,Spain,186400,280200.0,Sports,
na.jaemin0813,JAEMIN,,,9700000,Indonesia,1900000,2300000.0,,
nabilla,Nabilla Vergara ✨,Beauty,,7600000,France,234700,323200.0,Beauty/Fashion,
nadin_serovski,Nadin Serovski,Family,Lifestyle,9400000,Russia,471300,648700.0,Lifestyle,Lifestyle
nadine,小宮希美 🤍,Music,Shows,11400000,Philippines,305300,339100.0,Music,Entertainment
nadine.nassib.njeim,Nadine Nassib Njeim,Cinema & Actors/actresses,Modeling,15000000,Iraq,118700,169200.0,Entertainment,Beauty/Fashion
naileadevora,nai,Shows,,5200000,United States,583400,861900.0,Entertainment,
najwashihab,Najwa Shihab,Shows,,21600000,Indonesia,75400,104500.0,Entertainment,
nancyajram,Nancy Ajram,Music,,33000000,Iraq,117000,150800.0,Music,
narendramodi,Narendra Modi,Finance & Economics,Business & Careers,68100000,India,1200000,1400000.0,Info/Business,Info/Business
narins_beauty,••Narins Beauty••,Lifestyle,,8900000,Syria,360100,439200.0,Lifestyle,
nasa,NASA,Science,Photography,78300000,India,612100,734300.0,Tech/Gaming,Lifestyle
natashawilona12,Natasha Wilona,Beauty,,38700000,Indonesia,110700,132400.0,Beauty/Fashion,
natgeo,National Geographic,Nature & landscapes,Science,229500000,United States,72300,102600.0,Lifestyle,Tech/Gaming
nattinatasha,NATTI NATASHA,Music,Cinema & Actors/actresses,35900000,Mexico,162200,196100.0,Music,Entertainment
navidmohammadzadeh,navid mohammadzadeh,Cinema & Actors/actresses,,8700000,Iran,481700,680700.0,Entertainment,
nazormaya,Maya Nazor,Lifestyle,Photography,3300000,Mexico,462000,684000.0,Lifestyle,Lifestyle
nazormaya,Maya Nazor,Lifestyle,Photography,3300000,Mexico,462000,684000.0,Lifestyle,Lifestyle
nazriyafahadh,Nazriya Nazim Fahadh,Lifestyle,,6000000,India,610400,817700.0,Lifestyle,
nba,NBA,Sports with a ball,,68500000,United States,25400,38600.0,Sports,
ncentineo,Noah,Cinema & Actors/actresses,,16800000,Brazil,74900,124900.0,Entertainment,
nct,NCT Official Instagram,Music,,14300000,Indonesia,748000,981800.0,Music,
nct_dream,NCT DREAM OFFICIAL,,,10100000,Indonesia,760000,849000.0,,
nct127,NCT 127 Official Instagram,Music,,14100000,Indonesia,522600,645200.0,Music,
nehakakkar,Neha Kakkar (Mrs. Singh),Music,,70300000,India,380700,444600.0,Music,
nehasharmaofficial,Neha Sharma 💫,Cinema & Actors/actresses,,14600000,India,189400,216900.0,Entertainment,
nessabarrett,ness,,,7000000,United States,397700,539500.0,,
netflix,Netflix US,Cinema & Actors/actresses,Shows,30400000,Brazil,65000,105600.0,Entertainment,Entertainment
netflixbrasil,Netflix Brasil,Shows,Cinema & Actors/actresses,31500000,Brazil,206900,354300.0,Entertainment,Entertainment
netflixlat,Netflix Latinoamérica,Shows,Cinema & Actors/actresses,23400000,Argentina,76100,119500.0,Entertainment,Entertainment
neymarjr,NJ 🇧🇷,Sports with a ball,,175800000,Brazil,1400000,1900000.0,Sports,
niallhoran,Niall Horan,Music,,30100000,United States,1200000,1800000.0,Music,
nianaguerrero,Niana,Music,Kids & Toys,14200000,Indonesia,408100,512700.0,Music,Entertainment
nicki.nicole,,Music,,12000000,Argentina,390700,571400.0,Music,
nickiminaj,Barbie,Music,,195200000,United States,896100,1400000.0,Music,
nickjonas,Nick Jonas,Music,Art/Artists,32800000,United States,164200,234900.0,Music,Entertainment
nickyjam,NICKY JAM,Music,,43300000,Colombia,54600,66700.0,Music,
nicolebahls,Nicole Bahls,Modeling,,17600000,Brazil,77700,138500.0,Beauty/Fashion,
nicolegarcia,NICOLE,Lifestyle,,5600000,Mexico,327900,428800.0,Lifestyle,
nidhhiagerwal,Nidhhi Agerwal 🌟,Lifestyle,Modeling,24200000,India,101300,120500.0,Lifestyle,Beauty/Fashion
nike,Nike,Fitness & Gym,Shopping & Retail,225600000,United States,87400,120500.0,Sports,Beauty/Fashion
nikefootball,Nike Football (Soccer),Sports with a ball,Clothing & Outfits,45100000,Brazil,108200,165500.0,Sports,Beauty/Fashion
nikitadragun,Nikita,Beauty,Modeling,9000000,United States,252700,386200.0,Beauty/Fashion,Beauty/Fashion
nina,Nina Dobrev,Cinema & Actors/actresses,,25700000,Brazil,496900,711500.0,Entertainment,
nita_shilimkar,Nita Shilimkar,Fashion,Modeling,11300000,India,277400,366500.0,Beauty/Fashion,Beauty/Fashion
noahbeck,Noah Beck,Sports with a ball,,9100000,United States,188200,310500.0,Sports,
noahschnapp,Noah Schnapp,Cinema & Actors/actresses,,22800000,Brazil,2100000,2700000.0,Entertainment,
nobru,Bruno Goes 🎭,,,13500000,Brazil,0,245800.0,,
nobru,Bruno Goes 🎭,Machinery & Technologies,Computers & Gadgets,13500000,Brazil,0,245800.0,Tech/Gaming,Tech/Gaming
nodal,Christian Nodal 🇲🇽 🌵💚,Music,,9300000,Mexico,236400,347200.0,Music,
nolimitherbo,G HERBO,Music,Art/Artists,7700000,United States,128200,307100.0,Music,Entertainment
noorstars,نور ستارز | Noor Stars,Shows,,13000000,Iraq,155100,208200.0,Entertainment,
norafatehi,Nora Fatehi,Cinema & Actors/actresses,Music,40900000,India,489700,601500.0,Entertainment,Music
normani,Normani,Lifestyle,,7200000,United States,268900,420400.0,Lifestyle,
nusr_et,Nusr_et#Saltbae,Food & Cooking,,46600000,Turkey,79400,116100.0,Lifestyle,
o.dembele7,Ousmane Dembélé,Sports with a ball,,10900000,Spain,502600,861100.0,Sports,
obj,Odell Beckham Jr,Sports with a ball,,16200000,United States,248900,473500.0,Sports,
offsetyrn,OFFSET,Music,,19900000,United States,249200,446100.0,Music,
oliviarodrigo,Olivia Rodrigo,Music,Cinema & Actors/actresses,26700000,India,2200000,2800000.0,Music,Entertainment
onwardwanna,"Javon ""Wanna"" Walton",Lifestyle,Cinema & Actors/actresses,5400000,United States,353500,589800.0,Lifestyle,Entertainment
onyourm__ark,Mark,Lifestyle,,8900000,Indonesia,1400000,1800000.0,Lifestyle,
oohsehun,SEHUN,Music,,23200000,Indonesia,1800000,2200000.0,Music,
oprah,Oprah,Art/Artists,Cinema & Actors/actresses,21300000,United States,85500,100000.0,Entertainment,Entertainment
otabek_muhammadalievich,Otabek Umarov,,,19400000,Russia,136200,184100.0,,
ozuna,@ozutochi 🔜,Music,,22400000,Spain,239000,323600.0,Music,
pablogavi,GAVI,,,4700000,,1000000,,,
pandorakaaki,𝐏𝐚𝐧𝐝𝐨𝐫𝐚 𝐊𝐚𝐚𝐤𝐢,Adult content,,7300000,United States,221100,304500.0,Entertainment,
pandorakaaki,𝐏𝐚𝐧𝐝𝐨𝐫𝐚 𝐊𝐚𝐚𝐤𝐢,Adult content,,7300000,United States,221100,304500.0,Entertainment,
parineetichopra,Parineeti Chopra,Cinema & Actors/actresses,,36800000,India,194700,224200.0,Entertainment,
paulodybala,Paulo Dybala,Sports with a ball,,47500000,Argentina,763500,1200000.0,Sports,
paulolondra,Paulo londra,Music,,13800000,Argentina,1200000,1900000.0,Music,
paulpogba,Paul Labile Pogba,Sports with a ball,,54400000,Brazil,125600,224200.0,Sports,
paulwalker,Paul Walker,Cinema & Actors/actresses,,14900000,India,198900,273200.0,Entertainment,
paulwesley,Paul Wesley,Cinema & Actors/actresses,,12300000,Brazil,330000,493200.0,Entertainment,
pefabiodemelo,Padre Fábio de Melo,Lifestyle,,25700000,Brazil,87600,132300.0,Lifestyle,
perrieedwards,Perrie Edwards 🖤,Modeling,,15400000,Brazil,456900,713700.0,Beauty/Fashion,
perspolis,P e r s e p o l i s,Sports with a ball,,8100000,Iran,267700,381700.0,Sports,
pewdiepie,PewDiePie,Computers & Gadgets,,21900000,United States,1200000,1400000.0,Tech/Gaming,
peytonlist,Peyton List,Cinema & Actors/actresses,,20100000,United States,279900,421100.0,Entertainment,
pharrell,𝐒𝐎𝐍 𝐎𝐅 𝐀 𝐏𝐇𝐀𝐑𝐀𝐎𝐇,Music,,13900000,United States,107900,154500.0,Music,
phil.coutinho,Philippe Coutinho,Sports with a ball,,24800000,Brazil,184900,299100.0,Sports,
philfoden,Phil Foden,Sports with a ball,,4900000,United Kingdom,325200,569800.0,Sports,
phoebejtonkin,Phoebe Tonkin,Beauty,Cinema & Actors/actresses,8400000,United States,281200,401700.0,Beauty/Fashion,Entertainment
playstation,PlayStation,Computers & Gadgets,Machinery & Technologies,28900000,United States,64000,77300.0,Tech/Gaming,Tech/Gaming
playstation,PlayStation,Computers & Gadgets,Machinery & Technologies,28900000,United States,64000,77300.0,Tech/Gaming,Tech/Gaming
pledis_boos,승관 SEUNGKWAN,Music,,4000000,Indonesia,503200,610300.0,Music,
pocah,POCAH,Music,,15700000,Brazil,108200,257400.0,Music,
pokimanelol,pokimane ❤,Lifestyle,Shows,6100000,United States,429800,566400.0,Lifestyle,Entertainment
polo.capalot,Polo.G🐐,Music,Lifestyle,10500000,United States,337500,555800.0,Music,Lifestyle
pooorblack,Pooorblack,,,4500000,Iran,497700,643500.0,,
porsche,Porsche,Cars & Motorbikes,,26600000,United States,64700,81500.0,Lifestyle,
porsche,Porsche,Cars & Motorbikes,,26600000,United States,64700,81500.0,Lifestyle,
postmalone,,Music,,22400000,United States,266700,407900.0,Music,
pozevidalouca,Poze Do Rodo 🤑,Lifestyle,Photography,6600000,Brazil,235200,590700.0,Lifestyle,Lifestyle
prattprattpratt,Chris Pratt,Cinema & Actors/actresses,,37000000,United States,278200,364000.0,Entertainment,
premierleague,Premier League,Sports with a ball,,57700000,United Kingdom,55600,79700.0,Sports,
prillylatuconsina96,Prilly Latuconsina,Cinema & Actors/actresses,Music,48200000,Indonesia,58300,84000.0,Entertainment,Music
priyankaamohanofficial,Priyanka Mohan,Lifestyle,Cinema & Actors/actresses,3100000,India,655600,752400.0,Lifestyle,Entertainment
priyankachopra,Priyanka,Cinema & Actors/actresses,,79800000,India,796800,968500.0,Entertainment,
psg,Paris Saint-Germain,Sports with a ball,,60900000,Brazil,127900,214600.0,Sports,
pubity,Pubity,Humor & Fun & Happiness,,31800000,United States,192200,281700.0,Entertainment,
quavohuncho,QuavoHuncho,Music,,21300000,United States,118500,195600.0,Music,
raashiikhanna,Raashii Khanna,Cinema & Actors/actresses,Music,8400000,India,229300,273700.0,Entertainment,Music
rachel_mypark,박민영 Minyoung Park,Cinema & Actors/actresses,,10100000,Indonesia,572300,713100.0,Entertainment,
rafaelnadal,Rafa Nadal,Sports with a ball,,15400000,Spain,202100,253200.0,Sports,
rafaeluccman,Rafael Uccman,Lifestyle,Modeling,9000000,Brazil,135600,281600.0,Lifestyle,Beauty/Fashion
rahulkl,KL Rahul👑,,,12300000,India,366100,427100.0,,
raisa6690,,Music,,31900000,Indonesia,45100,69000.0,Music,
raisa6690,,Music,,31900000,Indonesia,45100,69000.0,Music,
rakulpreet,Rakul Singh,Cinema & Actors/actresses,Modeling,21900000,India,164500,192900.0,Entertainment,Beauty/Fashion
ranveersingh,Ranveer Singh,Cinema & Actors/actresses,Modeling,39900000,India,138300,178200.0,Entertainment,Beauty/Fashion
raphaelvarane,Raphael Varane,Sports with a ball,,18900000,Spain,323300,485600.0,Sports,
rashmika_mandanna,Rashmika Mandanna,Beauty,Art/Artists,32100000,India,1500000,1700000.0,Beauty/Fashion,Entertainment
rauwalejandro,RAULEETO,Music,,14900000,Spain,828800,1200000.0,Music,
real__pcy,EXO_CY,Music,,23900000,Indonesia,2300000,2800000.0,Music,
realbarbarapalvin,Barbara Palvin,Modeling,Fashion,17900000,Russia,411600,555400.0,Beauty/Fashion,Beauty/Fashion
realcoleworld,Cole,Music,Art/Artists,7700000,United States,198700,377500.0,Music,Entertainment
realhinakhan,HK,Cinema & Actors/actresses,,17100000,India,150800,185500.0,Entertainment,
realmadrid,Real Madrid C.F.,Sports with a ball,,121000000,Spain,348800,478700.0,Sports,
realstraykids,Stray Kids,Music,,21600000,Indonesia,1400000,1700000.0,Music,
rebelwilson,Rebel Wilson,Cinema & Actors/actresses,,11300000,United States,162700,188200.0,Entertainment,
redvelvet.smtown,Red Velvet Official,Music,Beauty,11800000,Indonesia,203500,246800.0,Music,Beauty/Fashion
reesewitherspoon,Reese Witherspoon,Cinema & Actors/actresses,,28100000,United States,89400,107900.0,Entertainment,
regejean,Regé-Jean Page,,,6300000,Brazil,357400,566200.0,,
renebaebae,IRENE,Lifestyle,Modeling,10600000,Indonesia,1500000,1800000.0,Lifestyle,Beauty/Fashion
rezagolzar,Mohammad Reza Golzar,Cinema & Actors/actresses,,12200000,Iran,169700,250300.0,Entertainment,
riaricis1795,RICIS,Lifestyle,,31200000,Indonesia,607300,742100.0,Lifestyle,
ridwankamil,Ridwan Kamil,Literature & Journalism,Business & Careers,18200000,Indonesia,347200,531000.0,Info/Business,Info/Business
riyadmahrez26.7,RM26,Sports with a ball,,9000000,Algeria,321300,414200.0,Sports,
riyaz.14,Riyaz Aly,Lifestyle,Art/Artists,27100000,India,284300,371500.0,Lifestyle,Entertainment
rizkybillar,Muhammad Rizky Billar,Shows,Beauty,12800000,Indonesia,428300,551500.0,Entertainment,Beauty/Fashion
robertdowneyjr,Robert Downey Jr. Official,Cinema & Actors/actresses,,53200000,India,1700000,2100000.0,Entertainment,
roberto_firmino,ROBERTO FIRMINO,Sports with a ball,,13600000,Brazil,173200,257300.0,Sports,
roddyricch,,Lifestyle,,6900000,United States,220800,423600.0,Lifestyle,
rodridepaul,Rodrigo De Paul,Sports with a ball,,4700000,Argentina,346800,628800.0,Sports,
rodwave,RodWave,Lifestyle,,5300000,United States,201700,501600.0,Lifestyle,
rogerfederer,Roger Federer,Sports with a ball,,9500000,Spain,253000,327100.0,Sports,
rohitsharma45,Rohit Sharma,Sports with a ball,Lifestyle,24300000,India,805400,908100.0,Sports,Lifestyle
romanreigns,Joe Anoai aka “Roman Reigns”,,,6400000,India,481700,626200.0,,
ronaldinho,Ronaldo de Assis Moreira,Sports with a ball,,67100000,Brazil,112100,196000.0,Sports,
rosalia.vt,LA ROSALÍA,Music,,20800000,Spain,1100000,1500000.0,Music,
roses_are_rosie,ROSÉ,Music,,60500000,Indonesia,4000000,4600000.0,Music,
ross_lynch,Ross Shor Lynch,Music,Cinema & Actors/actresses,10100000,United States,409400,818000.0,Music,Entertainment
rubyrose,Ruby Rose,Modeling,,19600000,United States,90700,120300.0,Beauty/Fashion,
rudeth,Rudy Pankow,Humor & Fun & Happiness,,6500000,United States,1000000,1600000.0,Entertainment,
sabinahidalgo,Sabina Hidalgo,Lifestyle,Music,4700000,Brazil,409500,491500.0,Lifestyle,Music
sabinahidalgo,Sabina Hidalgo,Lifestyle,Music,4700000,Brazil,409500,491500.0,Lifestyle,Music
sabrinacarpenter,Sabrina Carpenter,Music,,27400000,Brazil,839200,1000000.0,Music,
sachintendulkar,Sachin Tendulkar,Sports with a ball,Lifestyle,34900000,India,204100,243000.0,Sports,Lifestyle
sadiesink_,Sadie Sink,Modeling,Lifestyle,19000000,Brazil,1400000,2000000.0,Beauty/Fashion,Lifestyle
sadiomaneofficiel,Sadio Mane,Sports with a ball,,11500000,United Kingdom,331600,473400.0,Sports,
sadiomaneofficiel,Sadio Mane,Sports with a ball,,11300000,United Kingdom,319200,455800.0,Sports,
sagar_pop02,Sagar Pop,Lifestyle,,7500000,India,241800,380800.0,Lifestyle,
saipallavi.senthamarai,Sai Pallavi,,,5800000,India,569000,653000.0,,
salmahayek,Salma Hayek Pinault,Cinema & Actors/actresses,,21500000,United States,122000,151600.0,Entertainment,
salshabillaadr,Salshabilla adriani,Music,Cinema & Actors/actresses,14100000,Indonesia,127100,202700.0,Music,Entertainment
samantharuthprabhuoffl,Samantha,Beauty,Modeling,24100000,India,1200000,1400000.0,Beauty/Fashion,Beauty/Fashion
samoylovaoxana,Samoylova Oxana,Family,Lifestyle,15200000,Russia,679400,923300.0,Lifestyle,Lifestyle
sanchooo10,Jadon Sancho,Sports with a ball,,8600000,United Kingdom,361900,633000.0,Sports,
sandrinna_11,Drinna,Lifestyle,,10700000,Indonesia,191300,244700.0,Lifestyle,
saraalikhan95,Sara Ali Khan,Cinema & Actors/actresses,,40500000,India,774400,945600.0,Entertainment,
sarahkhanofficial,Mrs.Falak,Lifestyle,,9300000,Pakistan,287500,324500.0,Lifestyle,
sarwendah29,Sarwendah29,Music,Lifestyle,31900000,Indonesia,67200,79600.0,Music,Lifestyle
sav.labrant,Savannah Rose LaBrant,Family,Lifestyle,7100000,United States,541900,724900.0,Lifestyle,Lifestyle
saweetie,,Cinema & Actors/actresses,,13200000,United States,216300,501900.0,Entertainment,
saythename_17,SEVENTEEN,Music,,9500000,Indonesia,694400,782300.0,Music,
schwarzenegger,Arnold Schwarzenegger,Cinema & Actors/actresses,Fitness & Gym,22500000,United States,99900,117900.0,Entertainment,Sports
selenagomez,Selena Gomez,Music,Lifestyle,330600000,United States,1200000,1600000.0,Music,Lifestyle
serenayss,Serenay Sarıkaya,Cinema & Actors/actresses,Modeling,9400000,Turkey,198700,254600.0,Entertainment,Beauty/Fashion
sergioramos,Sergio Ramos,Sports with a ball,,51900000,Spain,321900,494700.0,Sports,
serna_amini,Serna Amini,,,8900000,Iran,1300000,1800000.0,,
shahidkapoor,Shahid Kapoor,Cinema & Actors/actresses,,35200000,India,644700,730700.0,Entertainment,
shawnmendes,Shawn Mendes,Music,,69100000,Brazil,741000,1100000.0,Music,
shaymitchell,Shay Mitchell,Beauty,Family,33600000,United States,240100,337200.0,Beauty/Fashion,Lifestyle
shehnaazgill,Shehnaaz Gill,Cinema & Actors/actresses,Music,11600000,India,643800,806500.0,Entertainment,Music
shivangijoshi18,शिवांगी जोशी,Lifestyle,,6900000,India,418300,503900.0,Lifestyle,
shraddhakapoor,Shraddha ✶,Cinema & Actors/actresses,,73200000,India,341800,393700.0,Entertainment,
shreyaghoshal,shreyaghoshal,Music,,24300000,India,98200,110300.0,Music,
sidhu_moosewala,Sidhu Moosewala (ਮੂਸੇ ਆਲਾ),,,10600000,India,1500000,1900000.0,,
sidhu_moosewala,Sidhu Moosewala (ਮੂਸੇ ਆਲਾ),,,10600000,India,1400000,1700000.0,,
sidmalhotra,Sidharth Malhotra,Cinema & Actors/actresses,Modeling,19700000,India,432700,538100.0,Entertainment,Beauty/Fashion
simoneesimaria,Simone e Simaria,Music,,22700000,Brazil,97600,137500.0,Music,
simoneses,Simone Mendes,Music,,34700000,Brazil,176700,223700.0,Music,
simoneses,Simone Mendes,Music,,34700000,Brazil,140900,177100.0,Music,
simonettalein,Simonetta Lein,Shows,Fashion,11400000,India,212300,292200.0,Entertainment,Beauty/Fashion
sinavaliollah,Sina Valiollah,Shows,,7200000,Iran,300600,379200.0,Entertainment,
sincerooficial,Sincero Oficial,Humor & Fun & Happiness,,21500000,Brazil,77900,149900.0,Entertainment,
sivakarthikeyan,Sivakarthikeyan Doss,,,5000000,India,448800,528700.0,,
skaijackson,S K A I,Lifestyle,Beauty,8000000,United States,209200,369800.0,Lifestyle,Beauty/Fashion
skuukzky,숮이  💄💅👡👠🎀👙🌂👗🌂🎀💋💌,Clothing & Outfits,Music,17800000,Indonesia,608000,750400.0,Beauty/Fashion,Music
smriti_mandhana,Smriti Mandhana,Sports with a ball,,6100000,India,379200,439600.0,Sports,
snoopdogg,snoopdogg,Lifestyle,Music,74400000,United States,31600,42800.0,Lifestyle,Music
sofia9__official,SOFIA,Lifestyle,Modeling,9100000,India,179000,249300.0,Lifestyle,Beauty/Fashion
sofia9__official,SOFIA,Lifestyle,Modeling,9100000,India,179000,249300.0,Lifestyle,Beauty/Fashion
sofiaalcastro,♡sofia castro,Shows,Cinema & Actors/actresses,8700000,Colombia,425800,580300.0,Entertainment,Entertainment
sofiacarson,Sofia Carson,Music,Cinema & Actors/actresses,16700000,Brazil,114500,155400.0,Music,Entertainment
sommerray,Sommer Ray,Modeling,,26600000,United States,176400,278100.0,Beauty/Fashion,
somsomi0309,ENNIK,Music,,14900000,Indonesia,818000,1000000.0,Music,
sonamkapoor,Sonam Kapoor Ahuja,Fashion,Modeling,32900000,India,178300,210800.0,Beauty/Fashion,Beauty/Fashion
songkang_b,송강,,,14400000,Mexico,2200000,3100000.0,,
soohyun_k216,김수현 Kim Soo Hyun 金秀賢,,,13700000,Indonesia,742800,904900.0,,
sooyaaa__,JISOO🤍,Music,Beauty,61600000,Indonesia,4800000,5500000.0,Music,Beauty/Fashion
sooyoungchoi,Sooyoung Choi,Beauty,Lifestyle,7100000,Indonesia,280700,338900.0,Beauty/Fashion,Lifestyle
sophiedee,Sophie Dee,Adult content,,12200000,United States,164900,219600.0,Entertainment,
soueunavida,Sou Eu Na Vida,Humor & Fun & Happiness,,18100000,Brazil,148200,281500.0,Entertainment,
sound_of_coups,COUPS,,,3800000,Indonesia,905000,1200000.0,,
soycintiacossio,Cintia Cossio,,,5600000,Colombia,417300,521000.0,,
soydannyalfaro,Danny Alfaro,Beauty,,8100000,Mexico,336800,385400.0,Beauty/Fashion,
soyneiva,Neiva Mara,Adult content,,11900000,Brazil,187700,252500.0,Entertainment,
spacex,SpaceX,Science,Machinery & Technologies,14900000,United States,139800,170300.0,Tech/Gaming,Tech/Gaming
sportscenter,SportsCenter,Sports with a ball,Shows,31100000,United States,113000,204000.0,Sports,Entertainment
srinidhi_shetty,Srinidhi Shetty 🌸,,,4100000,India,995900,1300000.0,,
ssinz7,박신혜/Shin Hye Park,Music,Cinema & Actors/actresses,13700000,Indonesia,652000,800600.0,Music,Entertainment
staryuukiii,Star Yuuki,Lifestyle,,6700000,Mexico,329800,397000.0,Lifestyle,
staskaranikolaou,Anastasia Karanikolaou,Lifestyle,,11000000,United States,1900000,2800000.0,Lifestyle,
stephencurry30,Wardell Curry,Sports with a ball,Family,44100000,United States,442800,591300.0,Sports,Lifestyle
sthefanematos,STHE ⚓️,Lifestyle,,9900000,Brazil,153200,352900.0,Lifestyle,
strangerthingstv,Stranger Things Netflix,Cinema & Actors/actresses,Shows,18700000,Brazil,1200000,1500000.0,Entertainment,Entertainment
streetartglobe,StreetArtGlobe ™ 😱,Art/Artists,,17100000,United States,131200,178200.0,Entertainment,
subo_m,Subhan Mamedov,Shows,,9700000,Russia,214200,262200.0,Entertainment,
suga_bighitentertainment,SUGA (민윤기) Updates,Lifestyle,,7600000,Indonesia,557600,628900.0,Lifestyle,
sugaringcandy,Jungwoo Kim,,,2500000,,1400000,,,
sunnyleone,Sunny Leone,Beauty,Cinema & Actors/actresses,53000000,India,137600,188900.0,Beauty/Fashion,Entertainment
supercarblondie,Alex - that girl with the Cars,Cars & Motorbikes,,10300000,India,156700,248600.0,Lifestyle,
superstar_dewasi99,SUPERSTARDEWASI 99,,,12300000,India,253400,400100.0,,
supremo_dp,Daniel Ford,Music,,4900000,Philippines,374000,460900.0,Music,
sureshraina3,Suresh Raina,Modeling,,20300000,India,106500,119800.0,Beauty/Fashion,
sushitrash,JOJI,Music,,6100000,United States,489600,598300.0,Music,
sydney_sweeney,Sydney Sweeney,Lifestyle,Cinema & Actors/actresses,13500000,United States,1100000,2100000.0,Lifestyle,Entertainment
sza,SZA,Music,,12200000,United States,811300,1400000.0,Music,
t22felton,Tom Felton,Music,Cinema & Actors/actresses,12000000,United States,177600,230400.0,Music,Entertainment
taehyung.bighitentertainment,TAEHYUNG (김태형) Updates,Management & Marketing,Music,10000000,Indonesia,985400,1000000.0,Info/Business,Music
taeoxo_nct,TAEYONG 태용,Lifestyle,,9300000,Indonesia,1200000,1500000.0,Lifestyle,
taeyeon_ss,TaeYeon,Music,,18600000,South Korea,653900,795500.0,Music,
taina,Tainá Costa,Music,,15900000,Brazil,290900,607500.0,Music,
tamannaahspeaks,Tamannaah Bhatia,Music,Cinema & Actors/actresses,17100000,India,207200,242600.0,Music,Entertainment
tamerhosny,Tamer Hosny,Music,Cinema & Actors/actresses,22600000,Egypt,87600,106900.0,Music,Entertainment
tarasutaria,TARA💫,Cinema & Actors/actresses,,7700000,India,247200,310900.0,Entertainment,
tatawerneck,Tata Werneck,Cinema & Actors/actresses,Family,53400000,Brazil,55200,85600.0,Entertainment,Lifestyle
taylor_hill,Taylor Hill,Art/Artists,Fashion,19900000,United States,126900,189400.0,Entertainment,Beauty/Fashion
taylorswift,Taylor Swift,Music,,216100000,Brazil,2400000,3200000.0,Music,
teddysphotos,Ed Sheeran,Music,,39200000,United States,130000,177400.0,Music,
tejasswiprakash,Tejasswi Prakash,Beauty,,6000000,India,321400,397700.0,Beauty/Fashion,
tenlee_1001,TEN_+•10,Music,,9800000,Indonesia,883100,1100000.0,Music,
teyanataylor,Jimmy Neutch- Shumpert,Music,,15100000,United States,112800,192200.0,Music,
theamitbhadana,Amit Bhadana ( अमित भड़ाना ),Shows,,8400000,India,284500,350800.0,Entertainment,
thebursin,Kerem Bürsin,Cinema & Actors/actresses,,10700000,Russia,625600,816300.0,Entertainment,
theellenshow,Ellen DeGeneres,Shows,Cinema & Actors/actresses,122600000,United States,30700,41600.0,Entertainment,Entertainment
theestallion,Megan Thee Stallion,Music,,29100000,United States,511500,891700.0,Music,
thegirljt,JT😸,Music,,5500000,United States,155800,427100.0,Music,
thegoodquote,Positive & Motivational Quotes,Humor & Fun & Happiness,,24600000,United States,81400,116900.0,Entertainment,
thehughjackman,,Cinema & Actors/actresses,,30500000,United States,167200,190500.0,Entertainment,
thenameisyash,Yash,Cinema & Actors/actresses,,10800000,India,1200000,1500000.0,Entertainment,
thenewclassic,Iggy Azalea,Music,,16400000,United States,232300,375600.0,Music,
therealcalebmclaughlin,Caleb McLaughlin,Cinema & Actors/actresses,Lifestyle,12800000,United States,472400,693400.0,Entertainment,Lifestyle
therealjosephmorgan,Joseph Morgan,Cinema & Actors/actresses,Lifestyle,8000000,Brazil,218500,274100.0,Entertainment,Lifestyle
therock,therock,Cinema & Actors/actresses,Fitness & Gym,324200000,India,542300,711900.0,Entertainment,Sports
theslumpgod,Stokeley,Music,,5400000,United States,428300,745100.0,Music,
theweeknd,The Weeknd,Music,,39900000,United States,728400,989300.0,Music,
thiago6,Thiago Alcantara,Sports with a ball,,9500000,United Kingdom,234300,401900.0,Sports,
thiagosilva,Thiago Silva,Sports with a ball,,19500000,Brazil,67200,113300.0,Sports,
thiagosilva,Thiago Silva,Sports with a ball,,19500000,Brazil,67200,113300.0,Sports,
thv,V,Lifestyle,,44800000,United States,13200000,13200000.0,Lifestyle,
tiagopzk,GOTTI A,Music,,5000000,Argentina,274300,626500.0,Music,
tiffanyyoungofficial,tiffany young,Modeling,Fashion,12200000,Indonesia,258000,322900.0,Beauty/Fashion,Beauty/Fashion
tigerjackieshroff,Tiger Shroff,Cinema & Actors/actresses,,35300000,India,261600,318100.0,Entertainment,
tinistoessel,LaTripleT,Music,,18100000,Argentina,684500,915600.0,Music,
todayis_wendy,Wendy,,,6800000,Indonesia,889700,1100000.0,,
tohi,𝐓𝐎𝐇𝐈,Lifestyle,,12000000,Iran,148200,216900.0,Lifestyle,
tombrady,Tom Brady,Sports with a ball,,12400000,United States,188100,346900.0,Sports,
tomhardy,Tom Hardy,Lifestyle,Cinema & Actors/actresses,8700000,Iran,251900,312500.0,Lifestyle,Entertainment
tomholland2013,Tom Holland,Cinema & Actors/actresses,,67400000,United States,5200000,6400000.0,Entertainment,
tommyinnit,TommyInnit,Lifestyle,,3400000,France,605900,683900.0,Lifestyle,
toni.kr8s,Toni Kroos,Sports with a ball,,34100000,Germany,417100,565000.0,Sports,
tontawan,ตู / t u 🌻(•ө•)ෆ⃛,Lifestyle,,3700000,Thailand,569900,749400.0,Lifestyle,
travisbarker,travisbarker,Lifestyle,,7500000,United States,503400,712400.0,Lifestyle,
travisscott,flame,Music,,45700000,United States,1800000,2600000.0,Music,
trentarnold66,Trent Alexander-Arnold,Lifestyle,Sports with a ball,7500000,United Kingdom,429800,630000.0,Lifestyle,Sports
trippieredd,555,Music,,13000000,United States,450900,883500.0,Music,
trueno,TR1 ⛈,Music,,6800000,Argentina,227300,354100.0,Music,
twicetagram,TWICE,Music,Modeling,25900000,Indonesia,1200000,1500000.0,Music,Beauty/Fashion
tyga,T-Raww,Music,,35000000,United States,600000,895800.0,Music,
uarmyhope,jhope,Art/Artists,Cinema & Actors/actresses,36600000,South Korea,9400000,9400000.0,Entertainment,Entertainment
urstrulymahesh,Mahesh Babu,Cinema & Actors/actresses,,8600000,India,358600,395100.0,Entertainment,
ursulolita,Úrsula Corberó ✨,Cinema & Actors/actresses,Modeling,24100000,Brazil,1100000,1600000.0,Entertainment,Beauty/Fashion
urvashirautela,Urvashi Rautela,Cinema & Actors/actresses,,52700000,India,107700,128900.0,Entertainment,
valentinazenere,Valentina Zenere,Modeling,Lifestyle,9900000,Brazil,226400,275500.0,Beauty/Fashion,Lifestyle
valeyellow46,Valentino Rossi,Racing Sports,,13800000,Indonesia,136400,178100.0,Sports,
vancityreynolds,Ryan Reynolds,Cinema & Actors/actresses,,44300000,United States,309300,400600.0,Entertainment,
vanessahudgens,🔮Vanessa Hudgens🔮,Cinema & Actors/actresses,,46100000,United States,53400,86000.0,Entertainment,
vanessalopesr_,Vanessa Lopes,Lifestyle,,11700000,Brazil,76100,248500.0,Lifestyle,
vanessamorgan,Vanessa Morgan,Music,Cinema & Actors/actresses,9500000,United States,319000,454100.0,Music,Entertainment
varundvn,VarunDhawan,Cinema & Actors/actresses,,42900000,India,257600,312900.0,Entertainment,
veradijkmans,Vera Dijkmans,Adult content,,5400000,United States,400700,563300.0,Entertainment,
vernonline,Vernon 버논,,,4000000,,713100,,,
vicdeangelis,Victoria De Angelis/ Måneskin,,,3700000,Italy,420600,623900.0,,
vickykaushal09,Vicky Kaushal,Cinema & Actors/actresses,,14000000,India,909800,1100000.0,Entertainment,
victoriajustice,Victoria Justice,Music,Cinema & Actors/actresses,22500000,United States,142300,194700.0,Music,Entertainment
viking.barbie,Viking Barbie⚔,Adult content,,11600000,United States,164600,251400.0,Entertainment,
vikkialchester,Vikki Al Chester 🎶,Music,,10300000,Russia,266600,324700.0,Music,
vindiesel,Vin Diesel,Cinema & Actors/actresses,,81300000,Brazil,314800,408700.0,Entertainment,
vinijr,Vinicius Jr. ⚡️🇧🇷,Sports with a ball,,20700000,Brazil,931000,1600000.0,Sports,
vinniehacker,†,Lifestyle,,5800000,United States,615100,1300000.0,Lifestyle,
virat.kohli,Virat Kohli,Sports with a ball,,203700000,India,2000000,2300000.0,Sports,
virgilvandijk,Virgil van Dijk,Sports with a ball,,12200000,United Kingdom,281600,399700.0,Sports,
virginia,Virginia Fonseca Costa,Shows,Lifestyle,38100000,Brazil,465700,727200.0,Entertainment,Lifestyle
vivi,Vivi Wanderley,Beauty,Lifestyle,13500000,Brazil,176400,290200.0,Beauty/Fashion,Lifestyle
vousmevoyez,KRYSTAL,Music,Cinema & Actors/actresses,10300000,Indonesia,369500,479600.0,Music,Entertainment
wanda_nara,Wanda nara,Lifestyle,,12800000,Argentina,189800,268500.0,Lifestyle,
warriors,Golden State Warriors,Lifestyle,Sports with a ball,24500000,United States,127400,177300.0,Lifestyle,Sports
waynerooney,Wayne Rooney,Sports with a ball,Lifestyle,15600000,United Kingdom,93100,133900.0,Sports,Lifestyle
wdohwan,우도환,Cinema & Actors/actresses,,4500000,Indonesia,471400,624900.0,Entertainment,
weareone.exo,EXO Official,Music,,10000000,Indonesia,609200,765000.0,Music,
whinderssonnunes,Whindersson Nunes,Humor & Fun & Happiness,,58500000,Brazil,186900,288400.0,Entertainment,
wi__wi__wi,위하준 Wi Ha Jun,,,10100000,South Korea,680800,818700.0,,
wilbursoot,Wilbur Soot,Music,,3100000,United States,539100,691200.0,Music,
willevy,William  Levy / Actor Producer,Shows,Cinema & Actors/actresses,10600000,Brazil,218500,294100.0,Entertainment,Entertainment
willyrex,Willyrex,Shows,,8700000,Spain,366800,435100.0,Entertainment,
winmetawin,Win Metawin O.,Lifestyle,,13700000,Philippines,863300,975500.0,Lifestyle,
wizkhalifa,Wiz Khalifa,Music,Art/Artists,38300000,India,55000,75600.0,Music,Entertainment
wizkidayo,BIG WIZ🦅,Music,,14800000,Nigeria,186300,362700.0,Music,
wolfiecindy,Cindy Kimberly,Modeling,Lifestyle,7000000,United States,240600,399700.0,Beauty/Fashion,Lifestyle
woozi_universefactory,WOOZI,,,3500000,Indonesia,510900,624700.0,,
wos.ds3,Valentín Oliva,Music,,6600000,Argentina,335000,512400.0,Music,
wow_kimsohyun,김소현,Music,Cinema & Actors/actresses,12300000,Indonesia,735400,845200.0,Music,Entertainment
wwiinn_7,WINWIN,,,7300000,Indonesia,1200000,1400000.0,,
xavi,Xavi Hernández,Sports with a ball,,8900000,Spain,428100,642400.0,Sports,
xbox,Xbox,Computers & Gadgets,Machinery & Technologies,12800000,United States,138600,170300.0,Tech/Gaming,Tech/Gaming
xeesoxee,한소희,Lifestyle,,9300000,Indonesia,1100000,1400000.0,Lifestyle,
xsqueezie,,Music,Lifestyle,7900000,France,495600,579600.0,Music,Lifestyle
xuminghao_o,The8 디에잇,Music,,4700000,Indonesia,666100,840200.0,Music,
xxxibgdrgn,권지용(權志龍),Photography,Fashion,21100000,Indonesia,484400,615300.0,Lifestyle,Beauty/Fashion
yamigautam,Yami Gautam Dhar,Cinema & Actors/actresses,,15900000,India,189300,219500.0,Entertainment,
yangyang_x2,YangYang 양양,,,6300000,Indonesia,863200,1100000.0,,
yaocabrera,Yao Cabrera,Computers & Gadgets,Business & Careers,14200000,Argentina,346400,750100.0,Tech/Gaming,Info/Business
yasmine_sabri,Yasmine Sabri,Cinema & Actors/actresses,Lifestyle,19300000,Egypt,317800,445800.0,Entertainment,Lifestyle
yastunes,YAS,Music,,8400000,Iran,666800,927000.0,Music,
yawnzzn,YEONJUN,,,9400000,India,3200000,4100000.0,,
yefersoncossio,Yef,Lifestyle,,9400000,Colombia,174500,255800.0,Lifestyle,
yejinhand,손예진,Cinema & Actors/actresses,,6600000,Indonesia,589500,767000.0,Entertainment,
yellow_3to3,REN JUN,Lifestyle,Music,5900000,Indonesia,1400000,1700000.0,Lifestyle,Music
yerimiese,Yeri,Lifestyle,,10600000,Indonesia,667400,827300.0,Lifestyle,
yg_treasure_official,TREASURE (트레저),Music,,5400000,Indonesia,323500,412400.0,Music,
yg_treasure_official,TREASURE (트레저),Music,,5400000,Indonesia,323500,412400.0,Music,
yihyun_1208,조이현 cho yihyun,Lifestyle,,5300000,South Korea,644800,816400.0,Lifestyle,
yoona__lim,,Cinema & Actors/actresses,,13500000,Indonesia,456800,546500.0,Entertainment,
yooncy1,윤찬영 Yoon chanyoung,,,4900000,South Korea,1000000,1300000.0,,
youna_1997,박유나,Cinema & Actors/actresses,,3500000,South Korea,548600,635300.0,Entertainment,
youna_1997,박유나,Cinema & Actors/actresses,,3500000,South Korea,548600,635300.0,Entertainment,
youngdae0302,김영대,Music,,4400000,Indonesia,554000,731300.0,Music,
yugyeom,KYUM,Music,Art/Artists,11300000,Thailand,399300,516100.0,Music,Entertainment
yuu_taa_1026,YUTA 悠太,,,8300000,Indonesia,1000000,1400000.0,,
yuyacst,𝓨𝒖𝒚𝒂,Modeling,,17200000,Mexico,316800,487000.0,Beauty/Fashion,
yuzi_chahal23,Yuzvendra Chahal,Lifestyle,Sports with a ball,7900000,India,241100,293400.0,Lifestyle,Sports
zacefron,Zac Efron,Cinema & Actors/actresses,,53700000,United States,512500,742200.0,Entertainment,
zachking,Zach King,Shows,Humor & Fun & Happiness,24600000,Indonesia,429700,662100.0,Entertainment,Entertainment
zayn,Zayn Malik,Music,,46000000,India,2900000,4500000.0,Music,
zefelipecantor,Zé,Music,,24300000,Brazil,252500,445100.0,Music,
zendaya,Zendaya,Cinema & Actors/actresses,Fashion,146300000,United States,6300000,8500000.0,Entertainment,Beauty/Fashion
zidane,zidane,Sports with a ball,,33000000,Spain,412400,560800.0,Sports,
zidane,zidane,Sports with a ball,,33000000,Spain,412400,560800.0,Sports,
zkdlin,KAI,Music,,14100000,Indonesia,1400000,1700000.0,Music,
zo,Lonzo Ball,Sports with a ball,,14000000,United States,145800,262000.0,Sports,
zoeisabellakravitz,Zoë Kravitz,Cinema & Actors/actresses,,8500000,United States,342400,519300.0,Entertainment,
