rank,handle_instagram,name_instagram,category_1,followers,audience_country,engagement_auth,engagement_avg,category_2,unified_cat_1,unified_cat_2
1,cristiano,Cristiano Ronaldo,Sports with a ball,483100000,India,4500000,5600000,,Sports,
2,kyliejenner,Kylie 🤍,Fashion,370000000,United States,2800000,4400000,Modeling,Beauty/Fashion,Beauty/Fashion
3,leomessi,Leo Messi,Sports with a ball,357800000,Indonesia,3200000,4100000,Family,Sports,Lifestyle
4,arianagrande,Ariana Grande,Music,331600000,United States,2900000,4000000,,Music,
5,zendaya,Zendaya,Cinema & Actors/actresses,152200000,United States,4800000,6500000,Fashion,Entertainment,Beauty/Fashion
6,virat.kohli,Virat Kohli,Sports with a ball,215000000,India,3600000,4100000,,Sports,
7,selenagomez,Selena Gomez,Music,347600000,United States,1800000,2300000,Lifestyle,Music,Lifestyle
8,thv,V,Music,51300000,South Korea,13100000,13100000,,Music,
9,lalalalisa_m,LISA,Music,82500000,Indonesia,6700000,7800000,,Music,
10,taylorswift,Taylor Swift,Music,224900000,Brazil,2100000,2800000,,Music,
11,beyonce,Beyoncé,Music,275700000,United States,1500000,2200000,Fashion,Music,Beauty/Fashion
12,billieeilish,BILLIE EILISH,Music,106300000,United States,3800000,5000000,,Music,
13,justinbieber,Justin Bieber,Music,258200000,Brazil,1400000,1900000,,Music,
14,neymarjr,NJ 🇧🇷,Sports with a ball,178700000,Brazil,1500000,2200000,,Sports,
15,kendalljenner,Kendall,Modeling,258200000,United States,926400,1500000,Fashion,Beauty/Fashion,Beauty/Fashion
16,jin,Jin of BTS,Music,40000000,United States,8900000,8900000,,Music,
17,agustd,SUGA of BTS 민윤기,Lifestyle,38700000,South Korea,9200000,9200000,Music,Lifestyle,Music
18,jennierubyjane,J,Music,70100000,Indonesia,4200000,5000000,,Music,
19,karolg,KAROL G,Music,56200000,Mexico,5000000,6100000,,Music,
20,sooyaaa__,JISOO🤍,Music,64500000,Indonesia,4600000,5300000,Beauty,Music,Beauty/Fashion
21,uarmyhope,jhope,Art/Artists,39600000,South Korea,7900000,7900000,Music,Entertainment,Music
22,khaby00,Khaby Lame,Sports with a ball,79800000,India,2700000,3700000,,Sports,
23,iamcardib,Cardi B,Music,140800000,United States,1300000,1900000,Fashion,Music,Beauty/Fashion
24,kimkardashian,Kim Kardashian,Fashion,330300000,United States,573100,807000,Beauty,Beauty/Fashion,Beauty/Fashion
25,milliebobbybrown,Millie Bobby Brown,Cinema & Actors/actresses,58500000,Brazil,3400000,4300000,,Entertainment,
26,roses_are_rosie,ROSÉ,Music,63200000,Indonesia,3300000,3800000,,Music,
27,badbunnypr,,Music,43100000,United States,3600000,5600000,,Music,
28,rkive,RM,Lifestyle,38200000,,6100000,6100000,Music,Lifestyle,Music
29,jlo,Jennifer Lopez,Music,221600000,United States,796100,1000000,Cinema & Actors/actresses,Music,Entertainment
30,zayn,Zayn Malik,Music,46900000,India,2800000,4400000,,Music,
31,jungkook.97,전 정국 이올시다,Music,46500000,,4200000,4200000,,Music,
32,instagram,Instagram,Photography,549300000,India,288500,360400,,Lifestyle,
33,bts.bighitofficial,BTS official,Music,67800000,Indonesia,2500000,2800000,,Music,
34,kourtneykardash,Kourtney Kardashian Barker,Lifestyle,197600000,United States,668300,958100,,Lifestyle,
35,champagnepapi,champagnepapi,Music,121100000,United States,854200,1400000,,Music,
36,therock,Dwayne Johnson,Cinema & Actors/actresses,338100000,India,360200,462400,Fitness & Gym,Entertainment,Sports
37,kingjames,👑,Sports with a ball,133000000,United States,623600,1100000,,Sports,
38,narendramodi,Narendra Modi,Finance & Economics,69900000,India,1800000,2000000,Business & Careers,Info/Business,Info/Business
39,khloekardashian,Khloé Kardashian,Clothing & Outfits,272000000,United States,394800,489700,Lifestyle,Beauty/Fashion,Lifestyle
40,shawnmendes,Shawn Mendes,Music,70000000,Brazil,1200000,1800000,,Music,
41,dualipa,DUA LIPA,Music,87000000,United States,1100000,1400000,,Music,
42,dlwlrma,이지금 IU,Art/Artists,27800000,South Korea,3700000,4400000,,Entertainment,
43,eunwo.o_c,차은우,Music,30500000,Indonesia,3100000,3900000,Lifestyle,Music,Lifestyle
44,harrystyles,,Music,47400000,United States,1800000,2400000,Fashion,Music,Beauty/Fashion
45,katrinakaif,Katrina Kaif,Beauty,67300000,India,1400000,1600000,,Beauty/Fashion,
46,nasa,NASA,Science,82900000,India,1100000,1300000,Photography,Tech/Gaming,Lifestyle
47,k.mbappe,Kylian Mbappé,Sports with a ball,72600000,France,975000,1400000,,Sports,
48,adele,Adele,Music,50900000,United States,1400000,2000000,,Music,
49,actorleeminho,이민호 leeminho,Cinema & Actors/actresses,30800000,Indonesia,2500000,3200000,,Entertainment,
50,shraddhakapoor,Shraddha ✶,Cinema & Actors/actresses,74900000,India,1100000,1300000,,Entertainment,
51,shraddhakapoor,Shraddha ✶,Cinema & Actors/actresses,74900000,India,1100000,1300000,,Entertainment,
52,anushkasharma,AnushkaSharma1588,Cinema & Actors/actresses,59800000,India,1400000,1600000,,Entertainment,
53,realmadrid,Real Madrid C.F.,Sports with a ball,125200000,Spain,518700,720800,,Sports,
54,oliviarodrigo,Olivia Rodrigo,Music,27900000,India,2500000,3100000,Cinema & Actors/actresses,Music,Entertainment
55,blakelively,Blake Lively,Cinema & Actors/actresses,35200000,United States,1500000,2300000,,Entertainment,
56,nickiminaj,Barbie,Music,200900000,United States,252500,398800,,Music,
57,handemiyy,Hande Erçel,Cinema & Actors/actresses,28900000,Turkey,2100000,2700000,,Entertainment,
58,georginagio,Georgina Rodríguez,Lifestyle,39200000,India,1400000,2000000,Fashion,Lifestyle,Beauty/Fashion
59,haileybieber,Hailey Rhode Baldwin Bieber,Lifestyle,48000000,United States,1200000,1600000,Modeling,Lifestyle,Beauty/Fashion
60,sadiesink_,Sadie Sink,Modeling,24800000,Brazil,2100000,3000000,Lifestyle,Beauty/Fashion,Lifestyle
61,ester_exposito,Ester 🌙,Cinema & Actors/actresses,29200000,Mexico,1700000,2500000,,Entertainment,
62,fcbarcelona,FC Barcelona,Sports with a ball,112300000,Indonesia,417500,636600,,Sports,
63,willsmith,Will Smith,Cinema & Actors/actresses,63500000,United States,926600,1100000,Music,Entertainment,Music
64,johnnydepp,Johnny Depp,Cinema & Actors/actresses,27700000,India,1900000,2500000,Music,Entertainment,Music
65,jongsuk0206,이종석,Cinema & Actors/actresses,23800000,Indonesia,2200000,2900000,,Entertainment,
66,kimberly.loaiza,KIM LOAIZA 🖤,Clothing & Outfits,36000000,Mexico,1500000,1800000,Lifestyle,Beauty/Fashion,Lifestyle
67,dovecameron,DOVE,Cinema & Actors/actresses,48300000,United States,1000000,1300000,,Entertainment,
68,beingsalmankhan,Salman Khan,Cinema & Actors/actresses,54300000,India,899100,1200000,Art/Artists,Entertainment,Entertainment
69,bellahadid,Bella 🦋,Modeling,54700000,United States,700700,1100000,,Beauty/Fashion,
70,karimbenzema,Karim Benzema,Sports with a ball,57900000,France,729700,1100000,,Sports,
71,gigihadid,Gigi Hadid,Modeling,75700000,United States,544900,800400,Lifestyle,Beauty/Fashion,Lifestyle
72,bn_sj2013,박서준,Cinema & Actors/actresses,22800000,Indonesia,2200000,2600000,Modeling,Entertainment,Beauty/Fashion
73,lelepons,Lele Pons,Music,49400000,Mexico,759900,1200000,,Music,
74,gal_gadot,Gal Gadot,Cinema & Actors/actresses,86700000,United States,520700,673100,,Entertainment,
75,aliaabhatt,Alia Bhatt 🤍☀️,Cinema & Actors/actresses,70000000,India,662300,820100,,Entertainment,
76,ddlovato,Demi Lovato,Music,139500000,United States,318000,411900,,Music,
77,blackpinkofficial,BLΛƆKPIИK,Music,49700000,Indonesia,917700,1100000,,Music,
78,maluma,MALUMA,Music,62900000,Italy,577900,890400,,Music,
79,charlidamelio,charli,Lifestyle,49200000,United States,963100,1100000,Shows,Lifestyle,Entertainment
80,niallhoran,Niall Horan,Music,30500000,United States,1200000,1700000,,Music,
81,zacefron,Zac Efron,Cinema & Actors/actresses,54700000,United States,639500,926600,,Entertainment,
82,virginia,Virginia Fonseca Costa,Shows,39400000,Brazil,819800,1300000,Lifestyle,Entertainment,Lifestyle
83,theweeknd,The Weeknd,Music,43400000,United States,843300,1100000,,Music,
84,madisonbeer,Madison Beer,Music,32600000,United States,1000000,1500000,,Music,
85,chrishemsworth,Chris Hemsworth,Cinema & Actors/actresses,56000000,India,667100,859700,,Entertainment,
86,camila_cabello,camila,Music,65300000,Brazil,538900,732700,,Music,
87,realstraykids,Stray Kids,Music,22800000,Indonesia,1700000,2000000,,Music,
88,paulodybala,Paulo Dybala,Sports with a ball,48600000,Argentina,588900,942700,,Sports,
89,dojacat,Doja Cat,Music,24400000,United States,1400000,1900000,,Music,
90,lilireinhart,Lili Reinhart,Cinema & Actors/actresses,28700000,Brazil,1100000,1600000,,Entertainment,
91,robertdowneyjr,Robert Downey Jr. Official,Cinema & Actors/actresses,53200000,India,630800,789500,,Entertainment,
92,oohsehun,SEHUN,Music,23200000,Indonesia,1500000,1800000,,Music,
93,natgeo,National Geographic,Nature & landscapes,239500000,United States,135800,172900,Science,Lifestyle,Tech/Gaming
94,whinderssonnunes,Whindersson Nunes,Humor & Fun & Happiness,58800000,Brazil,457200,704200,,Entertainment,
95,priyankachopra,Priyanka,Cinema & Actors/actresses,82300000,India,409100,497300,,Entertainment,
96,songkang_b,송강,,14800000,Mexico,2000000,2700000,,,
97,chrisevans,Chris Evans,Cinema & Actors/actresses,17800000,United States,1900000,2300000,,Entertainment,
98,vindiesel,Vin Diesel,Cinema & Actors/actresses,82900000,Brazil,377100,488200,,Entertainment,
99,marcelotwelve,Marcelo Vieira,Sports with a ball,58700000,Spain,458100,680300,,Sports,
100,tchalamet,Timothée Chalamet,Cinema & Actors/actresses,18000000,United States,1300000,2200000,,Entertainment,
101,nehakakkar,Neha Kakkar (Mrs. Singh),Music,71100000,India,460200,536900,,Music,
102,iamsrk,Shah Rukh Khan,Cinema & Actors/actresses,30600000,India,976100,1200000,,Entertainment,
103,samantharuthprabhuoffl,Samantha,Beauty,24300000,India,1200000,1500000,Modeling,Beauty/Fashion,Beauty/Fashion
104,championsleague,UEFA Champions League,Sports with a ball,98300000,Brazil,267000,363700,,Sports,
105,twicetagram,TWICE,Music,26700000,Indonesia,1100000,1300000,Modeling,Music,Beauty/Fashion
106,kritisanon,Kriti,Modeling,50800000,India,600100,699000,,Beauty/Fashion,
107,rashmika_mandanna,Rashmika Mandanna,Beauty,33600000,India,915200,1100000,Art/Artists,Beauty/Fashion,Entertainment
108,iamzlatanibrahimovic,Zlatan Ibrahimović,Sports with a ball,55700000,Italy,410700,632500,,Sports,
109,ursulolita,Úrsula Corberó ✨,Cinema & Actors/actresses,23600000,Brazil,1000000,1500000,Modeling,Entertainment,Beauty/Fashion
110,hoooooyeony,Hoyeon,Lifestyle,22900000,South Korea,1200000,1500000,Music,Lifestyle,Music
111,433,433,Sports with a ball,51800000,Spain,402800,668700,,Sports,
112,zefelipecantor,Zé,Music,25000000,Brazil,786000,1400000,,Music,
113,mosalah,Mohamed Salah,Sports with a ball,52800000,Egypt,461500,653900,,Sports,
114,antonelaroccuzzo,Antonela Roccuzzo,Modeling,20200000,Argentina,1000000,1700000,Family,Beauty/Fashion,Lifestyle
115,tyga,T-Raww,Music,36800000,United States,619300,925900,,Music,
116,lucas_xx444,LUCAS,Art/Artists,11500000,Indonesia,2400000,3000000,,Entertainment,
117,nike,Nike,Fitness & Gym,238500000,United States,109500,142200,Shopping & Retail,Sports,Beauty/Fashion
118,addisonraee,Addison Rae,Beauty,39800000,United States,538900,831600,,Beauty/Fashion,
119,jacksonwang852g7,Jackson Wang,Music,30100000,China,920900,1100000,,Music,
120,madelame,Madelaine Petsch,Cinema & Actors/actresses,25200000,Russia,901700,1300000,,Entertainment,
121,vinijr,Vinicius Jr. ⚡️🇧🇷,Sports with a ball,23000000,Brazil,758900,1400000,Lifestyle,Sports,Lifestyle
122,jenniferaniston,Jennifer Aniston,Cinema & Actors/actresses,40800000,Brazil,529800,768900,,Entertainment,
123,_rl9,Robert Lewandowski,Sports with a ball,29900000,Poland,819900,1000000,,Sports,
124,alluarjunonline,Allu Arjun,Cinema & Actors/actresses,19300000,India,1300000,1600000,,Entertainment,
125,hi_high_hiy,황인엽,Cinema & Actors/actresses,14800000,South Korea,1800000,2100000,,Entertainment,
126,_jeongjaehyun,Jaehyun,,12500000,Indonesia,2000000,2500000,,,
127,vancityreynolds,Ryan Reynolds,Cinema & Actors/actresses,45300000,United States,514000,676700,,Entertainment,
128,pewdiepie,PewDiePie,Computers & Gadgets,21800000,United States,1200000,1400000,,Tech/Gaming,
129,mrbeast,MrBeast,Shows,20000000,United States,1100000,1500000,Humor & Fun & Happiness,Entertainment,Entertainment
130,dishapatani,disha patani (paatni) 🦋,Cinema & Actors/actresses,53700000,India,454500,559600,Lifestyle,Entertainment,Lifestyle
131,kartikaaryan,KARTIK AARYAN,Cinema & Actors/actresses,26100000,India,915000,1100000,,Entertainment,
132,henrycavill,Henry Cavill,Cinema & Actors/actresses,21800000,Brazil,1100000,1400000,,Entertainment,
133,rosalia.vt,LA ROSALÍA,Music,22200000,Spain,981900,1300000,,Music,
134,hardikpandya93,Hardik Himanshu Pandya,Sports with a ball,23200000,India,980300,1200000,,Sports,
135,ronaldinho,Ronaldo de Assis Moreira,Sports with a ball,68000000,Brazil,236900,412100,,Sports,
136,davidbeckham,David Beckham,Family,75300000,India,281400,361200,Sports with a ball,Lifestyle,Sports
137,sydney_sweeney,Sydney Sweeney,Lifestyle,14300000,United States,994800,1900000,Cinema & Actors/actresses,Lifestyle,Entertainment
138,sergioramos,Sergio Ramos,Sports with a ball,53300000,Spain,325300,498600,,Sports,
139,alexademie,,Music,11500000,United States,1300000,2300000,,Music,
140,hi_songjoongki,송중기 songjoongki official,Cinema & Actors/actresses,9700000,Indonesia,2000000,2800000,,Entertainment,
141,thenameisyash,Yash,Cinema & Actors/actresses,11300000,India,2000000,2300000,,Entertainment,
142,thedeverakonda,Vijay Deverakonda,Cinema & Actors/actresses,17500000,India,1300000,1500000,,Entertainment,
143,jamesrodriguez10,James Rodríguez,Sports with a ball,50000000,Colombia,346200,526400,,Sports,
144,shakira,Shakira,Music,76200000,India,250800,343300,,Music,
145,deepikapadukone,Deepika Padukone,Cinema & Actors/actresses,69100000,India,285700,372700,,Entertainment,
146,hegdepooja,Pooja Hegde,Cinema & Actors/actresses,21400000,India,1000000,1200000,,Entertainment,
147,rohittt_09_,𝐑𝐨𝐡𝐢𝐭 𝐙𝐢𝐧𝐣𝐮𝐫𝐤𝐞 ~ 𝐫𝐞𝐚𝐜𝐭𝐢𝐨𝐧𝐛𝐨𝐢 💫,Shows,24100000,India,738400,1000000,Lifestyle,Entertainment,Lifestyle
148,bizarrap,BZRP,Music,15100000,Argentina,1300000,1600000,,Music,
149,norafatehi,Nora Fatehi,Cinema & Actors/actresses,42200000,India,473500,582700,Music,Entertainment,Music
150,manchesterunited,Manchester United,Sports with a ball,60700000,United Kingdom,251400,402200,,Sports,
151,sabrinacarpenter,Sabrina Carpenter,Music,27700000,Brazil,710000,871400,,Music,
152,hazardeden_10,Eden Hazard,Sports with a ball,27200000,Spain,550300,887100,,Sports,
153,lewishamilton,Lewis Hamilton,Racing Sports,29800000,Brazil,557400,799600,,Sports,
154,urvashirautela,Urvashi Rautela,Cinema & Actors/actresses,56500000,India,356000,420500,,Entertainment,
155,emmachamberlain,emma chamberlain,Lifestyle,16100000,United States,948900,1500000,Shows,Lifestyle,Entertainment
156,katyperry,KATY PERRY,Music,172700000,Brazil,106500,137700,,Music,
157,sidhu_moosewala,Sidhu Moosewala (ਮੂਸੇ ਆਲਾ),Lifestyle,11200000,India,1800000,2200000,,Lifestyle,
158,saraalikhan95,Sara Ali Khan,Cinema & Actors/actresses,41100000,India,465400,567900,,Entertainment,
159,luisitocomunica,Luisillo El Pillo,Humor & Fun & Happiness,32500000,Mexico,543000,717500,Clothing & Outfits,Entertainment,Beauty/Fashion
160,shahidkapoor,Shahid Kapoor,Cinema & Actors/actresses,35700000,India,572300,648300,,Entertainment,
161,paulpogba,Paul Labile Pogba,Sports with a ball,55400000,Brazil,231400,412400,,Sports,
162,casemiro,Casemiro,Sports with a ball,17500000,Brazil,870700,1300000,,Sports,
163,emrata,Emily Ratajkowski,Modeling,29400000,United States,482200,769700,,Beauty/Fashion,
164,imhyoseop,안효섭,Lifestyle,9000000,Indonesia,2200000,2500000,,Lifestyle,
165,hrithikroshan,Hrithik Roshan,Cinema & Actors/actresses,43900000,India,406600,514900,,Entertainment,
166,jichangwook,지창욱,Cinema & Actors/actresses,21400000,Indonesia,828300,1100000,,Entertainment,
167,camimendes,camila mendes,Cinema & Actors/actresses,26900000,Brazil,594800,824300,,Entertainment,
168,na.jaemin0813,JAEMIN,,10100000,Indonesia,1800000,2200000,,,
169,seonho__kim,김선호,,8200000,Indonesia,2200000,2800000,,,
170,zkdlin,KAI,Music,14200000,Indonesia,1300000,1600000,,Music,
171,lanarhoades,Lana Rhoades,Lifestyle,16600000,United States,802800,1300000,Modeling,Lifestyle,Beauty/Fashion
172,iambeckyg,Becky G,Music,33600000,Mexico,530100,638900,,Music,
173,kiaraaliaadvani,KIARA,Cinema & Actors/actresses,25100000,India,754000,855500,,Entertainment,
174,varundvn,VarunDhawan,Cinema & Actors/actresses,44300000,India,395400,481700,,Entertainment,
175,akshaykumar,Akshay Kumar,Cinema & Actors/actresses,63300000,India,281500,334600,,Entertainment,
176,leedongwook_official,이동욱 (Official_Instagram),Cinema & Actors/actresses,14800000,Indonesia,1100000,1400000,,Entertainment,
177,anitta,Anitta 🎤,Music,63300000,Brazil,173300,324600,,Music,
178,strangerthingstv,Stranger Things Netflix,Cinema & Actors/actresses,22600000,Brazil,662500,886600,Shows,Entertainment,Entertainment
179,loganpaul,Logan Paul,Fitness & Gym,23900000,United States,625000,833400,,Sports,
180,jannatzubair29,Jannat Zubair Rahmani,Cinema & Actors/actresses,44500000,India,361300,440200,,Entertainment,
181,domelipa,domelipa,Lifestyle,19900000,Mexico,800000,974600,,Lifestyle,
182,bambam1a,BamBam,Music,16800000,Brazil,925800,1200000,,Music,
183,daddyyankee,Daddy Yankee,Music,45900000,Argentina,303300,423400,,Music,
184,erling.haaland,Erling Braut Haaland,Lifestyle,18300000,Brazil,701000,1000000,Sports with a ball,Lifestyle,Sports
185,cznburak,Burak Özdemir,Food & Cooking,41000000,Turkey,341300,462900,,Lifestyle,
186,miakhalifa,Mia K.,Fitness & Gym,27700000,India,416900,666800,Lifestyle,Sports,Lifestyle
187,onyourm__ark,Mark,Lifestyle,9400000,Indonesia,1600000,2000000,,Lifestyle,
188,lilbaby,,Music,20400000,United States,485900,896600,,Music,
189,anuel,“REAL HASTA LA MUERTE”,Music,29600000,Spain,404200,615800,,Music,
190,enhypen,ENHYPEN,Lifestyle,11000000,Indonesia,1200000,1600000,,Lifestyle,
191,iamhalsey,halsey,Music,30600000,United States,440900,580300,,Music,
192,momo,모모 (MOMO),Lifestyle,8100000,Turkey,1500000,2200000,,Lifestyle,
193,do0_nct,Doyoung,Lifestyle,10500000,Indonesia,1300000,1700000,,Lifestyle,
194,zachking,Zach King,Shows,24400000,Indonesia,463200,713400,Humor & Fun & Happiness,Entertainment,Entertainment
195,sunnyleone,Sunny Leone,Beauty,54000000,India,236100,320000,Cinema & Actors/actresses,Beauty/Fashion,Entertainment
196,bbrightvc,bright,Cinema & Actors/actresses,16100000,Indonesia,887500,1100000,,Entertainment,
197,lukamodric10,Luka Modric,Sports with a ball,25000000,Spain,468100,686200,,Sports,
198,gatenm123,Gaten Matarazzo,Music,18800000,Brazil,684000,903400,Cinema & Actors/actresses,Music,Entertainment
199,jamescharles,James Charles,Beauty,22600000,United States,510000,747600,,Beauty/Fashion,
200,kapilsharma,Kapil Sharma,Cinema & Actors/actresses,42900000,India,346500,394700,Shows,Entertainment,Entertainment
201,serna_amini,Serna Amini,,9800000,Iran,1300000,1800000,,,
202,josephquinn,Joseph Quinn,Cinema & Actors/actresses,8600000,Brazil,1700000,2000000,,Entertainment,
203,kajalaggarwalofficial,Kajal A Kitchlu,Cinema & Actors/actresses,23600000,India,589900,712900,,Entertainment,
204,louist91,Louis Tomlinson,Music,18500000,Brazil,665300,908800,,Music,
205,madelyncline,Maddie,Cinema & Actors/actresses,12600000,United States,913400,1300000,,Entertainment,
206,haileesteinfeld,hailee steinfeld,Cinema & Actors/actresses,19700000,United States,657500,834800,,Entertainment,
207,ladygaga,Lady Gaga,Music,53200000,United States,220700,309100,Cinema & Actors/actresses,Music,Entertainment
208,zidane,zidane,Sports with a ball,33900000,Spain,355300,484500,,Sports,
209,chrisbrownofficial,BREEZY,Music,118800000,United States,88500,137900,,Music,
210,emmawatson,Emma Watson,Literature & Journalism,67300000,United States,177200,241800,Cinema & Actors/actresses,Info/Business,Entertainment
211,nina,Nina Dobrev,Cinema & Actors/actresses,25800000,Brazil,432300,619700,,Entertainment,
212,brentrivera,Brent Rivera,Music,22300000,United States,558100,724300,Cinema & Actors/actresses,Music,Entertainment
213,anushkasen0408,Anushka Sen,Cinema & Actors/actresses,38600000,India,355600,415100,,Entertainment,
214,juandediospantoja,JD PANTOJA 🇲🇽,Music,22700000,Mexico,617700,704800,Art/Artists,Music,Entertainment
215,emilia_clarke,,Cinema & Actors/actresses,27000000,India,468700,589900,,Entertainment,
216,itzy.all.in.us,ITZY,Music,18000000,Indonesia,720100,880100,,Music,
217,carryminati,𝑨𝒋𝒆𝒚 𝑵𝒂𝒈𝒂𝒓,Computers & Gadgets,16100000,India,830300,976800,Machinery & Technologies,Tech/Gaming,Tech/Gaming
218,nayeonyny,나연 (NAYEON),Lifestyle,8500000,Brazil,1600000,1900000,,Lifestyle,
219,riaricis1795,RICIS,Lifestyle,32000000,Indonesia,395900,484500,,Lifestyle,
220,sidmalhotra,Sidharth Malhotra,Cinema & Actors/actresses,20800000,India,598500,744300,Modeling,Entertainment,Beauty/Fashion
221,taeyeon_ss,TaeYeon,Music,18800000,South Korea,672600,817800,,Music,
222,liluzivert,Lil Uzi Vert,Music,16500000,United States,511100,939400,,Music,
223,annehathaway,Anne Hathaway,Cinema & Actors/actresses,24900000,United States,466600,614800,,Entertainment,
224,nct,NCT Official Instagram,Music,14700000,Indonesia,837500,1000000,,Music,
225,ananyapanday,Ananya 💛💫,Cinema & Actors/actresses,23800000,India,544600,636100,,Entertainment,
226,thinkaboutzu,쯔위 (TZUYU),,8100000,India,1600000,1900000,,,
227,tinistoessel,LaTripleT,Music,18700000,Argentina,604200,808800,,Music,
228,m.by__sana,사나 (SANA),Lifestyle,7600000,Yemen,1700000,2000000,,Lifestyle,
229,sachintendulkar,Sachin Tendulkar,Sports with a ball,35800000,India,343600,411900,Lifestyle,Sports,Lifestyle
230,janhvikapoor,Janhvi Kapoor,Lifestyle,18600000,India,664400,792600,Cinema & Actors/actresses,Lifestyle,Entertainment
231,tatawerneck,Tata Werneck,Cinema & Actors/actresses,54300000,Brazil,174800,271300,Family,Entertainment,Lifestyle
232,tigerjackieshroff,Tiger Shroff,Cinema & Actors/actresses,35900000,India,337300,411000,,Entertainment,
233,therealcalebmclaughlin,Caleb McLaughlin,Cinema & Actors/actresses,15400000,United States,644200,946000,Lifestyle,Entertainment,Lifestyle
234,jessicah_o,Jessi / 제시,Music,12700000,United States,901300,1200000,,Music,
235,skuukzky,숮이  💄💅👡👠🎀👙🌂👗🌂🎀💋💌,Clothing & Outfits,18000000,Indonesia,656400,810000,Music,Beauty/Fashion,Music
236,jbalvin,J Balvin,Music,52900000,Mexico,210700,276600,,Music,
237,bretmanrock,Bretman (Da Baddest) Rock,Art/Artists,18500000,United States,466600,785600,Beauty,Entertainment,Beauty/Fashion
238,iamferv,fer,Lifestyle,10700000,Mexico,922800,1400000,Art/Artists,Lifestyle,Entertainment
239,awez_darbar,Awez Darbar,Shows,23800000,India,503200,602900,Cinema & Actors/actresses,Entertainment,Entertainment
240,paulolondra,Paulo londra,Music,13700000,Argentina,669600,1000000,,Music,
241,somsomi0309,ENNIK 전소미,Music,15700000,Indonesia,751600,908900,,Music,
242,angelrai07,Angel Rai :),Cinema & Actors/actresses,23200000,India,512800,618100,Art/Artists,Entertainment,Entertainment
243,theestallion,Megan Thee Stallion,Music,29800000,United States,274600,479600,,Music,
244,lilyjcollins,Lily Collins,Cinema & Actors/actresses,26800000,United States,350900,522500,,Entertainment,
245,brunomars,Bruno Mars,Music,26100000,Brazil,356800,541200,,Music,
246,keerthysureshofficial,Keerthy Suresh,Beauty,13600000,India,894400,1000000,Cinema & Actors/actresses,Beauty/Fashion,Entertainment
247,justintimberlake,Justin Timberlake,Music,65800000,United States,158700,212100,Art/Artists,Music,Entertainment
248,_imyour_joy,Joy,Lifestyle,14300000,Indonesia,809100,967200,,Lifestyle,
249,michaelbjordan,Michael B. Jordan,Cinema & Actors/actresses,18700000,United States,442700,733800,,Entertainment,
250,riyaz.14,Riyaz Aly,Lifestyle,27400000,India,389400,507100,Art/Artists,Lifestyle,Entertainment
251,lizgillz,Elizabeth Gillies,Music,14000000,Mexico,666100,964400,Cinema & Actors/actresses,Music,Entertainment
252,greeicy,Greeicy,Shows,21400000,Colombia,471100,632300,Cinema & Actors/actresses,Entertainment,Entertainment
253,carlinhosmaiaof,Carlinhos Maia🌻,Lifestyle,26100000,Brazil,287600,527700,,Lifestyle,
254,iansomerhalder,iansomerhalder,Cinema & Actors/actresses,23400000,United States,378700,566300,,Entertainment,
255,marshmello,marshmello,Music,29600000,United States,308200,445200,,Music,
256,kevinhart4real,Kevin Hart,Cinema & Actors/actresses,152500000,United States,68900,87300,,Entertainment,
257,dixiedamelio,dixie,Music,24700000,United States,362600,531000,Clothing & Outfits,Music,Beauty/Fashion
258,min9yu_k,김민규,Music,7700000,Indonesia,1400000,1700000,,Music,
259,chaeyo.0,채영 (CHAEYOUNG),Lifestyle,7100000,Philippines,1700000,1900000,,Lifestyle,
260,aron.piper,ARON🌜🌞,Music,13600000,Brazil,508500,957900,Lifestyle,Music,Lifestyle
261,ranveersingh,Ranveer Singh,Cinema & Actors/actresses,41100000,India,242900,316200,Modeling,Entertainment,Beauty/Fashion
262,luissuarez9,Luis Suárez,Sports with a ball,44400000,Brazil,195000,292100,,Sports,
263,postmalone,,Music,22900000,United States,366400,560100,,Music,
264,katherinelangford,KATHERINE LANGFORD,Cinema & Actors/actresses,29700000,India,301000,429200,,Entertainment,
265,kehlani,Kehlani,Music,14200000,United States,573500,892700,Family,Music,Lifestyle
266,coldplay,Coldplay,Music,18600000,Brazil,489500,682400,,Music,
267,samoylovaoxana,Samoylova Oxana,Family,15300000,Russia,605000,820400,Lifestyle,Lifestyle,Lifestyle
268,lestykejora,Lestikejora,Music,26000000,Indonesia,370800,479900,,Music,
269,xxxibgdrgn,권지용(權志龍),Photography,21300000,Indonesia,453600,574900,Fashion,Lifestyle,Beauty/Fashion
270,garethbale11,Gareth Bale,Sports with a ball,48100000,Spain,161500,253100,,Sports,
271,yellow_3to3,REN JUN,Lifestyle,6300000,Indonesia,1600000,2000000,Music,Lifestyle,Music
272,yoona__lim,,Cinema & Actors/actresses,14100000,Indonesia,724000,866100,,Entertainment,
273,sophiet,S O P H I E T U R N E R,Cinema & Actors/actresses,14700000,United States,608800,818500,,Entertainment,
274,_zyozyo,JIHYO,Lifestyle,6800000,Indonesia,1400000,1800000,,Lifestyle,
275,holyhaein,정해인,Lifestyle,10300000,Indonesia,946500,1200000,Music,Lifestyle,Music
276,heybiblee,이성경,Modeling,14500000,Indonesia,604900,816600,,Beauty/Fashion,
277,klrahul,KL Rahul👑,Sports with a ball,13100000,India,709600,906100,,Sports,
278,e_xiu_o,XIUMIN,Music,8200000,Indonesia,1300000,1500000,,Music,
279,brunamarquezine,Bruna Marquezine,Cinema & Actors/actresses,43200000,Brazil,159600,276500,,Entertainment,
280,manurios,Manu Rios,Shows,11000000,Mexico,637600,1100000,,Entertainment,
281,m10_official,Mesut Özil,Sports with a ball,24100000,Turkey,346500,486000,,Sports,
282,ashishchanchlani,Ashish Chanchlani,Cinema & Actors/actresses,14600000,India,651200,796200,,Entertainment,
283,realbarbarapalvin,Barbara Palvin,Modeling,18300000,Russia,471800,636700,Fashion,Beauty/Fashion,Beauty/Fashion
284,juliette,Juliette,Cinema & Actors/actresses,33300000,Brazil,223400,355100,,Entertainment,
285,bhuvan.bam22,Bhuvan Bam,Cinema & Actors/actresses,14800000,India,629000,778600,,Entertainment,
286,kunaguero,Sergio Leonel Agüero,Sports with a ball,23900000,Argentina,278500,481600,,Sports,
287,wizkhalifa,Wiz Khalifa,Music,39000000,India,209000,292600,Art/Artists,Music,Entertainment
288,perrieedwards,Perrie Edwards 🖤,Modeling,15900000,Brazil,457200,713600,,Beauty/Fashion,
289,burakozcivit,Burak Özçivit,Cinema & Actors/actresses,22100000,Turkey,426400,517500,,Entertainment,
290,kimjuncotton,SUHO,Lifestyle,10400000,Indonesia,920800,1100000,Music,Lifestyle,Music
291,psg,Paris Saint-Germain,Sports with a ball,62700000,Brazil,107500,179500,,Sports,
292,evaluna,Evaluna Montaner de Echeverry,Family,20700000,Argentina,392100,540300,Music,Lifestyle,Music
293,iammichelemorroneofficial,Michele Morrone,Lifestyle,15400000,Brazil,508900,730400,Cinema & Actors/actresses,Lifestyle,Entertainment
294,asaprocky,GRIM,Music,15000000,United States,444500,742700,,Music,
295,trippieredd,555,Music,13100000,United States,436000,854100,,Music,
296,thenotoriousmma,Conor McGregor Official,Fitness & Gym,45800000,United States,166500,241300,,Sports,
297,mina_sr_my,미나 (MINA),,6700000,Indonesia,1400000,1700000,,,
298,nicki.nicole,,Music,12500000,Argentina,590800,873500,,Music,
299,cbum,Chris Bumstead,Fitness & Gym,10300000,United States,635700,1100000,,Sports,
300,johnnyjsuh,Johnny Suh,Lifestyle,8800000,Indonesia,955100,1200000,Music,Lifestyle,Music
301,kevindebruyne,Kevin De Bruyne,Sports with a ball,19100000,United Kingdom,361500,559400,,Sports,
302,hi_sseulgi,슬기 Seulgi,Modeling,12700000,Indonesia,667700,836900,,Beauty/Fashion,
303,rauwalejandro,RAULEETO,Music,15100000,Spain,487800,708000,,Music,
304,louispartridge_,Louis💐,Cinema & Actors/actresses,7500000,United States,957600,1400000,,Entertainment,
305,larasilva,Lara Silva ⚠️,Shows,17400000,Brazil,394500,608400,Adult content,Entertainment,Entertainment
306,eminem,Marshall Mathers,Cinema & Actors/actresses,36600000,Iran,221200,285600,Music,Entertainment,Music
307,keniaos,Kenia Os,Music,13900000,Mexico,576300,749100,,Music,
308,bellathorne,BELLA,Music,25400000,United States,244400,410000,Art/Artists,Music,Entertainment
309,ross_lynch,Ross Shor Lynch,Music,10900000,United States,472000,942500,Cinema & Actors/actresses,Music,Entertainment
310,arigameplays,ARIGAMEPLAYS,Lifestyle,11600000,Mexico,732700,879700,Gaming,Lifestyle,Tech/Gaming
311,fedez,FEDEZ,Music,14400000,Italy,513600,710100,,Music,
312,txt_bighit,TOMORROW X TOGETHER OFFICIAL,,12900000,Indonesia,624500,788200,,,
313,nattyiceofficial,natalia dyer,Cinema & Actors/actresses,9000000,United States,768200,1100000,Modeling,Entertainment,Beauty/Fashion
314,attahalilintar,Atta Halilintar - PAPATA,Art/Artists,24100000,Indonesia,307700,420500,Shows,Entertainment,Entertainment
315,neslihanatagul,Neslihan Atagül Doğulu,Cinema & Actors/actresses,13500000,Turkey,607100,775600,Modeling,Entertainment,Beauty/Fashion
316,wizkidayo,BIG WIZ🦅,Music,15200000,Nigeria,351900,681600,,Music,
317,c.syresmith,Jaden Smith,Cinema & Actors/actresses,19200000,United States,337100,521900,Lifestyle,Entertainment,Lifestyle
318,xeesoxee,한소희,Lifestyle,9700000,Indonesia,793700,1000000,,Lifestyle,
319,sofiacarson,Sofia Carson,Music,20400000,Brazil,360600,488900,Cinema & Actors/actresses,Music,Entertainment
320,duki,Ya Supiste,Music,10700000,Argentina,601900,926100,,Music,
321,mr_faisu_07,FAISAL SHAIKH,Modeling,28300000,India,278300,354700,Cinema & Actors/actresses,Beauty/Fashion,Entertainment
322,taeoxo_nct,TAEYONG,Lifestyle,9700000,Indonesia,786400,1000000,Music,Lifestyle,Music
323,sureshraina3,Suresh Raina,Modeling,21200000,India,414400,467400,,Beauty/Fashion,
324,nct_dream,NCT DREAM OFFICIAL,Music,10500000,Indonesia,843800,942800,Modeling,Music,Beauty/Fashion
325,raphaelvarane,Raphael Varane,Sports with a ball,19600000,Spain,332300,498700,,Sports,
326,tenlee_1001,TEN_+•10,Music,10000000,Indonesia,781000,1000000,,Music,
327,alexandradaddario,alexandra daddario,Cinema & Actors/actresses,22600000,India,353900,432400,,Entertainment,
328,winmetawin,Win Metawin O.,Lifestyle,14100000,Philippines,617500,698900,,Lifestyle,
329,chiaraferragni,Chiara Ferragni ✨,Beauty,27900000,Italy,210300,349000,,Beauty/Fashion,
330,maya_hawke,Maya Hawke,Cinema & Actors/actresses,10300000,United States,683500,946200,,Entertainment,
331,sza,SZA,Music,12600000,United States,458000,774200,,Music,
332,wwiinn_7,WINWIN,,7500000,Indonesia,1100000,1300000,,,
333,chadwickboseman,Chadwick Boseman,Cinema & Actors/actresses,11400000,Brazil,602300,844600,Literature & Journalism,Entertainment,Info/Business
334,jadepicon,JADE 🌪,Modeling,21000000,Brazil,212600,466400,Fashion,Beauty/Fashion,Beauty/Fashion
335,jy_piece,유정연,,5500000,Brazil,1400000,1800000,,,
336,mont.pantoja,MONT,,12400000,Mexico,640300,761600,,,
337,madhuridixitnene,Madhuri Dixit,Music,33000000,India,247500,286300,Cinema & Actors/actresses,Music,Entertainment
338,ibaillanos,Ibai,Art/Artists,8200000,Spain,806800,1200000,,Entertainment,
339,marvelstudios,Marvel Studios,Cinema & Actors/actresses,38300000,India,217600,244000,Comics & sketches,Entertainment,Entertainment
340,haechanahceah,HAECHAN,,4700000,Indonesia,1800000,2000000,,,
341,khabib_nurmagomedov,Хабиб Нурмагомедов,Fitness & Gym,33600000,Russia,196800,276100,,Sports,
342,luisasonza,LUÍSA SONZA,Music,30400000,Brazil,193000,305800,Lifestyle,Music,Lifestyle
343,hyunah_aa,Hyun Ah,Music,18200000,South Korea,415600,492700,,Music,
344,aespa_official,aespa 에스파,Music,9500000,Indonesia,662900,953200,,Music,
345,juventus,Juventus,Sports with a ball,55000000,India,112300,164900,,Sports,
346,dahhyunnee,다현 (DAHYUN),Music,6400000,Brazil,1200000,1400000,,Music,
347,michelleobama,Michelle Obama,Finance & Economics,51000000,United States,155000,173100,Business & Careers,Info/Business,Info/Business
348,houseofhighlights,House of Highlights,Sports with a ball,36100000,United States,130000,238100,,Sports,
349,stephencurry30,Wardell Curry,Sports with a ball,46200000,United States,138500,185300,Family,Sports,Lifestyle
350,teddysphotos,Ed Sheeran,Music,40500000,United States,155700,211800,,Music,
351,premierleague,Premier League,Sports with a ball,59500000,United Kingdom,97900,142500,,Sports,
352,avneetkaur_13,Avneet Kaur Official,Cinema & Actors/actresses,32600000,India,213800,260500,,Entertainment,
353,joeyking,Joey King,Music,19100000,Brazil,308400,441400,Cinema & Actors/actresses,Music,Entertainment
354,mingue.k,김민규,Lifestyle,6300000,Indonesia,1100000,1400000,Music,Lifestyle,Music
355,bighit_ent,BigHit Music Updates,Music,12800000,Indonesia,531300,654700,,Music,
356,jairmessiasbolsonaro,Jair M. Bolsonaro,Finance & Economics,21500000,Brazil,288000,397500,Business & Careers,Info/Business,Info/Business
357,demetozdemir,Demet Özdemir,Cinema & Actors/actresses,15600000,India,420300,536000,,Entertainment,
358,sommerray,Sommer Ray,Modeling,26200000,United States,202700,318100,,Beauty/Fashion,
359,auba,Pierre-Emerick Aubameyang,Sports with a ball,13300000,United Kingdom,393000,625000,,Sports,
360,bronny,,Sports with a ball,6600000,United States,689400,1300000,Winter sports,Sports,Sports
361,belindapop,Beli,Music,15600000,Mexico,369300,529100,,Music,
362,m_kayoung,MUN KA YOUNG,Cinema & Actors/actresses,8600000,Indonesia,730400,972000,,Entertainment,
363,prattprattpratt,Chris Pratt,Cinema & Actors/actresses,38900000,United States,161100,210900,,Entertainment,
364,pubity,Pubity,Humor & Fun & Happiness,31800000,United States,175900,257200,,Entertainment,
365,yuyacst,𝓨𝒖𝒚𝒂,Modeling,17100000,Mexico,309400,474900,,Beauty/Fashion,
366,anguscloud,Angus Cloud,Music,7900000,United States,631300,1000000,,Music,
367,liltjay,TJAYYYY 🖤,Lifestyle,7600000,United States,590700,1100000,Music,Lifestyle,Music
368,taina,Tainá Costa,Music,16200000,Brazil,239500,500100,,Music,
369,alwaysramcharan,Ram Charan,Cinema & Actors/actresses,8400000,India,866500,970400,,Entertainment,
370,joaogomescantor,ACREDITE 🧡,Music,13800000,Brazil,214200,586200,Cinema & Actors/actresses,Music,Entertainment
371,_mariahwasa,HWASA,Music,8300000,Brazil,756300,975900,,Music,
372,9gag,9GAG: Go Fun The World,Humor & Fun & Happiness,58000000,Indonesia,107800,138100,,Entertainment,
373,abdevilliers17,AB de Villiers,Sports with a ball,19000000,India,360800,416300,Lifestyle,Sports,Lifestyle
374,davido,Davido,Music,25200000,Nigeria,231200,323000,Lifestyle,Music,Lifestyle
375,colesprouse,Cole Sprouse,Modeling,35800000,United States,168700,220300,,Beauty/Fashion,
376,adamweitsman,Adam Weitsman,Business & Careers,18500000,Russia,313600,427600,,Info/Business,
377,conangray,Conan Gray,Music,6900000,Brazil,781300,1200000,,Music,
378,anyataylorjoy,Anya Taylor-Joy,Modeling,9100000,United States,610600,880000,Cinema & Actors/actresses,Beauty/Fashion,Entertainment
379,markruffalo,Mark Ruffalo,Cinema & Actors/actresses,20900000,Brazil,298700,375900,,Entertainment,
380,raffinagita1717,Raffi Ahmad and Nagita Slavina,Shows,64300000,Indonesia,83600,122100,,Entertainment,
381,lildurk,DURKIOOO,Music,14200000,United States,197600,556700,Art/Artists,Music,Entertainment
382,rohitsharma45,Rohit Sharma,Sports with a ball,25000000,India,276800,312600,Lifestyle,Sports,Lifestyle
383,easportsfifa,EA SPORTS FIFA,Sports with a ball,27400000,Spain,169700,284800,,Sports,
384,hshq,Harry Styles HQ,Music,6700000,United States,670600,1200000,Cinema & Actors/actresses,Music,Entertainment
385,andressasuita,Andressa Suita,Modeling,15800000,Brazil,300400,498400,,Beauty/Fashion,
386,clean_0828,김세정,Lifestyle,8400000,Indonesia,756600,943500,,Lifestyle,
387,geneliad,Genelia Deshmukh,Cinema & Actors/actresses,10500000,India,595100,737200,,Entertainment,
388,hassan_reyvandi,hasan reyvandi حسن ریوندی,Cinema & Actors/actresses,19800000,Iran,285700,395000,Humor & Fun & Happiness,Entertainment,Entertainment
389,hannahstocking,Hannah Stocking,Modeling,22800000,United States,238700,339300,,Beauty/Fashion,
390,yuu_taa_1026,中本悠太　YUTA,,8600000,Indonesia,697200,913200,,,
391,nba_youngboy,PAIN REAL.🩸,Art/Artists,10600000,United States,387500,749800,Music,Entertainment,Music
392,miguel.g.herran,Miguel Herrán,Cinema & Actors/actresses,13700000,Brazil,369700,556300,,Entertainment,
393,anupamaparameswaran96,Anupama Parameswaran,Cinema & Actors/actresses,12500000,India,531800,608400,,Entertainment,
394,dntlrdl,CHOIWOOSHIK,Lifestyle,6900000,Indonesia,852400,1100000,,Lifestyle,
395,gianlucavacchi,Gianluca Vacchi,Lifestyle,22500000,Brazil,217900,335200,,Lifestyle,
396,antogriezmann,Antoine Griezmann,Sports with a ball,36600000,Spain,127400,205400,,Sports,
397,fabriziorom,Fabrizio Romano,Literature & Journalism,11000000,Italy,395700,684500,Shows,Info/Business,Entertainment
398,britneyspears,Channel 8,Music,42100000,United States,130300,182100,,Music,
399,jheneaiko,Jhené Aiko Efuru Chilombo 🔮,Music,15100000,United States,282000,494600,,Music,
400,alfinetei,Alfinetadas Dos Famosos 📌,Humor & Fun & Happiness,21900000,Brazil,154600,347800,,Entertainment,
401,prillylatuconsina96,Prilly Latuconsina,Cinema & Actors/actresses,49200000,Indonesia,107800,151700,Music,Entertainment,Music
402,kjapa,KJ Apa,Cinema & Actors/actresses,18500000,United States,281600,402200,,Entertainment,
403,juanpazurita,Juanpa Zurita,Cinema & Actors/actresses,30500000,Mexico,171000,243400,,Entertainment,
404,pugachevmark,Mark Pugachev,Cars & Motorbikes,15100000,Russia,334700,491700,Luxury,Lifestyle,Beauty/Fashion
405,layzhang,Lay Zhang,Music,14200000,Indonesia,499000,528900,,Music,
406,maisa,+A,Music,45000000,Brazil,121200,165100,,Music,
407,hunterschafer,Hunter,Lifestyle,7200000,United States,633400,1000000,Music,Lifestyle,Music
408,amandacerny,Amanda 𝕮𝖊𝖗𝖓𝖞,Humor & Fun & Happiness,23700000,India,194000,311000,,Entertainment,
409,alissaviolet,Alissa Violet,Modeling,11800000,United States,387500,623400,,Beauty/Fashion,
410,dindahw,Dinda Hauw,Cinema & Actors/actresses,14600000,Indonesia,336200,503600,,Entertainment,
411,lilyachty,C.V T,Humor & Fun & Happiness,10400000,United States,349600,712300,Lifestyle,Entertainment,Lifestyle
412,peytonlist,Peyton List,Cinema & Actors/actresses,20300000,United States,238700,358700,,Entertainment,
413,florencepugh,Florence Pugh,Humor & Fun & Happiness,8100000,United States,594700,909500,Cinema & Actors/actresses,Entertainment,Entertainment
414,evcenf,Fahriye Evcen Özçivit,Lifestyle,13100000,Turkey,440900,556400,Beauty,Lifestyle,Beauty/Fashion
415,aliiiiiiiikarimi8,Ali Karimi,Sports with a ball,10000000,Iran,496400,752500,,Sports,
416,bellapoarch,Bella Poarch,Lifestyle,13900000,United States,384400,520000,Music,Lifestyle,Music
417,o.dembele7,Ousmane Dembélé,Sports with a ball,11600000,Spain,361600,618600,,Sports,
418,jinyoung_0922jy,박진영,Music,10000000,Indonesia,553500,732000,,Music,
419,nba,NBA,Sports with a ball,70900000,United States,62200,100900,,Sports,
420,dannapaola,Danna Paola,Music,34800000,Mexico,141500,205400,,Music,
421,simonemendes,Simone Mendes,Music,35600000,Brazil,159600,201400,,Music,
422,hakkiakdenizz,hakki akdeniz,Business & Careers,26600000,Russia,183800,266400,,Info/Business,
423,ksi,KSI,Music,12100000,United Kingdom,418400,587500,,Music,
424,melo,LaMelo Ball,Lifestyle,9200000,United States,383600,779800,Music,Lifestyle,Music
425,saweetie,,Cinema & Actors/actresses,13100000,United States,232400,540000,,Entertainment,
426,daquan,Daquan,Humor & Fun & Happiness,16700000,United States,274700,423700,,Entertainment,
427,deiveleonardo,Deive Leonardo,Literature & Journalism,12300000,Brazil,313400,576300,Trainers & Coaches,Info/Business,Sports
428,_seorina,설인아 sᴇᴏʀɪɴᴀ,Lifestyle,6800000,South Korea,843000,1000000,Cinema & Actors/actresses,Lifestyle,Entertainment
429,ssinz7,박신혜/Shin Hye Park,Music,13800000,Indonesia,413800,508500,Cinema & Actors/actresses,Music,Entertainment
430,yasmine_sabri,Yasmine Sabri,Cinema & Actors/actresses,19600000,Egypt,256800,360200,Lifestyle,Entertainment,Lifestyle
431,krisjenner,Kris Jenner,Shows,49900000,United States,92100,140000,Beauty,Entertainment,Beauty/Fashion
432,marktuan,Mark Tuan,Music,13000000,Indonesia,427600,539600,Cinema & Actors/actresses,Music,Entertainment
433,rezagolzar,Mohammad Reza Golzar,Cinema & Actors/actresses,12300000,Iran,398600,575900,,Entertainment,
434,ana_d_armas,A N A   D E   A R M A S,Cinema & Actors/actresses,8200000,United States,636500,861100,,Entertainment,
435,frenchmontana,French Montana,Music,30700000,United States,139400,229800,,Music,
436,shehnaazgill,Shehnaaz Gill,Cinema & Actors/actresses,12300000,India,483000,606500,Music,Entertainment,Music
437,wi__wi__wi,위하준 Wi Ha Jun,Lifestyle,10000000,South Korea,568000,683500,Music,Lifestyle,Music
438,jennaortega,Jenna Ortega,Cinema & Actors/actresses,8600000,United States,561400,799600,Lifestyle,Entertainment,Lifestyle
439,jasonderulo,Jason Derulo,Music,12800000,United States,370000,529500,,Music,
440,barbieferreira,barbie ferreira,Music,6200000,United States,610800,1100000,Cinema & Actors/actresses,Music,Entertainment
441,yaocabrera,Yao Cabrera,Crypto,16900000,Argentina,185200,402000,NFT,Tech/Gaming,Tech/Gaming
442,mclomaofficial,Paloma Santos 🐟,Music,8800000,Brazil,451800,773600,,Music,
443,for_everyoung10,장원영 WONYOUNG,Lifestyle,5900000,Indonesia,917300,1200000,,Lifestyle,
444,frenkiedejong,Frenkie de Jong,Sports with a ball,10800000,Spain,411600,618300,,Sports,
445,paulwesley,Paul Wesley,Cinema & Actors/actresses,12400000,Brazil,358400,535900,,Entertainment,
446,canelo,Saul Alvarez,Fitness & Gym,13700000,Mexico,343900,478800,,Sports,
447,i_m_hendery,Hi👉🏻im Hendery👈🏻,,6400000,United States,800500,1000000,,,
448,polo.capalot,Polo.G🐐,Music,10500000,United States,375200,617100,,Music,
449,iscoalarcon,Isco Alarcon Suarez,Sports with a ball,25500000,Spain,177100,256200,,Sports,
450,parineetichopra,𝙿𝚊𝚛𝚒𝚗𝚎𝚎𝚝𝚒 𝙲𝚑𝚘𝚙𝚛𝚊 🫧,Cinema & Actors/actresses,37700000,India,148600,171700,,Entertainment,
451,maudyayunda,Maudy Ayunda,Music,17300000,Indonesia,251900,371400,,Music,
452,princessyahrini,SYAHRINI,Music,40200000,Indonesia,122100,159800,,Music,
453,romeosantos,Romeo Santos,Music,19300000,United States,273300,338100,,Music,
454,soohyun_k216,김수현 Kim Soo Hyun 金秀賢,,13900000,Indonesia,378400,460900,,,
455,vanessahudgens,🔮Vanessa Hudgens🔮,Cinema & Actors/actresses,47300000,United States,82300,135200,,Entertainment,
456,marvel,Marvel Entertainment,Cinema & Actors/actresses,66500000,United States,80900,96000,Comics & sketches,Entertainment,Entertainment
457,susana.dxoxo,Susane Damouni,,13700000,India,298600,481300,,,
458,leonardodicaprio,Leonardo DiCaprio,Cinema & Actors/actresses,54700000,United States,94100,117500,,Entertainment,
459,pablogavi,GAVI,Sports with a ball,6300000,Spain,701900,1000000,,Sports,
460,yejinhand,손예진,Cinema & Actors/actresses,7100000,Indonesia,699600,910700,,Entertainment,
461,skaijackson,S K A I,Lifestyle,8000000,United States,455100,803000,,Lifestyle,
462,sadiomaneofficiel,Sadio Mane,Sports with a ball,12300000,United Kingdom,363000,517500,,Sports,
463,liverpoolfc,Liverpool Football Club,Sports with a ball,40500000,United Kingdom,112000,156200,,Sports,
464,toni.kr8s,Toni Kroos,Sports with a ball,35500000,Germany,131400,178600,,Sports,
465,indiancricketteam,Team India,Sports with a ball,25800000,India,209600,244400,,Sports,
466,yerimiese,Yeri,Lifestyle,10700000,Indonesia,464700,575600,,Lifestyle,
467,mo.on_air,TAEIL,,5100000,Indonesia,1100000,1200000,,,
468,joshu_acoustic,Joshua Hong,Music,5100000,India,1000000,1200000,,Music,
469,xuminghao_o,The8 디에잇,Music,5500000,Indonesia,913000,1200000,,Music,
470,alok,Alok Petrillo,Music,27900000,Brazil,172900,221300,Art/Artists,Music,Entertainment
471,jessnolimit,Jess No Limit,Shows,7300000,Indonesia,717700,859900,,Entertainment,
472,nianaguerrero,Niana,Music,14200000,Indonesia,342100,429300,Kids & Toys,Music,Entertainment
473,mathildtantot,Mathilde,Lifestyle,10000000,United States,401300,607400,Modeling,Lifestyle,Beauty/Fashion
474,leaelui,Lea Elui G,Modeling,11400000,India,320500,538800,Lifestyle,Beauty/Fashion,Lifestyle
475,nattinatasha,NATTI NATASHA,Music,36000000,Mexico,141600,170000,Cinema & Actors/actresses,Music,Entertainment
476,lilpeep,lil peep,Music,7600000,United States,477500,802100,,Music,
477,kyo1122,Song hyekyo,Cinema & Actors/actresses,13400000,Indonesia,350100,445800,,Entertainment,
478,vinniehacker,†,Lifestyle,5900000,United States,495000,1000000,,Lifestyle,
479,navidmohammadzadeh,navid mohammadzadeh,Cinema & Actors/actresses,8600000,Iran,499800,705600,,Entertainment,
480,netflix,Netflix US,Cinema & Actors/actresses,31300000,Brazil,116100,190400,Shows,Entertainment,Entertainment
481,charles_leclerc,Charles Leclerc,Racing Sports,8800000,Italy,512500,680600,,Sports,
482,jakepaul,Jake Paul,Cinema & Actors/actresses,20700000,United States,172300,288900,,Entertainment,
483,djxiao_888,XIAOJUN,Music,7000000,Indonesia,687100,859400,,Music,
484,cazzu,♡ 𝖓𝖊𝖓𝖆 ᴛʀᴀᴍᴘᴀ,Music,10500000,Argentina,437900,561200,,Music,
485,jokowi,Joko Widodo,Finance & Economics,48100000,Indonesia,98800,124700,,Info/Business,
486,memphisdepay,Memphis Depay,Sports with a ball,15500000,France,212500,376600,,Sports,
487,obj,Odell Beckham Jr,Sports with a ball,16500000,United States,185900,354000,,Sports,
488,caviarmagnat,Anton Tregubov,Lifestyle,15200000,Russia,267800,386900,,Lifestyle,
489,davikah,davikah,Modeling,17100000,Thailand,260500,337500,,Beauty/Fashion,
490,jailyneojeda,Jailyne Ojeda Ochoa,Modeling,14100000,United States,297300,411400,Lifestyle,Beauty/Fashion,Lifestyle
491,bramastavrl,Verrell Bramasta,Cinema & Actors/actresses,25100000,Indonesia,182900,231400,Lifestyle,Entertainment,Lifestyle
492,rafaelnadal,Rafa Nadal,Sports with a ball,16400000,Spain,282200,352900,,Sports,
493,rogerfederer,Roger Federer,Sports with a ball,10200000,Spain,437200,566000,,Sports,
494,dra.deolanebezerra,Deolane Bezerra ⚖️,Beauty,15200000,Brazil,178700,384000,Lifestyle,Beauty/Fashion,Lifestyle
495,phil.coutinho,Philippe Coutinho,Sports with a ball,24900000,Brazil,141700,230300,,Sports,
496,jensenackles,Jensen Ackles,Cinema & Actors/actresses,10000000,United States,451700,586900,,Entertainment,
497,gisele,Gisele Bündchen,Modeling,19800000,Brazil,196900,292600,Fashion,Beauty/Fashion,Beauty/Fashion
498,dababy,BILLION DOLLAR BABY 👶🏾,Music,21300000,United States,166700,271100,,Music,
499,d_degeaofficial,David De Gea,Sports with a ball,13800000,United Kingdom,293100,414800,,Sports,
500,d_a___m_i,KIM DA MI,,4600000,Indonesia,1000000,1200000,,,
501,reesewitherspoon,Reese Witherspoon,Cinema & Actors/actresses,28400000,United States,168100,201400,,Entertainment,
502,imouniroy,mon,Cinema & Actors/actresses,24600000,India,190000,231100,,Entertainment,
503,mariabecerra,Maria Becerra,Music,10500000,Argentina,229000,541200,,Music,
504,charlieputh,Charlie Puth,Music,16700000,United States,238600,339200,,Music,
505,netflixbrasil,Netflix Brasil,Shows,32800000,Brazil,101000,172400,Cinema & Actors/actresses,Entertainment,Entertainment
506,vickykaushal09,Vicky Kaushal,Lifestyle,14200000,India,337700,396300,Cinema & Actors/actresses,Lifestyle,Entertainment
507,amauryguichon,Amaury Guichon,Food & Cooking,9700000,United States,484600,590400,,Lifestyle,
508,rachel_mypark,박민영 Minyoung Park,Cinema & Actors/actresses,10300000,Indonesia,437300,544700,,Entertainment,
509,sportscenter,SportsCenter,Sports with a ball,31800000,United States,98400,176600,Shows,Sports,Entertainment
510,srinidhi_shetty,Srinidhi Shetty 🌸,Beauty,4500000,India,941200,1300000,Cinema & Actors/actresses,Beauty/Fashion,Entertainment
511,gusttavolima,🏛 Gusttavo Lima 🏛,Music,44100000,Brazil,77300,128600,,Music,
512,yangyang_x2,YangYang 양양,Music,6500000,Indonesia,688000,873800,,Music,
513,golfarahani,Golshifteh Farahani,Cinema & Actors/actresses,13800000,Iran,314800,405800,,Entertainment,
514,goar_avetisyan,Goar Avetisyan,Beauty,11600000,Russia,345000,477800,,Beauty/Fashion,
515,earthpix,🌎  EarthPix  🌎,Nature & landscapes,23300000,United States,183600,238200,Photography,Lifestyle,Lifestyle
516,jungkook_bighitentertainment,JUNGKOOK (전정국) Updates,Management & Marketing,9300000,Brazil,531700,603300,Music,Info/Business,Music
517,lilnasx,MONTERO,Music,12400000,United States,264900,443300,,Music,
518,tiffanyyoungofficial,tiffany young,Modeling,12900000,Indonesia,340400,425800,Fashion,Beauty/Fashion,Beauty/Fashion
519,kit.connor,Kit Connor,Cinema & Actors/actresses,4500000,United States,739500,1200000,Humor & Fun & Happiness,Entertainment,Entertainment
520,sound_of_coups,COUPS,,4500000,Indonesia,955900,1200000,,,
521,nickjonas,Nick Jonas,Music,33200000,United States,115000,163500,Art/Artists,Music,Entertainment
522,pozevidalouca,Poze Do Rodo 🤑,Lifestyle,8300000,Brazil,259900,652800,,Lifestyle,
523,__youngbae__,TAEYANG,Music,13800000,Indonesia,340200,384300,,Music,
524,nazriyafahadh,Nazriya Nazim Fahadh,Lifestyle,6500000,India,616200,825300,Cinema & Actors/actresses,Lifestyle,Entertainment
525,kingbach,King Bach,Music,23100000,United States,114400,229300,Art/Artists,Music,Entertainment
526,channingtatum,Channing Tatum,Cinema & Actors/actresses,17000000,United States,215000,309900,,Entertainment,
527,lexibrookerivera,Lexi Rivera,Shows,8500000,United States,514800,643900,Humor & Fun & Happiness,Entertainment,Entertainment
528,klaythompson,Klay Thompson,Sports with a ball,13500000,United States,267900,389400,Lifestyle,Sports,Lifestyle
529,angelinajolie,Angelina Jolie,,13600000,Brazil,234100,388600,,,
530,k.kbeom,김범 kimbum,,5500000,Indonesia,796300,973900,,,
531,loud_victor,Victor Augusto,Lifestyle,10700000,Brazil,380700,485000,Sports with a ball,Lifestyle,Sports
532,araujovivianne,Viviane Araujo,Cinema & Actors/actresses,13800000,Brazil,289900,380900,,Entertainment,
533,urstrulymahesh,Mahesh Babu,Cinema & Actors/actresses,8800000,India,538500,592800,,Entertainment,
534,barackobama,Barack Obama,Finance & Economics,35400000,United States,125900,149300,Business & Careers,Info/Business,Info/Business
535,larissamanoela,Larissa Manoela,Cinema & Actors/actresses,47100000,Brazil,65800,109200,,Entertainment,
536,centralcee,📲,Lifestyle,4700000,United Kingdom,449500,1100000,Music,Lifestyle,Music
537,araikgalstyanmoscowschool,ＡＲＡＩＫ  ＧＡＬＳＴＹＡＮ®️🇦🇲,Beauty,17100000,Turkey,232200,300100,,Beauty/Fashion,
538,mirella,BAD MI ⚡️ MIRELLA,Music,26900000,Brazil,90400,190600,,Music,
539,julesleblanc,julianna,Music,9800000,United States,364700,527600,Shows,Music,Entertainment
540,lucasranngel,LUCAS RANGEL,Lifestyle,20100000,Brazil,115100,254800,,Lifestyle,
541,7_luhan_m,鹿 Han,Music,12700000,Indonesia,332800,404200,,Music,
542,aboflah,AboFlah,Humor & Fun & Happiness,7400000,Iraq,593300,708400,,Entertainment,
543,gururandhawa,Guru Randhawa,Music,33000000,India,126300,155200,,Music,
544,superstar_dewasi99,SUPERSTARDEWASI 99,Music,13500000,India,238600,376900,Cinema & Actors/actresses,Music,Entertainment
545,cvillaloboss,CARMEN VILLALOBOS,Shows,20600000,Colombia,197700,243500,Cinema & Actors/actresses,Entertainment,Entertainment
546,faz3,Fazza,Lifestyle,14700000,United Arab Emirates,263800,345400,,Lifestyle,
547,markiplier,Markiplier,Shows,10600000,United States,411900,469200,,Entertainment,
548,dylansprouse,Dylan Sprouse,Cinema & Actors/actresses,9100000,United States,353300,554700,,Entertainment,
549,melissamelmaia,MEL MAIA 🍯,Music,13500000,Brazil,204400,370200,,Music,
550,theellenshow,Ellen DeGeneres,Shows,124400000,United States,33400,40200,Cinema & Actors/actresses,Entertainment,Entertainment
551,fuji_an,Fujianti Utami Putri,Lifestyle,11800000,Indonesia,177300,421800,,Lifestyle,
552,avrillavigne,Avril Lavigne,Music,11700000,Brazil,341700,425400,Cinema & Actors/actresses,Music,Entertainment
553,sav.labrant,Savannah Rose LaBrant,Family,7200000,United States,521900,697800,Lifestyle,Lifestyle,Lifestyle
554,donya,Donya,Lifestyle,15300000,Iran,215600,341300,,Lifestyle,
555,avengers,Avengers,Cinema & Actors/actresses,13600000,India,289200,362000,,Entertainment,
556,briandadeyanara,BRIANDA 💖,Lifestyle,13500000,Mexico,309000,362800,,Lifestyle,
557,shaymitchell,Shay Mitchell,Beauty,34400000,United States,100200,140500,Family,Beauty/Fashion,Lifestyle
558,gabigol,( Lil ) Gabi,Sports with a ball,10200000,Brazil,316100,478800,,Sports,
559,camilo,C A M I L O,Music,27600000,Argentina,109900,174200,,Music,
560,ncentineo,Noah,Cinema & Actors/actresses,16400000,Brazil,174100,289400,,Entertainment,
561,chloegmoretz,Chloë Grace Moretz,Cinema & Actors/actresses,21500000,United States,164900,220600,,Entertainment,
562,agnezmo,AGNEZ MO,Music,29200000,Indonesia,97600,162200,,Music,
563,39saku_chan,Sakura Miyawaki,Lifestyle,4300000,Indonesia,894800,1100000,Cinema & Actors/actresses,Lifestyle,Entertainment
564,dqsalmaan,Dulquer Salmaan,Cinema & Actors/actresses,11300000,India,308200,416900,,Entertainment,
565,nusr_et,Nusr_et#Saltbae,Food & Cooking,48000000,Turkey,67200,99100,,Lifestyle,
566,f1,FORMULA 1®,Racing Sports,20900000,Italy,178100,225100,,Sports,
567,juansguarnizo,Juan Sebastián Guarnizo,Lifestyle,6300000,Mexico,685600,750800,,Lifestyle,
568,victoriajustice,Victoria Justice,Music,23000000,United States,149800,205000,Cinema & Actors/actresses,Music,Entertainment
569,apple,apple,Computers & Gadgets,28400000,India,122000,164400,Photography,Tech/Gaming,Lifestyle
570,dejesusoficial,Gabriel Jesus,Sports with a ball,18700000,Brazil,161200,249500,,Sports,
571,thehughjackman,Hugh Jackman,Cinema & Actors/actresses,30500000,United States,134900,153400,,Entertainment,
572,otabek_muhammadalievich,Otabek Umarov,,20200000,Russia,171800,231100,,,
573,beautifuldestinations,BEAUTIFUL DESTINATIONS,Photography,24700000,United States,139600,187100,Travel,Lifestyle,Lifestyle
574,natashawilona12,Natasha Wilona,Beauty,39400000,Indonesia,98300,117200,,Beauty/Fashion,
575,jackharlow,,Lifestyle,6900000,United States,362400,676900,Humor & Fun & Happiness,Lifestyle,Entertainment
576,anjimaxuofficially,Anjali Arora,Lifestyle,11900000,India,302800,387500,Cinema & Actors/actresses,Lifestyle,Entertainment
577,kaylanicolejones,,Family,7400000,United States,295900,626800,Beauty,Lifestyle,Beauty/Fashion
578,simaria,Simaria,Music,28300000,Brazil,111600,162300,,Music,
579,kun11xd,KUN,Lifestyle,6900000,Indonesia,536100,669100,Music,Lifestyle,Music
580,quackity,quackity,,4100000,United States,925100,1100000,,,
581,ludmilla,LUDMILLA,Music,27900000,Brazil,110300,164600,,Music,
582,yooncy1,윤찬영 Chan-young Yoon,Lifestyle,4800000,South Korea,788800,949100,,Lifestyle,
583,everyone_woo,Wonwoo,Music,3600000,Indonesia,999600,1300000,,Music,
584,itsmarziapie,Marzia Kjellberg,Beauty,8300000,United States,450700,550700,Lifestyle,Beauty/Fashion,Lifestyle
585,egupta,Esha Gupta,Lifestyle,11700000,India,309500,387500,Cinema & Actors/actresses,Lifestyle,Entertainment
586,antony00,Antony Santos,Sports with a ball,4800000,Brazil,519700,960100,,Sports,
587,nickyjam,NICKY JAM,Music,43400000,Spain,75400,104400,,Music,
588,danialves,Daniel Alves,Sports with a ball,37300000,Brazil,77800,120700,,Sports,
589,nessabarrett,ness,Lifestyle,7300000,United States,461800,625900,Music,Lifestyle,Music
590,sushitrash,JOJI,Music,6500000,United States,572600,700600,,Music,
591,sugaringcandy,JUNGWOO,,3500000,South Korea,1100000,1300000,,,
592,parishilton,Paris Hilton,Modeling,20300000,United States,133000,219700,,Beauty/Fashion,
593,lakers,Los Angeles Lakers,Sports with a ball,20300000,United States,142200,217800,,Sports,
594,matue,,Lifestyle,8300000,Brazil,297600,546600,Sports with a ball,Lifestyle,Sports
595,chelseafc,Chelsea FC,Sports with a ball,35800000,Indonesia,82500,123300,,Sports,
596,bernardokath,Kathryn Bernardo 🐘,Beauty,17400000,Philippines,208700,251500,Cinema & Actors/actresses,Beauty/Fashion,Entertainment
597,rizkybillar,Muhammad Rizky Billar,Shows,12900000,Indonesia,265400,342600,Beauty,Entertainment,Beauty/Fashion
598,aurelie.hermansyah,Aurelie Hermansyah Atta,Beauty,27300000,Indonesia,126900,160600,,Beauty/Fashion,
599,elmarianaa,El Mariana,,4700000,Mexico,833100,946300,,,
600,fuckjerry,FUCKJERRY,Humor & Fun & Happiness,16700000,United States,203400,263900,,Entertainment,
601,alexadellanos,Alexa Dellanos,Lifestyle,10000000,United States,283500,443500,,Lifestyle,
602,saharghoreyshiofficialpage,سحر قريشى Sahar Ghoreyshi,,11700000,Iran,258100,378000,,,
603,ozuna,@ozutochi 🔜,Music,22500000,Spain,143100,192000,,Music,
604,jeonghaniyoo_n,윤정한,Lifestyle,3700000,Iran,939900,1200000,,Lifestyle,
605,salmahayek,Salma Hayek Pinault,Cinema & Actors/actresses,21800000,United States,161400,199500,,Entertainment,
606,leejen_o_423,LEE JENO,,2200000,,0,2300000,,,
607,pledis_boos,승관 SEUNGKWAN,Music,4600000,Indonesia,780800,947800,,Music,
608,naileadevora,nai,Lifestyle,5300000,United States,557500,823800,Music,Lifestyle,Music
609,ederbez,Eugenio Derbez,Cinema & Actors/actresses,18700000,Mexico,204700,229900,Lifestyle,Entertainment,Lifestyle
610,choquei,CHOQUEI,Literature & Journalism,17600000,Brazil,79100,245600,,Info/Business,
611,_shotaroo_,SHOTARO ショウタロウ,Lifestyle,5600000,Indonesia,602200,780000,Music,Lifestyle,Music
612,vousmevoyez,KRYSTAL,Music,10400000,Indonesia,318300,412900,Cinema & Actors/actresses,Music,Entertainment
613,emiliamernes,Emilia Mernes,Music,6200000,Argentina,370500,697100,,Music,
614,sebastianyatra,Sebastian Yatra,Music,29900000,Argentina,102900,143700,Art/Artists,Music,Entertainment
615,pedri,Pedri González,Sports with a ball,7300000,Spain,0,586800,,Sports,
616,karelyruiz,Karely Ruiz,Lifestyle,7100000,Mexico,482700,605700,,Lifestyle,
617,fortnite,Fortnite,Gaming,25600000,United States,139500,164600,Computers & Gadgets,Tech/Gaming,Tech/Gaming
618,memezar,MEMEZAR • Comedy and Culture,Cinema & Actors/actresses,22900000,United States,123000,183200,,Entertainment,
619,theshilpashetty,Shilpa Shetty Kundra,Cinema & Actors/actresses,26600000,India,136000,158000,,Entertainment,
620,quavohuncho,QuavoHuncho,Music,21700000,United States,117200,192500,,Music,
621,gessicakayane,GKAY,Shows,20100000,Brazil,101700,211800,Humor & Fun & Happiness,Entertainment,Entertainment
622,yugyeom,KYUM,Music,11500000,Brazil,297800,357500,Art/Artists,Music,Entertainment
623,catherinemcbroom,Catherine Paiz,Family,7300000,United States,331500,569700,,Lifestyle,
624,shreyaghoshal,shreyaghoshal,Music,24800000,India,147600,165000,,Music,
625,annakendrick47,Anna Kendrick,Cinema & Actors/actresses,22200000,United States,140900,184500,,Entertainment,
626,iqbaal.e,Piko - The Forger,Cinema & Actors/actresses,13700000,Indonesia,172300,295500,,Entertainment,
627,machinegunkelly,the Blonde Don,Music,9700000,United States,265300,426600,,Music,
628,nikkietutorials,NikkieTutorials,Beauty,16600000,United States,179900,244700,,Beauty/Fashion,
629,francinyehlke,Franciny Ehlke,Beauty,15600000,Brazil,118400,258900,,Beauty/Fashion,
630,yihyun_1208,조이현 cho yihyun,Lifestyle,5200000,South Korea,620400,785200,,Lifestyle,
631,dbook,Devin,Lifestyle,5400000,United States,383700,754400,Sports with a ball,Lifestyle,Sports
632,adinross,,,3600000,United States,630400,1300000,,,
633,sivakarthikeyan,Sivakarthikeyan Doss,,5300000,India,650700,766400,,,
634,tiagopzk,GOTTI A,Music,5500000,Argentina,319900,730500,,Music,
635,soueunavida,Sou Eu Na Vida,Humor & Fun & Happiness,18100000,Brazil,116500,221100,,Entertainment,
636,felipeneto,Felipe Neto 🦉,Lifestyle,16300000,Brazil,173200,244700,,Lifestyle,
637,simonettalein,Simonetta Lein,Beauty,13000000,India,221100,304600,Cinema & Actors/actresses,Beauty/Fashion,Entertainment
638,raashiikhanna,Raashii Khanna,Cinema & Actors/actresses,8700000,India,387400,461700,Music,Entertainment,Music
639,dkharbour,David Harbour,Cinema & Actors/actresses,9800000,United States,310800,407000,,Entertainment,
640,angeldimariajm,Ángel Di María,Sports with a ball,18500000,Argentina,144100,212500,,Sports,
641,nehasharmaofficial,Neha Sharma 💫,Cinema & Actors/actresses,14800000,India,229600,263800,,Entertainment,
642,fedevalverde,Fede Valverde,Sports with a ball,6800000,Spain,408200,579400,,Sports,
643,tannerbuchananofficial,Tanner Buchanan Official,Cinema & Actors/actresses,4100000,United States,595700,965400,,Entertainment,
644,hadise,Hadise,Music,13900000,Turkey,239700,279500,Shows,Music,Entertainment
645,smriti_mandhana,Smriti Mandhana,Sports with a ball,6500000,India,521700,604400,,Sports,
646,kingarturo23oficial,Arturo Vidal,Sports with a ball,18600000,Italy,129600,209100,,Sports,
647,urassayas,Urassaya Sperbund,Cinema & Actors/actresses,12000000,Thailand,264400,321900,Modeling,Entertainment,Beauty/Fashion
648,kenzie,kenzie ♡,Art/Artists,14800000,United States,171500,260900,,Entertainment,
649,mattyperry4,Matthew Perry,Cinema & Actors/actresses,7800000,Brazil,369200,503800,,Entertainment,
650,ozgecangurelofficial,Özge Gürel,Cinema & Actors/actresses,5800000,Turkey,553200,679900,,Entertainment,
651,ho5hi_kwon,HOSHI,Lifestyle,3800000,Indonesia,785400,1000000,,Lifestyle,
652,ferrari,Ferrari,Luxury,23100000,United States,126800,166500,Cars & Motorbikes,Beauty/Fashion,Lifestyle
653,malutrevejo,Malú 🦋 222🎤,Music,11500000,United States,185900,333500,,Music,
654,sonu_sood,Sonu Sood,Cinema & Actors/actresses,17600000,India,191100,218500,,Entertainment,
655,achrafhakimi,Achraf Hakimi,Sports with a ball,10200000,Morocco,256400,376700,,Sports,
656,lamborghini,Lamborghini,Luxury,32100000,India,86200,118800,Cars & Motorbikes,Beauty/Fashion,Lifestyle
657,djsnake,djsnake,Music,9800000,India,334100,396600,,Music,
658,sooyoungchoi,Sooyoung Choi,Beauty,7400000,Indonesia,429900,518800,Lifestyle,Beauty/Fashion,Lifestyle
659,rupertgrint,Rupert Grint,Cinema & Actors/actresses,4600000,Brazil,590100,837300,Music,Entertainment,Music
660,romanreigns,Joe Anoai aka “Roman Reigns”,Lifestyle,6600000,India,449100,583100,,Lifestyle,
661,saipallavi.senthamarai,Sai Pallavi,Cinema & Actors/actresses,6200000,India,537100,615800,,Entertainment,
662,amybethmcnulty,Amybeth,Lifestyle,7800000,Brazil,354800,487400,Cinema & Actors/actresses,Lifestyle,Entertainment
663,davidalaba,David Alaba,Sports with a ball,10700000,Spain,247500,350300,,Sports,
664,drewstarkey,Drew Starkey,Cinema & Actors/actresses,3100000,United States,623600,1200000,,Entertainment,
665,pokimanelol,pokimane 🤍,Lifestyle,6200000,United States,468500,617000,Shows,Lifestyle,Entertainment
666,residente,René Pérez Joglar,Art/Artists,8900000,Colombia,281200,436100,Music,Entertainment,Music
667,virgilvandijk,Virgil van Dijk,Sports with a ball,12600000,United Kingdom,209500,296900,,Sports,
668,geewonii,김지원,,7800000,Indonesia,370500,487800,,,
669,youngdae0302,김영대,Music,4500000,Indonesia,630600,832500,,Music,
670,sanchooo10,Jadon Sancho,Sports with a ball,8900000,United Kingdom,242500,423800,,Sports,
671,candiceking,Candice King,Family,10100000,Brazil,264000,367900,Lifestyle,Lifestyle,Lifestyle
672,playstation,PlayStation,Gaming,28900000,United States,104900,128300,Computers & Gadgets,Tech/Gaming,Tech/Gaming
673,phoebejtonkin,Phoebe Tonkin,Beauty,8400000,United States,312200,445600,Cinema & Actors/actresses,Beauty/Fashion,Entertainment
674,kareenakapoorkhan,Kareena Kapoor Khan,Family,9600000,India,311300,388500,Cinema & Actors/actresses,Lifestyle,Entertainment
675,eilirjani,Elton ILIRJANI,Adult content,10600000,Albania,241600,349000,,Entertainment,
676,fcbayern,FC Bayern,Sports with a ball,34200000,Germany,73300,107500,,Sports,
677,bleacherreport,Bleacher Report,Sports with a ball,19600000,United States,95400,188400,,Sports,
678,nita_shilimkar,Nita Shilimkar,Lifestyle,11500000,India,240500,318000,Fashion,Lifestyle,Beauty/Fashion
679,euphoria,euphoria,Photography,7800000,United States,295100,476300,Cinema & Actors/actresses,Lifestyle,Entertainment
680,theslumpgod,Stokeley,Music,5400000,United States,399000,694500,,Music,
681,sincerooficial,Sincero Oficial,Humor & Fun & Happiness,21700000,Brazil,87100,168600,,Entertainment,
682,elliotpage,,Cinema & Actors/actresses,6200000,United States,416000,599000,,Entertainment,
683,marcusrashford,Marcus Rashford MBE,Sports with a ball,12800000,United Kingdom,179900,284700,,Sports,
684,alvxaro,ALVARO,Lifestyle,9900000,Brazil,149900,374900,,Lifestyle,
685,andreavaldirisos,ANDREA VALDIRI 🇨🇴,Lifestyle,8700000,Colombia,299800,426600,Beauty,Lifestyle,Beauty/Fashion
686,vanessalopesr_,Vanessa Lopes,Lifestyle,12400000,Brazil,89800,292600,Music,Lifestyle,Music
687,myketowers,MICHAEL,Music,9500000,Spain,216200,390100,,Music,
688,grantgust,Grant Gustin,Cinema & Actors/actresses,7800000,Brazil,334200,473600,Fashion,Entertainment,Beauty/Fashion
689,lacasadepapel,La Casa de Papel,Cinema & Actors/actresses,12400000,Brazil,193800,291100,Shows,Entertainment,Entertainment
690,5.min.crafts,5-Minute Crafts,DIY & Design,46200000,Brazil,56300,78400,,Lifestyle,
691,demirose,Demi 🌹,Modeling,19900000,United States,140500,183100,Lifestyle,Beauty/Fashion,Lifestyle
692,oprah,Oprah,Art/Artists,21500000,United States,144900,171300,Cinema & Actors/actresses,Entertainment,Entertainment
693,aliandooo,Aliando Syarief,Music,17100000,Indonesia,136400,217400,Cinema & Actors/actresses,Music,Entertainment
694,dylanminnette,Dylan Minnette,Music,7300000,United States,307200,499500,Cinema & Actors/actresses,Music,Entertainment
695,adidasfootball,adidas Football,Sports with a ball,31700000,Brazil,82900,113100,,Sports,
696,choi_seung_hyun_tttop,TOP,,14600000,Indonesia,208300,246400,,,
697,porsche,Porsche,Cars & Motorbikes,26800000,United States,104300,133300,,Lifestyle,
698,asabopp,Asa Butterfield,Cinema & Actors/actresses,5700000,Brazil,433900,634500,,Entertainment,
699,bumkeyk,SHINee KEY,Music,9400000,Indonesia,323000,387000,,Music,
700,irinashayk,irina shayk,Modeling,19700000,Russia,130500,180700,,Beauty/Fashion,
701,irinashayk,irina shayk,Modeling,19700000,Russia,130500,180700,,Beauty/Fashion,
702,amitabhbachchan,Amitabh Bachchan,Cinema & Actors/actresses,31200000,India,98900,114400,,Entertainment,
703,angeliqueboyer,Angelique Boyer,Shows,14300000,Brazil,198400,249100,Cinema & Actors/actresses,Entertainment,Entertainment
704,onwardwanna,"Javon ""Wanna"" Walton",Lifestyle,6000000,United States,358300,597900,Cinema & Actors/actresses,Lifestyle,Entertainment
705,bigsean,BIGSEAN,Music,15400000,United States,126000,229800,Art/Artists,Music,Entertainment
706,willevy,William  Levy / Actor Producer,Shows,10900000,Brazil,243700,328200,Cinema & Actors/actresses,Entertainment,Entertainment
707,jamorant,12 🥷🏽🖤,Winter sports,7700000,United States,286600,463100,Sports with a ball,Sports,Sports
708,_schwim_,David Schwimmer,Cinema & Actors/actresses,6800000,India,352300,527300,,Entertainment,
709,filiperet,Retchê,Lifestyle,7800000,Brazil,181000,463500,Photography,Lifestyle,Lifestyle
710,subo_m,Subhan Mamedov,Shows,10400000,Russia,278300,340100,,Entertainment,
711,brfootball,Bleacher Report Football,Sports with a ball,12600000,United States,172100,278100,,Sports,
712,narins_beauty,••Narins Beauty••,Lifestyle,9300000,Syria,318900,391900,,Lifestyle,
713,nikefootball,Nike Football (Soccer),Sports with a ball,45400000,Brazil,50200,77500,Clothing & Outfits,Sports,Beauty/Fashion
714,eduincaz,Eduin Caz,Lifestyle,7400000,Mexico,373300,477400,,Lifestyle,
715,maneskinofficial,Måneskin,Modeling,6300000,Italy,398200,562000,Music,Beauty/Fashion,Music
716,ayushmannk,Ayushmann Khurrana,Cinema & Actors/actresses,16700000,India,172400,208100,,Entertainment,
717,perspolis,Persepolis,Sports with a ball,8300000,Iran,300800,428200,,Sports,
718,hichasestokes,,Humor & Fun & Happiness,7300000,United States,318300,476900,Lifestyle,Entertainment,Lifestyle
719,darshanravaldz,Darshan Raval #DholBajaa,Music,15400000,India,188000,226800,,Music,
720,paulwalker,Paul Walker,Cinema & Actors/actresses,15200000,India,165900,227300,,Entertainment,
721,aleoliveiracm,Alê Oliveira,Humor & Fun & Happiness,8500000,Brazil,169500,433600,,Entertainment,
722,realhinakhan,HK,Cinema & Actors/actresses,17400000,India,161800,199100,,Entertainment,
723,karljacobs,Karl Jacobs,,4300000,United States,622000,810000,,,
724,jxxvvxxk,이재욱,,4000000,Indonesia,703600,884600,,,
725,pooorblack,Pooorblack,,5000000,Iran,548900,710400,,,
726,staceysolomon,Stacey Solomon,Family,5400000,United Kingdom,536700,646400,,Lifestyle,
727,amadorat,N I C O L E   A M A D O 🐉,Fashion,8300000,Mexico,372100,415800,Lifestyle,Beauty/Fashion,Lifestyle
728,21savage,,Music,13600000,United States,143000,251300,,Music,
729,adrianalima,Adriana Lima,Modeling,15000000,United States,155300,228400,Fashion,Beauty/Fashion,Beauty/Fashion
730,yuvisofficial,Yuvraj Singh,Sports with a ball,15100000,India,189000,225400,,Sports,
731,dew_jsu,2000,Beauty,6400000,Indonesia,399900,537800,Lifestyle,Beauty/Fashion,Lifestyle
732,jaspritb1,jasprit bumrah,Lifestyle,9900000,India,302200,347300,Sports with a ball,Lifestyle,Sports
733,wos.ds3,Valentín Oliva,Music,6600000,Argentina,342700,524300,,Music,
734,ansufati,Ansu Fati,Sports with a ball,9100000,Spain,250200,379400,Winter sports,Sports,Sports
735,troyesivan,troye sivan,Art/Artists,13500000,United States,175000,251300,Fashion,Entertainment,Beauty/Fashion
736,haifawehbe,Haifa Wehbe,Music,10700000,Iraq,217900,318700,,Music,
737,burcuozberk,Burcu Özberk,Cinema & Actors/actresses,9300000,Turkey,286100,370500,,Entertainment,
738,danielricciardo,Daniel Ricciardo,Racing Sports,7400000,United States,355000,461000,,Sports,
739,alishalehmann7,Alisha Lehmann,Sports with a ball,8200000,Brazil,220200,415700,,Sports,
740,vivi,Vivi Wanderley,Beauty,13900000,Brazil,147100,242000,Lifestyle,Beauty/Fashion,Lifestyle
741,realcoleworld,Cole World,Music,7800000,United States,231500,439900,Art/Artists,Music,Entertainment
742,nicholasgalitzine,Nicholas Galitzine,Cinema & Actors/actresses,4300000,Brazil,480000,795000,,Entertainment,
743,wanda_nara,Wanda nara,Lifestyle,14700000,Argentina,161400,228500,,Lifestyle,
744,umutisler,Umut İşler,Food & Cooking,11000000,India,188000,302200,,Lifestyle,
745,diljitdosanjh,DILJIT DOSANJH,Cinema & Actors/actresses,14000000,India,197700,238200,,Entertainment,
746,mchariel,MC Hariel,Music,9300000,Brazil,182400,363500,,Music,
747,valentinazenere,Valentina Zenere,Modeling,10200000,Brazil,269000,327600,Lifestyle,Beauty/Fashion,Lifestyle
748,imcryansp,TUBARAO GIGANTE 🦈,Lifestyle,5000000,Brazil,285600,679800,,Lifestyle,
749,richarlison,Richarlison,Sports with a ball,6200000,Brazil,286800,539100,Lifestyle,Sports,Lifestyle
750,yefersoncossio,Yef,Lifestyle,9800000,Colombia,234500,342000,,Lifestyle,
751,dk_is_dokyeom,도겸,Lifestyle,3600000,Iran,770100,927400,Music,Lifestyle,Music
752,pefabiodemelo,Fábio de Melo,Lifestyle,25800000,Brazil,85700,129300,,Lifestyle,
753,rishabpant,Rishabh Pant,Lifestyle,7000000,India,404100,480200,Sports with a ball,Lifestyle,Sports
754,litkillah,MAWZ💬,Music,8100000,Argentina,311100,409900,,Music,
755,emmaroberts,Emma Roberts,Cinema & Actors/actresses,18400000,United States,121000,178700,,Entertainment,
756,kittychicha,🖤KITTY CHICHA🐱,Music,4300000,Philippines,637600,773100,,Music,
757,madonna,Madonna,Music,18500000,Italy,120700,180100,,Music,
758,adamsandler,Adam Sandler,Cinema & Actors/actresses,13600000,United States,189000,240700,,Entertainment,
759,miketyson,Mike Tyson,Fitness & Gym,19400000,United States,131200,168900,,Sports,
760,sandrinna_11,Drinna 🖤,Lifestyle,10700000,Indonesia,237300,302700,,Lifestyle,
761,spacex,SpaceX,Science,16100000,United States,166500,202500,Machinery & Technologies,Tech/Gaming,Tech/Gaming
762,davidluiz23,David Luiz,Sports with a ball,22400000,Brazil,66200,145600,,Sports,
763,ivan_buhaje,spreen,,3100000,Argentina,843600,1000000,,,
764,jackblack,Jack Black,Cinema & Actors/actresses,8900000,United States,282000,368200,,Entertainment,
765,yasminabdelaziz_,Yasmin Abdelaziz,Cinema & Actors/actresses,16200000,Egypt,170000,201000,,Entertainment,
766,tohi,𝐓𝐎𝐇𝐈,Lifestyle,12200000,Iran,190600,282000,Music,Lifestyle,Music
767,schwarzenegger,Arnold Schwarzenegger,Cinema & Actors/actresses,22600000,United States,121800,143100,Fitness & Gym,Entertainment,Sports
768,ms_puiyi,Siew Pui Yi 🤍,Adult content,19600000,United States,128500,164600,,Entertainment,
769,moneybaggyo,Certified Speaker💜,Lifestyle,8400000,United States,163000,389200,NFT,Lifestyle,Tech/Gaming
770,deolaneb_,DEOLANE BEZERRA ⚖️,,6300000,Brazil,206100,512500,,,
771,madisonbaileybabe,Maddie Baby,Lifestyle,6600000,United States,259500,485900,Cinema & Actors/actresses,Lifestyle,Entertainment
772,neeraj____chopra,Neeraj Chopra,Shows,6200000,India,389200,510100,Winter sports,Entertainment,Sports
773,mrunalthakur,Mrunal Thakur,Beauty,6400000,India,352600,491300,Cinema & Actors/actresses,Beauty/Fashion,Entertainment
774,lacikaysomers,Laci Kay Somers,Music,12200000,United States,152300,260400,Modeling,Music,Beauty/Fashion
775,jaybnow.hr,LIM JAE BEOM,Music,6900000,United States,347900,456600,,Music,
776,yamigautam,Yami Gautam Dhar,Cinema & Actors/actresses,16500000,India,162100,188100,,Entertainment,
777,gioewbank,Giovanna Ewbank,Cinema & Actors/actresses,29400000,Brazil,66200,105700,Modeling,Entertainment,Beauty/Fashion
778,avani,avani,Beauty,18700000,United States,123000,165300,Lifestyle,Beauty/Fashion,Lifestyle
779,roddyricch,,Music,7000000,United States,234800,450700,,Music,
780,mauroicardi,𝕄𝔸𝕌ℝ𝕆 𝕀ℂ𝔸ℝ𝔻𝕀,Sports with a ball,8200000,Italy,236800,379300,,Sports,
781,jenniferwinget1,Jennifer Winget,Cinema & Actors/actresses,13600000,India,187800,228400,,Entertainment,
782,sarahhyland,Sarah Hyland,Cinema & Actors/actresses,10000000,United States,250700,313400,Lifestyle,Entertainment,Lifestyle
783,wayvofficial,WayV,Music,7500000,Indonesia,351800,418900,,Music,
784,meekmill,Meek Mill,Music,22700000,United States,71500,137600,,Music,
785,nodal,Christian Nodal 🇲🇽 🌵💚,Music,9400000,Mexico,229100,336800,,Music,
786,indiaroyale,India Royale,,4600000,United States,233300,691700,,,
787,chrissyteigen,chrissy teigen,Shows,39300000,United States,59800,78000,Modeling,Entertainment,Beauty/Fashion
788,kyrieirving,Hélà,Sports with a ball,17300000,United States,117200,177000,,Sports,
789,ahmedabohashima,Ahmed Abouhashima,Business & Careers,17300000,Egypt,130300,175900,Finance & Economics,Info/Business,Info/Business
790,l7nnon,L7,Lifestyle,8900000,Brazil,146400,347600,Art/Artists,Lifestyle,Entertainment
791,fadiljaidi,Fadil Jaidi,Lifestyle,8000000,Indonesia,257800,387300,,Lifestyle,
792,jessicajane99,Jessica Jane,Shows,5900000,Indonesia,392800,517800,Modeling,Entertainment,Beauty/Fashion
793,giannis_an34,Giannis Ugo Antetokounmpo,Sports with a ball,13500000,United States,142500,225500,,Sports,
794,egorkreed,Егор Крид | #HeartBreakKid,Music,14700000,Russia,168600,206700,,Music,
795,joerogan,Joe Rogan,Humor & Fun & Happiness,15700000,United States,139800,195000,Cinema & Actors/actresses,Entertainment,Entertainment
796,nancyajram,Nancy Ajram,Music,33200000,Iraq,72000,92100,,Music,
797,woozi_universefactory,WOOZI,,4100000,Indonesia,635800,756500,,,
798,enriqueiglesias,Enrique Iglesias,Music,17100000,India,125900,177800,Art/Artists,Music,Entertainment
799,cocielo,Júlio Cocielo Estaniecki,Cinema & Actors/actresses,19300000,Brazil,99400,155600,,Entertainment,
800,junhui_moon,JUN 文俊辉,Lifestyle,3000000,Indonesia,836800,1000000,Music,Lifestyle,Music
801,vernonline,Vernon 버논,,4700000,Japan,490200,648600,,,
802,miamalkova,Mia Malkova,Cinema & Actors/actresses,11100000,India,200100,271200,,Entertainment,
803,rafakalimann,Rafa Kalimann,Modeling,23100000,Brazil,75100,134900,,Beauty/Fashion,
804,yailinlamasviralreal,Yailin la Mas Viral ♋️🧿,Lifestyle,5700000,United States,382100,547700,,Lifestyle,
805,warriors,Golden State Warriors,Lifestyle,25600000,United States,83900,116300,Sports with a ball,Lifestyle,Sports
806,supercarblondie,Alex - that girl with the Cars,Cars & Motorbikes,10900000,India,173400,274800,,Lifestyle,
807,hm_son7,Son HeungMin(손흥민)🇰🇷,Sports with a ball,7700000,Brazil,241900,393500,,Sports,
808,tarkan,Tarkan,Music,6000000,Turkey,449700,509400,,Music,
809,thiagosilva,Thiago Silva,Sports with a ball,19800000,Brazil,88600,149200,,Sports,
810,dhanushkraja,Dhanush,Cinema & Actors/actresses,5000000,India,465600,602500,,Entertainment,
811,chaelincl,CL,Art/Artists,10300000,Brazil,215000,284400,Fashion,Entertainment,Beauty/Fashion
812,willyrex,Willyrex,Shows,8800000,Spain,285700,338700,,Entertainment,
813,harshasai_,Harsha sai,Shows,3200000,India,820900,935200,,Entertainment,
814,anastasiya_kvitko,AK,Lifestyle,12400000,United States,192800,235900,Modeling,Lifestyle,Beauty/Fashion
815,marimaria,Mari Maria,Beauty,20200000,Brazil,74900,144100,,Beauty/Fashion,
816,yg_treasure_official,TREASURE (트레저),Music,5700000,Indonesia,409200,523000,,Music,
817,jaydacheaves,JAYDA,Clothing & Outfits,7700000,United States,129200,383100,,Beauty/Fashion,
818,trueno,TR1 ⛈,Music,6900000,Argentina,275500,428800,,Music,
819,courteneycoxofficial,Courteney Cox,Cinema & Actors/actresses,12200000,India,180000,237900,,Entertainment,
820,jennifer.garner,Jennifer Garner,Cinema & Actors/actresses,13600000,United States,187700,213100,,Entertainment,
821,sophiedee,Sophie Dee,Adult content,12400000,United States,176300,234900,,Entertainment,
822,kaliuchis,,Music,4000000,United States,419000,723400,,Music,
823,violets.tv,Violet Summers,Adult content,13800000,Italy,153900,211100,,Entertainment,
824,juliopfernandez,J U L I O   P E Ñ A   F. D E Z,Art/Artists,3400000,Brazil,667700,848600,,Entertainment,
825,lilpump,Lil Pump,Music,14900000,United States,121900,190800,,Music,
826,lizzobeeating,Lizzo,Music,13000000,United States,157200,220200,Lifestyle,Music,Lifestyle
827,jordynwoods,HEIR JORDYN,Modeling,12600000,United States,118400,224300,Lifestyle,Beauty/Fashion,Lifestyle
828,armaanmalik,ARMAAN MALIK 🧿,Music,13200000,India,186600,216100,,Music,
829,shaq,DR. SHAQUILLE O'NEAL Ed.D.,Humor & Fun & Happiness,26900000,United States,80700,105900,Sports with a ball,Entertainment,Sports
830,tarajiphenson,taraji p henson,Music,19800000,United States,103300,144600,Cinema & Actors/actresses,Music,Entertainment
831,shxxbi131,B.I,Lifestyle,4100000,Indonesia,605100,708700,,Lifestyle,
832,espn,ESPN,Sports with a ball,23800000,United States,65600,119300,,Sports,
833,riteishd,Riteish Deshmukh,Art/Artists,15500000,India,155900,182100,Cinema & Actors/actresses,Entertainment,Entertainment
834,theroyalfamily,The Royal Family,Family,13000000,Italy,176400,217600,Shows,Lifestyle,Entertainment
835,klarafgcastanho,Klåra Cåstanho,Cinema & Actors/actresses,7400000,Brazil,200100,388100,,Entertainment,
836,mohamedramadanws,Mohamed Ramadan,Music,20500000,Egypt,100800,139200,,Music,
837,valeyellow46,Valentino Rossi,Racing Sports,14100000,Indonesia,152300,198900,,Sports,
838,sthefanematos,STHE ⚓️,Lifestyle,10000000,Brazil,124700,289500,,Lifestyle,
839,kashikakapoor09,Kashika Kapoor,Beauty,9900000,Indonesia,266700,285300,Lifestyle,Beauty/Fashion,Lifestyle
840,lance210,Lance Stewart,Cinema & Actors/actresses,6600000,United States,259800,431100,Humor & Fun & Happiness,Entertainment,Entertainment
841,chieffkeeffsossa,Chief Keef,Music,7800000,United States,197100,364600,,Music,
842,alexis_officia1,Sanchez Alexis,Sports with a ball,14600000,Chile,117300,193600,,Sports,
843,anyageraldine,anya geraldine,Music,11200000,Indonesia,147800,247300,,Music,
844,flay,FLAY 🎙,Lifestyle,7700000,Brazil,177000,369500,Music,Lifestyle,Music
845,sofia9__official,SOFIA ANSARI,Lifestyle,9100000,India,225500,314000,Cinema & Actors/actresses,Lifestyle,Entertainment
846,jenna_chew,JENNA 周甄娜,Fitness & Gym,8200000,United States,279800,341800,,Sports,
847,arishfakhan138,Sayyed Arishfa Khan 💎,Cinema & Actors/actresses,29500000,India,77500,94000,,Entertainment,
848,mohanshakti,Shakti Mohan,Art/Artists,16500000,India,138300,166100,Cinema & Actors/actresses,Entertainment,Entertainment
849,jimmyfallon,Jimmy Fallon,Shows,23100000,United States,94900,118800,Humor & Fun & Happiness,Entertainment,Entertainment
850,iampauloandre,Paulo André 🏁,Photography,9900000,Brazil,102600,290500,Lifestyle,Lifestyle,Lifestyle
851,ewsbdi,로운,,4700000,Indonesia,395900,591800,,,
852,borodylia,Ксения Бородина,Shows,19200000,Russia,115000,141800,Family,Entertainment,Lifestyle
853,natalee.007,Natalie Lee,Modeling,7000000,United States,310800,397200,Music,Beauty/Fashion,Music
854,mterstegen1,Marc ter Stegen,Sports with a ball,13600000,Spain,132400,199500,,Sports,
855,albafloresoficial,Alba Flores,Cinema & Actors/actresses,11500000,Spain,175300,236200,,Entertainment,
856,snejanaonopka15,Snejana Onopka,Modeling,9600000,Brazil,221400,295500,,Beauty/Fashion,
857,saythename_17,SEVENTEEN,Music,10200000,Indonesia,234300,262900,,Music,
858,anas,Anas,Family,5800000,Iraq,367100,476800,Shows,Lifestyle,Entertainment
859,ab,Antonio Brown,Sports with a ball,11300000,United States,118000,241100,,Sports,
860,wdohwan,우도환,Cinema & Actors/actresses,4500000,Indonesia,459300,608800,,Entertainment,
861,actor_jg,배우 이준기 李準基,Cinema & Actors/actresses,6500000,Indonesia,363100,426700,,Entertainment,
862,ashleybenson,Ashley Benson,Modeling,23300000,Brazil,81200,115400,,Beauty/Fashion,
863,letthelordbewithyou,Scott Disick,Lifestyle,27500000,United States,64600,97600,Family,Lifestyle,Lifestyle
864,iiqraaziz,IQRA AZIZ HUSSAIN🇵🇰,Beauty,9000000,India,266500,303800,Modeling,Beauty/Fashion,Beauty/Fashion
865,icc,ICC,Sports with a ball,24300000,India,91700,109700,,Sports,
866,nimratkhairaofficial,NIMRAT KHAIRA,Music,8100000,India,271200,336500,,Music,
867,snoopdogg,snoopdogg,Lifestyle,76400000,United States,24900,35500,Music,Lifestyle,Music
868,zo,Lonzo Ball,Sports with a ball,14700000,United States,101100,182100,,Sports,
869,cnn,CNN,Shows,18100000,United States,107700,148800,Literature & Journalism,Entertainment,Info/Business
870,realshadmehr,Shadmehr Aghili,Music,8200000,Iran,242700,338600,,Music,
871,arcticmonkeys,Arctic Monkeys,Music,4100000,United States,465000,653900,,Music,
872,priyankaamohanofficial,Priyanka Mohan,Photography,3500000,India,660000,757300,Lifestyle,Lifestyle,Lifestyle
873,dacremontgomery,Dacre Montgomery,Cinema & Actors/actresses,8900000,United States,224400,299900,,Entertainment,
874,iamyanetgarcia,Yanet Garcia 🇲🇽,Cinema & Actors/actresses,14900000,Mexico,139600,178200,Modeling,Entertainment,Beauty/Fashion
875,streetartglobe,StreetArtGlobe ™ 😱,Art/Artists,16600000,United States,117700,159900,,Entertainment,
876,maddieziegler,maddie,Cinema & Actors/actresses,13800000,United States,126500,189800,Modeling,Entertainment,Beauty/Fashion
877,_abu_saalim_,ABU SAALIM,Photography,3000000,India,372600,881400,Cinema & Actors/actresses,Lifestyle,Entertainment
878,hannahelzahed,Hannah El-Zahed,Cinema & Actors/actresses,18200000,Egypt,117200,145000,,Entertainment,
879,djokernole,Novak Djokovic,Sports with a ball,11400000,Serbia,187700,230900,,Sports,
880,weareone.exo,EXO Official,Music,10000000,Indonesia,212000,265800,,Music,
881,paollaoliveirareal,Paolla Oliveira,Cinema & Actors/actresses,34900000,Brazil,56700,75100,Lifestyle,Entertainment,Lifestyle
882,trentarnold66,Trent Alexander-Arnold,Lifestyle,7800000,United Kingdom,230400,337500,Sports with a ball,Lifestyle,Sports
883,i_nivethathomas,Nivetha Thomas,Cinema & Actors/actresses,6200000,India,379500,429200,,Entertainment,
884,jeromepolin,Jerome Polin Sijabat ジェローム,Education,7000000,Indonesia,257700,378200,Humor & Fun & Happiness,Info/Business,Entertainment
885,sinavaliollah,Sina Valiollah,Shows,7500000,Iran,282900,356800,,Entertainment,
886,dilettaleotta,🌸Diletta Leotta🌸,Shows,8600000,Italy,206200,307500,,Entertainment,
887,marcoasensio10,Marco Asensio,Sports with a ball,14600000,Spain,115900,177700,,Sports,
888,nidhhiagerwal,Nidhhi Agerwal 🌟,Gaming,25700000,India,84300,101000,Cinema & Actors/actresses,Tech/Gaming,Entertainment
889,ms.sethii,Shilpa Sethi,Modeling,6600000,United States,267800,405100,,Beauty/Fashion,
890,michelle_lewin,Michelle Lewin,Fitness & Gym,15100000,United States,122600,173100,,Sports,
891,galatasaray,Galatasaray,Sports with a ball,11700000,Turkey,183000,221400,,Sports,
892,maxverstappen1,Max Verstappen,Racing Sports,9300000,United States,214400,281900,,Sports,
893,anggayunandareal16,Ucup - The Hacker,Modeling,10500000,Indonesia,169100,244700,,Beauty/Fashion,
894,guaynaa,Guaynaa 🧿,Music,6200000,Mexico,269000,414800,,Music,
895,burnaboygram,Burna Boy,Art/Artists,11500000,Nigeria,121600,223400,Music,Entertainment,Music
896,sergiroberto,Sergi Roberto,Sports with a ball,7600000,Spain,215600,339700,,Sports,
897,rakulpreet,Rakul Singh,Cinema & Actors/actresses,22400000,India,96200,113100,Modeling,Entertainment,Beauty/Fashion
898,lalioficial,LALI❤️‍🔥,Music,11100000,Argentina,160600,229500,,Music,
899,aslisona,Sonakshi Sinha,Cinema & Actors/actresses,23300000,India,90200,109100,Lifestyle,Entertainment,Lifestyle
900,dear.zia,𝑓𝑟𝑒𝑒𝑧𝑖𝑎 .🌼,,3700000,South Korea,612500,688400,,,
901,dominicfike,,Music,3400000,United States,391000,743600,,Music,
902,tamannaahspeaks,Tamannaah Bhatia,Music,17800000,India,121300,141600,Cinema & Actors/actresses,Music,Entertainment
903,kikakim,Kristina Kim,Lifestyle,7100000,Kazakhstan,273600,362100,Music,Lifestyle,Music
904,rubyrose,Ruby Rose,Modeling,20300000,United States,93900,124000,,Beauty/Fashion,
905,thegirljt,JT😸,Music,5800000,United States,161000,441100,,Music,
906,huddy,Chase Hudson,Lifestyle,11500000,United States,157500,217200,Art/Artists,Lifestyle,Entertainment
907,prideofgypsies,Jason Momoa,Cinema & Actors/actresses,17200000,United States,114200,146800,,Entertainment,
908,jscmila,Jessica Mila Agnesia,Beauty,22300000,Indonesia,84100,111600,Modeling,Beauty/Fashion,Beauty/Fashion
909,normani,Normani,Music,7300000,United States,223200,349000,,Music,
910,t22felton,Tom Felton,Music,11900000,United States,162600,210600,Cinema & Actors/actresses,Music,Entertainment
911,rey_mbayang,REY MBAYANG,Music,5100000,Indonesia,303200,493000,,Music,
912,kh1000le,CHENLE ZHONG,Music,1900000,,0,1300000,,Music,
913,qk20,عبدالكريم الهندال الهاشمي - مجلة وضحة,Family,11100000,India,212300,223800,Business & Careers,Lifestyle,Info/Business
914,aoc,Alexandria Ocasio-Cortez,Finance & Economics,8700000,United States,235400,294400,,Info/Business,
915,mirandacosgrove,Miranda Cosgrove,Music,9800000,Brazil,164400,256900,Cinema & Actors/actresses,Music,Entertainment
916,debbyryan,Debby Ryan,Music,16600000,United States,102800,149600,Cinema & Actors/actresses,Music,Entertainment
917,thiago6,Thiago Alcantara,Sports with a ball,9900000,United Kingdom,147800,253500,,Sports,
918,theamitbhadana,Amit Bhadana ( अमित भड़ाना ),Shows,8500000,India,241300,296500,,Entertainment,
919,jacksepticeye,Jacksepticeye,Computers & Gadgets,7900000,United States,274200,318200,Machinery & Technologies,Tech/Gaming,Tech/Gaming
920,dagelan,Dagelan,Humor & Fun & Happiness,21100000,Indonesia,70000,118100,,Entertainment,
921,alvaromorata,Álvaro Morata,Sports with a ball,18000000,Italy,88500,136900,Literature & Journalism,Sports,Info/Business
922,laurenjauregui,Lauren Jauregui,Music,10800000,United States,155500,229700,,Music,
923,rondarousey,Ronda Rousey,Cinema & Actors/actresses,15900000,United States,115600,154900,,Entertainment,
924,bypamella,BY PAMELLA ✨🧿,Shows,9900000,Brazil,147900,253500,,Entertainment,
925,riyadmahrez26.7,RM26,Sports with a ball,9200000,Algeria,210100,270600,,Sports,
926,bowerjamie,ᴊᴀᴍɪᴇ ᴄᴀᴍᴘʙᴇʟʟ ʙᴏᴡᴇʀ,Cinema & Actors/actresses,5500000,Italy,337900,450400,,Entertainment,
927,dearra,De'arra Taylor,,6300000,United States,159500,397400,,,
928,hustlemantherapper,Hustleman 💫,Lifestyle,10100000,United States,219000,241400,,Lifestyle,
929,yuzi_chahal23,Yuzvendra Chahal,Lifestyle,8200000,India,247900,301900,Sports with a ball,Lifestyle,Sports
930,fifaworldcup,FIFA World Cup,Sports with a ball,29100000,India,55700,84100,,Sports,
931,rjkarishma,RJ Karishma,Humor & Fun & Happiness,3700000,India,529900,676500,Cinema & Actors/actresses,Entertainment,Entertainment
932,ricky_martin,Ricky Martin,Music,17300000,Argentina,105500,141600,,Music,
933,nabilla,Nabilla Vergara ✨,Beauty,8000000,France,223900,308100,,Beauty/Fashion,
934,isaias,Isaías,Lifestyle,9000000,Brazil,155600,272600,,Lifestyle,
935,karolsevillaofc,KAROL SEVILLA,Cinema & Actors/actresses,15100000,Brazil,127100,160700,,Entertainment,
936,gucci,,Accessories & Jewellery,49000000,United States,37200,49300,Clothing & Outfits,Beauty/Fashion,Beauty/Fashion
937,sabinahidalgo,Sabina Hidalgo,Lifestyle,4800000,Brazil,432900,519300,Music,Lifestyle,Music
938,_chaechae_1,김채원 (CHAEWON),Lifestyle,2900000,South Korea,699300,841000,,Lifestyle,
939,hyeri_0609,혜리,Music,7300000,South Korea,277700,334500,,Music,
940,nadin_serovski,Nadin Serovski,Family,9400000,Russia,189300,259300,Lifestyle,Lifestyle,Lifestyle
941,lynaritaa,Lyna Perez,Lifestyle,9100000,United States,205500,271300,,Lifestyle,
942,maudeapatow,Maude Apatow,Lifestyle,4800000,United States,304700,504300,Cinema & Actors/actresses,Lifestyle,Entertainment
943,gongyoo_official,공유 gongyoo official,Lifestyle,3600000,Indonesia,537900,675700,,Lifestyle,
944,christian_fig,Christian Figueiredo,Cinema & Actors/actresses,10800000,Brazil,142400,221800,Lifestyle,Entertainment,Lifestyle
945,arashi_5_official,ARASHI,,4400000,Japan,542500,565200,,,
946,soyturkrabia,Rabia,,2800000,Turkey,615400,864300,,,
947,disney,Disney,Shows,34400000,United States,57500,69300,,Entertainment,
948,333cyj333,Ars 🎗,Music,6700000,Thailand,304200,362400,,Music,
949,soycintiacossio,Cintia Cossio,Modeling,5800000,Colombia,337400,421100,Adult content,Beauty/Fashion,Entertainment
950,anthonyjoshua,,Fitness & Gym,14400000,United Kingdom,123000,167300,,Sports,
951,reynmen,reyn,Music,7100000,Turkey,266600,339600,Cinema & Actors/actresses,Music,Entertainment
952,ykaaar,Damiano David/Måneskin,Art/Artists,5200000,Italy,336700,462000,Cinema & Actors/actresses,Entertainment,Entertainment
953,jessica.syj,Jessica Jung,Modeling,10900000,Indonesia,178400,218900,Beauty,Beauty/Fashion,Beauty/Fashion
954,landonorris,Lando Norris,Racing Sports,5800000,Italy,328300,413700,Cars & Motorbikes,Sports,Lifestyle
955,ashleygraham,A S H L E Y  G R A H A M,Modeling,19100000,United States,93200,123200,,Beauty/Fashion,
956,ler_chek,Валерия Чекалина,Lifestyle,10500000,Russia,174600,225100,Beauty,Lifestyle,Beauty/Fashion
957,bmw,BMW,Cars & Motorbikes,33800000,Iran,53200,69500,,Lifestyle,
958,joesthetics,Jo Lindner,Fitness & Gym,7800000,India,200900,306000,,Sports,
959,maitreyiramakrishnan,Maitreyi Ramakrishnan,Photography,3900000,Brazil,413200,604300,Cinema & Actors/actresses,Lifestyle,Entertainment
960,ateez_official_,ATEEZ(에이티즈),,7000000,United States,294400,337700,,,
961,myriamfares,Myriam Fares,Music,20900000,Iraq,82100,111100,,Music,
962,saaihalilintar,SAAIH HALILINTAR,Business & Careers,5000000,Indonesia,377500,468400,Shows,Info/Business,Entertainment
963,salshabillaadr,Salshabilla adriani,Music,14400000,Indonesia,100200,160200,Cinema & Actors/actresses,Music,Entertainment
964,cemrebaysel,Cemre,Lifestyle,3600000,Turkey,489400,658300,,Lifestyle,
965,hasnaink07,Hasnain khan,Gaming,13100000,India,143300,179300,,Tech/Gaming,
966,arsenal,Arsenal,Sports with a ball,22900000,United Kingdom,66800,100800,,Sports,
967,piawurtzbach,Pia Wurtzbach,Beauty,13900000,Philippines,137100,165300,Modeling,Beauty/Fashion,Beauty/Fashion
968,tamaaev,Тамаев Асхаб,Fitness & Gym,5100000,Russia,324800,457600,,Sports,
969,eunbining0904,박은빈,Music,2900000,South Korea,690100,814700,,Music,
970,tarasutaria,TARA💫,Cinema & Actors/actresses,8200000,India,226900,285800,,Entertainment,
971,viking.barbie,Viking Barbie⚔,Adult content,11500000,United States,131500,200900,,Entertainment,
972,brycehall,Bryce Hall,Music,7200000,United States,252300,324000,,Music,
973,illusomina,Shinmina,Cinema & Actors/actresses,4500000,Indonesia,412700,514800,,Entertainment,
974,sahilkhan,India’s Youth & Fitness IC⭕️N®,Fitness & Gym,10900000,India,154800,210000,,Sports,
975,julienco_,! Julian,Lifestyle,6400000,Germany,294600,362900,Family,Lifestyle,Lifestyle
976,____kimwoobin,김우빈,Lifestyle,3900000,Indonesia,452800,597300,,Lifestyle,
977,aidanrgallagher,Aidan R Gallagher,Music,7700000,Mexico,250400,301300,,Music,
978,mccabelinho,LITTLE HAIR,Lifestyle,5400000,Brazil,218900,431900,Music,Lifestyle,Music
979,stebinben,Stebin Ben,Music,11900000,India,155000,190200,Lifestyle,Music,Lifestyle
980,optimushwang,황민현,Lifestyle,4400000,South Korea,444000,529200,,Lifestyle,
981,divyankatripathidahiya,Divyanka Tripathi Dahiya,Shows,21100000,India,93300,107800,Cinema & Actors/actresses,Entertainment,Entertainment
982,aycaaysinturan,Ayça Ayşin Turan,Cinema & Actors/actresses,6000000,Turkey,289800,387600,,Entertainment,
983,officialslystallone,Sly Stallone,Art/Artists,15200000,United States,118100,149100,Cinema & Actors/actresses,Entertainment,Entertainment
984,haifa_hassony,هيفاء حسوني Haifa Hassony,Modeling,15100000,Iraq,112700,150400,Fitness & Gym,Beauty/Fashion,Sports
985,feid,FERXXO,Music,5000000,Colombia,220800,457200,,Music,
986,03_hu,박지후,Lifestyle,4200000,South Korea,441600,541600,,Lifestyle,
987,nameisnani,Nani,Humor & Fun & Happiness,5300000,India,396400,427900,Cinema & Actors/actresses,Entertainment,Entertainment
988,_hakkencoser_,Hakken 八犬,Gaming,3700000,United States,500200,611300,Photography,Tech/Gaming,Lifestyle
989,kyliecosmetics,Kylie Cosmetics,Beauty,26000000,United States,59800,86100,Shopping & Retail,Beauty/Fashion,Beauty/Fashion
990,kawtarbamo,KAWTAR BA-MOHAMED كوثر بامو,Cinema & Actors/actresses,7600000,Morocco,220600,298900,,Entertainment,
991,jimena.jimenezr,Jimena,,5900000,Mexico,265600,383400,,,
992,hank_says_hank,Hank 행크,,3300000,South Korea,576700,676800,,,
993,taylor_hill,Taylor Hill,Art/Artists,20800000,United States,71600,106900,Fashion,Entertainment,Beauty/Fashion
994,epa_colombia,EPA COLOMBIA,,5100000,Colombia,322200,443200,,,
995,beberexha,Bebe Rexha,Music,10700000,India,139500,206300,Lifestyle,Music,Lifestyle
996,thenewclassic,Iggy Azalea,Music,16700000,United States,82100,132800,,Music,
997,min.nicha,MINNIE,Lifestyle,4200000,Thailand,385500,526600,Music,Lifestyle,Music
998,francety,Francia James,Adult content,11400000,India,149900,196600,,Entertainment,
999,silambarasantrofficial,Silambarasan TR,Shows,10200000,India,169600,216600,Lifestyle,Entertainment,Lifestyle
1000,lalala_lfamily,Lfamily,Music,2500000,Thailand,752900,900400,,Music,
